# Furnished room revision 8. Metres, Z up. See README.
o Podlaha
v -0.100000 -0.150000 -0.100000
v -0.100000 -0.150000 0.000000
v -0.100000 3.649656 -0.100000
v -0.100000 3.649656 0.000000
v 6.119999 -0.150000 -0.100000
v 6.119999 -0.150000 0.000000
v 6.119999 3.649656 -0.100000
v 6.119999 3.649656 0.000000
f 2 4 1
f 5 2 1
f 1 4 3
f 3 5 1
f 2 8 4
f 6 2 5
f 6 8 2
f 4 8 3
f 7 5 3
f 3 8 7
f 7 6 5
f 8 6 7
o Severni_stena
v -0.100000 3.449656 0.000000
v -0.100000 3.449656 2.600000
v -0.100000 3.649656 0.000000
v -0.100000 3.649656 2.600000
v 6.119999 3.449656 0.000000
v 6.119999 3.449656 2.600000
v 6.119999 3.649656 0.000000
v 6.119999 3.649656 2.600000
f 10 12 9
f 13 10 9
f 9 12 11
f 11 13 9
f 10 16 12
f 14 10 13
f 14 16 10
f 12 16 11
f 15 13 11
f 11 16 15
f 15 14 13
f 16 14 15
o Zapadni_pricka
v -0.100000 0.000000 0.000000
v -0.100000 0.000000 2.600000
v -0.100000 3.449656 0.000000
v -0.100000 3.449656 2.600000
v 0.000000 0.000000 0.000000
v 0.000000 0.000000 2.600000
v 0.000000 3.449656 0.000000
v 0.000000 3.449656 2.600000
f 18 20 17
f 21 18 17
f 17 20 19
f 19 21 17
f 18 24 20
f 22 18 21
f 22 24 18
f 20 24 19
f 23 21 19
f 19 24 23
f 23 22 21
f 24 22 23
o Jizni_stena_1
v 0.000000 -0.150000 0.000000
v 0.000000 -0.150000 2.600000
v 0.000000 0.000000 0.000000
v 0.000000 0.000000 2.600000
v 0.110395 -0.150000 0.000000
v 0.110395 -0.150000 2.600000
v 0.110395 0.000000 0.000000
v 0.110395 0.000000 2.600000
f 26 28 25
f 29 26 25
f 25 28 27
f 27 29 25
f 26 32 28
f 30 26 29
f 30 32 26
f 28 32 27
f 31 29 27
f 27 32 31
f 31 30 29
f 32 30 31
o Jizni_stena_2
v 1.010395 -0.150000 0.000000
v 1.010395 -0.150000 2.600000
v 1.010395 0.000000 0.000000
v 1.010395 0.000000 2.600000
v 3.754259 -0.150000 0.000000
v 3.754259 -0.150000 2.600000
v 3.754259 0.000000 0.000000
v 3.754259 0.000000 2.600000
f 34 36 33
f 37 34 33
f 33 36 35
f 35 37 33
f 34 40 36
f 38 34 37
f 38 40 34
f 36 40 35
f 39 37 35
f 35 40 39
f 39 38 37
f 40 38 39
o Jizni_stena_3
v 4.554259 -0.150000 0.000000
v 4.554259 -0.150000 2.600000
v 4.554259 0.000000 0.000000
v 4.554259 0.000000 2.600000
v 5.869999 -0.150000 0.000000
v 5.869999 -0.150000 2.600000
v 5.869999 0.000000 0.000000
v 5.869999 0.000000 2.600000
f 42 44 41
f 45 42 41
f 41 44 43
f 43 45 41
f 42 48 44
f 46 42 45
f 46 48 42
f 44 48 43
f 47 45 43
f 43 48 47
f 47 46 45
f 48 46 47
o Nadprazi_dveri_1
v 0.110395 -0.150000 2.050000
v 0.110395 -0.150000 2.600000
v 0.110395 0.000000 2.050000
v 0.110395 0.000000 2.600000
v 1.010395 -0.150000 2.050000
v 1.010395 -0.150000 2.600000
v 1.010395 0.000000 2.050000
v 1.010395 0.000000 2.600000
f 50 52 49
f 53 50 49
f 49 52 51
f 51 53 49
f 50 56 52
f 54 50 53
f 54 56 50
f 52 56 51
f 55 53 51
f 51 56 55
f 55 54 53
f 56 54 55
o Nadprazi_dveri_2
v 3.754259 -0.150000 2.050000
v 3.754259 -0.150000 2.600000
v 3.754259 0.000000 2.050000
v 3.754259 0.000000 2.600000
v 4.554259 -0.150000 2.050000
v 4.554259 -0.150000 2.600000
v 4.554259 0.000000 2.050000
v 4.554259 0.000000 2.600000
f 58 60 57
f 61 58 57
f 57 60 59
f 59 61 57
f 58 64 60
f 62 58 61
f 62 64 58
f 60 64 59
f 63 61 59
f 59 64 63
f 63 62 61
f 64 62 63
o Vychodni_stena_dolni
v 5.869999 0.000000 0.000000
v 5.869999 0.000000 2.600000
v 5.869999 0.712934 0.000000
v 5.869999 0.712934 2.600000
v 6.119999 0.000000 0.000000
v 6.119999 0.000000 2.600000
v 6.119999 0.712934 0.000000
v 6.119999 0.712934 2.600000
f 66 68 65
f 69 66 65
f 65 68 67
f 67 69 65
f 66 72 68
f 70 66 69
f 70 72 66
f 68 72 67
f 71 69 67
f 67 72 71
f 71 70 69
f 72 70 71
o Vychodni_stena_horni
v 5.869999 2.712934 0.000000
v 5.869999 2.712934 2.600000
v 5.869999 3.449656 0.000000
v 5.869999 3.449656 2.600000
v 6.119999 2.712934 0.000000
v 6.119999 2.712934 2.600000
v 6.119999 3.449656 0.000000
v 6.119999 3.449656 2.600000
f 74 76 73
f 77 74 73
f 73 76 75
f 75 77 73
f 74 80 76
f 78 74 77
f 78 80 74
f 76 80 75
f 79 77 75
f 75 80 79
f 79 78 77
f 80 78 79
o Parapetni_stena_-_odhad_vysky
v 5.869999 0.712934 0.000000
v 5.869999 0.712934 0.900000
v 5.869999 2.712934 0.000000
v 5.869999 2.712934 0.900000
v 6.119999 0.712934 0.000000
v 6.119999 0.712934 0.900000
v 6.119999 2.712934 0.000000
v 6.119999 2.712934 0.900000
f 82 84 81
f 85 82 81
f 81 84 83
f 83 85 81
f 82 88 84
f 86 82 85
f 86 88 82
f 84 88 83
f 87 85 83
f 83 88 87
f 87 86 85
f 88 86 87
o Nadprazi_okna_-_odhad_vysky
v 5.869999 0.712934 2.100000
v 5.869999 0.712934 2.600000
v 5.869999 2.712934 2.100000
v 5.869999 2.712934 2.600000
v 6.119999 0.712934 2.100000
v 6.119999 0.712934 2.600000
v 6.119999 2.712934 2.100000
v 6.119999 2.712934 2.600000
f 90 92 89
f 93 90 89
f 89 92 91
f 91 93 89
f 90 96 92
f 94 90 93
f 94 96 90
f 92 96 91
f 95 93 91
f 91 96 95
f 95 94 93
f 96 94 95
o Orientacni_ram_1_dolni
v 5.974999 0.712934 0.900000
v 5.974999 0.712934 0.945000
v 5.974999 1.312934 0.900000
v 5.974999 1.312934 0.945000
v 6.034999 0.712934 0.900000
v 6.034999 0.712934 0.945000
v 6.034999 1.312934 0.900000
v 6.034999 1.312934 0.945000
f 98 100 97
f 101 98 97
f 97 100 99
f 99 101 97
f 98 104 100
f 102 98 101
f 102 104 98
f 100 104 99
f 103 101 99
f 99 104 103
f 103 102 101
f 104 102 103
o Orientacni_ram_1_horni
v 5.974999 0.712934 2.055000
v 5.974999 0.712934 2.100000
v 5.974999 1.312934 2.055000
v 5.974999 1.312934 2.100000
v 6.034999 0.712934 2.055000
v 6.034999 0.712934 2.100000
v 6.034999 1.312934 2.055000
v 6.034999 1.312934 2.100000
f 106 108 105
f 109 106 105
f 105 108 107
f 107 109 105
f 106 112 108
f 110 106 109
f 110 112 106
f 108 112 107
f 111 109 107
f 107 112 111
f 111 110 109
f 112 110 111
o Orientacni_ram_1_leva
v 5.974999 0.712934 0.945000
v 5.974999 0.712934 2.055000
v 5.974999 0.757934 0.945000
v 5.974999 0.757934 2.055000
v 6.034999 0.712934 0.945000
v 6.034999 0.712934 2.055000
v 6.034999 0.757934 0.945000
v 6.034999 0.757934 2.055000
f 114 116 113
f 117 114 113
f 113 116 115
f 115 117 113
f 114 120 116
f 118 114 117
f 118 120 114
f 116 120 115
f 119 117 115
f 115 120 119
f 119 118 117
f 120 118 119
o Orientacni_ram_1_prava
v 5.974999 1.267934 0.945000
v 5.974999 1.267934 2.055000
v 5.974999 1.312934 0.945000
v 5.974999 1.312934 2.055000
v 6.034999 1.267934 0.945000
v 6.034999 1.267934 2.055000
v 6.034999 1.312934 0.945000
v 6.034999 1.312934 2.055000
f 122 124 121
f 125 122 121
f 121 124 123
f 123 125 121
f 122 128 124
f 126 122 125
f 126 128 122
f 124 128 123
f 127 125 123
f 123 128 127
f 127 126 125
f 128 126 127
o Orientacni_zaskleni_1
v 5.999999 0.757934 0.945000
v 5.999999 0.757934 2.055000
v 5.999999 1.267934 0.945000
v 5.999999 1.267934 2.055000
v 6.005999 0.757934 0.945000
v 6.005999 0.757934 2.055000
v 6.005999 1.267934 0.945000
v 6.005999 1.267934 2.055000
f 130 132 129
f 133 130 129
f 129 132 131
f 131 133 129
f 130 136 132
f 134 130 133
f 134 136 130
f 132 136 131
f 135 133 131
f 131 136 135
f 135 134 133
f 136 134 135
o Orientacni_ram_2_dolni
v 5.974999 1.312934 0.900000
v 5.974999 1.312934 0.945000
v 5.974999 2.712934 0.900000
v 5.974999 2.712934 0.945000
v 6.034999 1.312934 0.900000
v 6.034999 1.312934 0.945000
v 6.034999 2.712934 0.900000
v 6.034999 2.712934 0.945000
f 138 140 137
f 141 138 137
f 137 140 139
f 139 141 137
f 138 144 140
f 142 138 141
f 142 144 138
f 140 144 139
f 143 141 139
f 139 144 143
f 143 142 141
f 144 142 143
o Orientacni_ram_2_horni
v 5.974999 1.312934 2.055000
v 5.974999 1.312934 2.100000
v 5.974999 2.712934 2.055000
v 5.974999 2.712934 2.100000
v 6.034999 1.312934 2.055000
v 6.034999 1.312934 2.100000
v 6.034999 2.712934 2.055000
v 6.034999 2.712934 2.100000
f 146 148 145
f 149 146 145
f 145 148 147
f 147 149 145
f 146 152 148
f 150 146 149
f 150 152 146
f 148 152 147
f 151 149 147
f 147 152 151
f 151 150 149
f 152 150 151
o Orientacni_ram_2_leva
v 5.974999 1.312934 0.945000
v 5.974999 1.312934 2.055000
v 5.974999 1.357934 0.945000
v 5.974999 1.357934 2.055000
v 6.034999 1.312934 0.945000
v 6.034999 1.312934 2.055000
v 6.034999 1.357934 0.945000
v 6.034999 1.357934 2.055000
f 154 156 153
f 157 154 153
f 153 156 155
f 155 157 153
f 154 160 156
f 158 154 157
f 158 160 154
f 156 160 155
f 159 157 155
f 155 160 159
f 159 158 157
f 160 158 159
o Orientacni_ram_2_prava
v 5.974999 2.667934 0.945000
v 5.974999 2.667934 2.055000
v 5.974999 2.712934 0.945000
v 5.974999 2.712934 2.055000
v 6.034999 2.667934 0.945000
v 6.034999 2.667934 2.055000
v 6.034999 2.712934 0.945000
v 6.034999 2.712934 2.055000
f 162 164 161
f 165 162 161
f 161 164 163
f 163 165 161
f 162 168 164
f 166 162 165
f 166 168 162
f 164 168 163
f 167 165 163
f 163 168 167
f 167 166 165
f 168 166 167
o Orientacni_zaskleni_2
v 5.999999 1.357934 0.945000
v 5.999999 1.357934 2.055000
v 5.999999 2.667934 0.945000
v 5.999999 2.667934 2.055000
v 6.005999 1.357934 0.945000
v 6.005999 1.357934 2.055000
v 6.005999 2.667934 0.945000
v 6.005999 2.667934 2.055000
f 170 172 169
f 173 170 169
f 169 172 171
f 171 173 169
f 170 176 172
f 174 170 173
f 174 176 170
f 172 176 171
f 175 173 171
f 171 176 175
f 175 174 173
f 176 174 175
o Jidelni_stul_-_dubova_deska
v 1.724406 3.404656 0.725000
v 1.723753 3.408777 0.725000
v 1.721859 3.412493 0.725000
v 1.718909 3.415443 0.725000
v 1.715193 3.417337 0.725000
v 0.961072 3.417990 0.725000
v 0.956952 3.417337 0.725000
v 0.953235 3.415443 0.725000
v 0.950285 3.412493 0.725000
v 0.948392 3.408777 0.725000
v 0.947739 2.054656 0.725000
v 0.948392 2.050536 0.725000
v 0.950285 2.046819 0.725000
v 0.953235 2.043869 0.725000
v 0.956952 2.041976 0.725000
v 1.711072 2.041323 0.725000
v 1.715193 2.041976 0.725000
v 1.718909 2.043869 0.725000
v 1.721859 2.046819 0.725000
v 1.723753 2.050536 0.725000
v 1.736072 3.404656 0.736667
v 1.734849 3.412382 0.736667
v 1.731298 3.419351 0.736667
v 1.725767 3.424882 0.736667
v 1.718798 3.428433 0.736667
v 0.961072 3.429656 0.736667
v 0.953347 3.428433 0.736667
v 0.946378 3.424882 0.736667
v 0.940847 3.419351 0.736667
v 0.937296 3.412382 0.736667
v 0.936072 2.054656 0.736667
v 0.937296 2.046931 0.736667
v 0.940847 2.039962 0.736667
v 0.946378 2.034431 0.736667
v 0.953347 2.030880 0.736667
v 1.711072 2.029656 0.736667
v 1.718798 2.030880 0.736667
v 1.725767 2.034431 0.736667
v 1.731298 2.039962 0.736667
v 1.734849 2.046931 0.736667
v 1.736072 3.404656 0.748333
v 1.734849 3.412382 0.748333
v 1.731298 3.419351 0.748333
v 1.725767 3.424882 0.748333
v 1.718798 3.428433 0.748333
v 0.961072 3.429656 0.748333
v 0.953347 3.428433 0.748333
v 0.946378 3.424882 0.748333
v 0.940847 3.419351 0.748333
v 0.937296 3.412382 0.748333
v 0.936072 2.054656 0.748333
v 0.937296 2.046931 0.748333
v 0.940847 2.039962 0.748333
v 0.946378 2.034431 0.748333
v 0.953347 2.030880 0.748333
v 1.711072 2.029656 0.748333
v 1.718798 2.030880 0.748333
v 1.725767 2.034431 0.748333
v 1.731298 2.039962 0.748333
v 1.734849 2.046931 0.748333
v 1.724406 3.404656 0.760000
v 1.723753 3.408777 0.760000
v 1.721859 3.412493 0.760000
v 1.718909 3.415443 0.760000
v 1.715193 3.417337 0.760000
v 0.961072 3.417990 0.760000
v 0.956952 3.417337 0.760000
v 0.953235 3.415443 0.760000
v 0.950285 3.412493 0.760000
v 0.948392 3.408777 0.760000
v 0.947739 2.054656 0.760000
v 0.948392 2.050536 0.760000
v 0.950285 2.046819 0.760000
v 0.953235 2.043869 0.760000
v 0.956952 2.041976 0.760000
v 1.711072 2.041323 0.760000
v 1.715193 2.041976 0.760000
v 1.718909 2.043869 0.760000
v 1.721859 2.046819 0.760000
v 1.723753 2.050536 0.760000
f 177 178 198
f 177 198 197
f 178 179 199
f 178 199 198
f 179 180 200
f 179 200 199
f 180 181 201
f 180 201 200
f 181 182 202
f 181 202 201
f 182 183 203
f 182 203 202
f 183 184 204
f 183 204 203
f 184 185 205
f 184 205 204
f 185 186 206
f 185 206 205
f 186 187 207
f 186 207 206
f 187 188 208
f 187 208 207
f 188 189 209
f 188 209 208
f 189 190 210
f 189 210 209
f 190 191 211
f 190 211 210
f 191 192 212
f 191 212 211
f 192 193 213
f 192 213 212
f 193 194 214
f 193 214 213
f 194 195 215
f 194 215 214
f 195 196 216
f 195 216 215
f 196 177 197
f 196 197 216
f 197 198 218
f 197 218 217
f 198 199 219
f 198 219 218
f 199 200 220
f 199 220 219
f 200 201 221
f 200 221 220
f 201 202 222
f 201 222 221
f 202 203 223
f 202 223 222
f 203 204 224
f 203 224 223
f 204 205 225
f 204 225 224
f 205 206 226
f 205 226 225
f 206 207 227
f 206 227 226
f 207 208 228
f 207 228 227
f 208 209 229
f 208 229 228
f 209 210 230
f 209 230 229
f 210 211 231
f 210 231 230
f 211 212 232
f 211 232 231
f 212 213 233
f 212 233 232
f 213 214 234
f 213 234 233
f 214 215 235
f 214 235 234
f 215 216 236
f 215 236 235
f 216 197 217
f 216 217 236
f 217 218 238
f 217 238 237
f 218 219 239
f 218 239 238
f 219 220 240
f 219 240 239
f 220 221 241
f 220 241 240
f 221 222 242
f 221 242 241
f 222 223 243
f 222 243 242
f 223 224 244
f 223 244 243
f 224 225 245
f 224 245 244
f 225 226 246
f 225 246 245
f 226 227 247
f 226 247 246
f 227 228 248
f 227 248 247
f 228 229 249
f 228 249 248
f 229 230 250
f 229 250 249
f 230 231 251
f 230 251 250
f 231 232 252
f 231 252 251
f 232 233 253
f 232 253 252
f 233 234 254
f 233 254 253
f 234 235 255
f 234 255 254
f 235 236 256
f 235 256 255
f 236 217 237
f 236 237 256
f 177 179 178
f 237 238 239
f 177 180 179
f 237 239 240
f 177 181 180
f 237 240 241
f 177 182 181
f 237 241 242
f 177 183 182
f 237 242 243
f 177 184 183
f 237 243 244
f 177 185 184
f 237 244 245
f 177 186 185
f 237 245 246
f 177 187 186
f 237 246 247
f 177 188 187
f 237 247 248
f 177 189 188
f 237 248 249
f 177 190 189
f 237 249 250
f 177 191 190
f 237 250 251
f 177 192 191
f 237 251 252
f 177 193 192
f 237 252 253
f 177 194 193
f 237 253 254
f 177 195 194
f 237 254 255
f 177 196 195
f 237 255 256
o Noha_stolu_0-0
v 1.001072 2.119656 0.020000
v 1.025072 2.119656 0.020000
v 1.025072 2.119656 0.725000
v 1.001072 2.119656 0.725000
v 1.021857 2.131656 0.020000
v 1.021857 2.131656 0.725000
v 1.013072 2.140441 0.020000
v 1.013072 2.140441 0.725000
v 1.001072 2.143656 0.020000
v 1.001072 2.143656 0.725000
v 0.989072 2.140441 0.020000
v 0.989072 2.140441 0.725000
v 0.980288 2.131656 0.020000
v 0.980288 2.131656 0.725000
v 0.977072 2.119656 0.020000
v 0.977072 2.119656 0.725000
v 0.980288 2.107656 0.020000
v 0.980288 2.107656 0.725000
v 0.989072 2.098872 0.020000
v 0.989072 2.098872 0.725000
v 1.001072 2.095656 0.020000
v 1.001072 2.095656 0.725000
v 1.013072 2.098872 0.020000
v 1.013072 2.098872 0.725000
v 1.021857 2.107656 0.020000
v 1.021857 2.107656 0.725000
f 258 257 261
f 258 261 259
f 259 261 262
f 259 262 260
f 261 257 263
f 261 263 262
f 262 263 264
f 262 264 260
f 263 257 265
f 263 265 264
f 264 265 266
f 264 266 260
f 265 257 267
f 265 267 266
f 266 267 268
f 266 268 260
f 267 257 269
f 267 269 268
f 268 269 270
f 268 270 260
f 269 257 271
f 269 271 270
f 270 271 272
f 270 272 260
f 271 257 273
f 271 273 272
f 272 273 274
f 272 274 260
f 273 257 275
f 273 275 274
f 274 275 276
f 274 276 260
f 275 257 277
f 275 277 276
f 276 277 278
f 276 278 260
f 277 257 279
f 277 279 278
f 278 279 280
f 278 280 260
f 279 257 281
f 279 281 280
f 280 281 282
f 280 282 260
f 281 257 258
f 281 258 282
f 282 258 259
f 282 259 260
o Noha_stolu_0-1
v 1.001072 3.339656 0.020000
v 1.025072 3.339656 0.020000
v 1.025072 3.339656 0.725000
v 1.001072 3.339656 0.725000
v 1.021857 3.351656 0.020000
v 1.021857 3.351656 0.725000
v 1.013072 3.360441 0.020000
v 1.013072 3.360441 0.725000
v 1.001072 3.363656 0.020000
v 1.001072 3.363656 0.725000
v 0.989072 3.360441 0.020000
v 0.989072 3.360441 0.725000
v 0.980288 3.351656 0.020000
v 0.980288 3.351656 0.725000
v 0.977072 3.339656 0.020000
v 0.977072 3.339656 0.725000
v 0.980288 3.327656 0.020000
v 0.980288 3.327656 0.725000
v 0.989072 3.318872 0.020000
v 0.989072 3.318872 0.725000
v 1.001072 3.315656 0.020000
v 1.001072 3.315656 0.725000
v 1.013072 3.318872 0.020000
v 1.013072 3.318872 0.725000
v 1.021857 3.327656 0.020000
v 1.021857 3.327656 0.725000
f 284 283 287
f 284 287 285
f 285 287 288
f 285 288 286
f 287 283 289
f 287 289 288
f 288 289 290
f 288 290 286
f 289 283 291
f 289 291 290
f 290 291 292
f 290 292 286
f 291 283 293
f 291 293 292
f 292 293 294
f 292 294 286
f 293 283 295
f 293 295 294
f 294 295 296
f 294 296 286
f 295 283 297
f 295 297 296
f 296 297 298
f 296 298 286
f 297 283 299
f 297 299 298
f 298 299 300
f 298 300 286
f 299 283 301
f 299 301 300
f 300 301 302
f 300 302 286
f 301 283 303
f 301 303 302
f 302 303 304
f 302 304 286
f 303 283 305
f 303 305 304
f 304 305 306
f 304 306 286
f 305 283 307
f 305 307 306
f 306 307 308
f 306 308 286
f 307 283 284
f 307 284 308
f 308 284 285
f 308 285 286
o Noha_stolu_1-0
v 1.671072 2.119656 0.020000
v 1.695072 2.119656 0.020000
v 1.695072 2.119656 0.725000
v 1.671072 2.119656 0.725000
v 1.691857 2.131656 0.020000
v 1.691857 2.131656 0.725000
v 1.683072 2.140441 0.020000
v 1.683072 2.140441 0.725000
v 1.671072 2.143656 0.020000
v 1.671072 2.143656 0.725000
v 1.659072 2.140441 0.020000
v 1.659072 2.140441 0.725000
v 1.650288 2.131656 0.020000
v 1.650288 2.131656 0.725000
v 1.647072 2.119656 0.020000
v 1.647072 2.119656 0.725000
v 1.650288 2.107656 0.020000
v 1.650288 2.107656 0.725000
v 1.659072 2.098872 0.020000
v 1.659072 2.098872 0.725000
v 1.671072 2.095656 0.020000
v 1.671072 2.095656 0.725000
v 1.683072 2.098872 0.020000
v 1.683072 2.098872 0.725000
v 1.691857 2.107656 0.020000
v 1.691857 2.107656 0.725000
f 310 309 313
f 310 313 311
f 311 313 314
f 311 314 312
f 313 309 315
f 313 315 314
f 314 315 316
f 314 316 312
f 315 309 317
f 315 317 316
f 316 317 318
f 316 318 312
f 317 309 319
f 317 319 318
f 318 319 320
f 318 320 312
f 319 309 321
f 319 321 320
f 320 321 322
f 320 322 312
f 321 309 323
f 321 323 322
f 322 323 324
f 322 324 312
f 323 309 325
f 323 325 324
f 324 325 326
f 324 326 312
f 325 309 327
f 325 327 326
f 326 327 328
f 326 328 312
f 327 309 329
f 327 329 328
f 328 329 330
f 328 330 312
f 329 309 331
f 329 331 330
f 330 331 332
f 330 332 312
f 331 309 333
f 331 333 332
f 332 333 334
f 332 334 312
f 333 309 310
f 333 310 334
f 334 310 311
f 334 311 312
o Noha_stolu_1-1
v 1.671072 3.339656 0.020000
v 1.695072 3.339656 0.020000
v 1.695072 3.339656 0.725000
v 1.671072 3.339656 0.725000
v 1.691857 3.351656 0.020000
v 1.691857 3.351656 0.725000
v 1.683072 3.360441 0.020000
v 1.683072 3.360441 0.725000
v 1.671072 3.363656 0.020000
v 1.671072 3.363656 0.725000
v 1.659072 3.360441 0.020000
v 1.659072 3.360441 0.725000
v 1.650288 3.351656 0.020000
v 1.650288 3.351656 0.725000
v 1.647072 3.339656 0.020000
v 1.647072 3.339656 0.725000
v 1.650288 3.327656 0.020000
v 1.650288 3.327656 0.725000
v 1.659072 3.318872 0.020000
v 1.659072 3.318872 0.725000
v 1.671072 3.315656 0.020000
v 1.671072 3.315656 0.725000
v 1.683072 3.318872 0.020000
v 1.683072 3.318872 0.725000
v 1.691857 3.327656 0.020000
v 1.691857 3.327656 0.725000
f 336 335 339
f 336 339 337
f 337 339 340
f 337 340 338
f 339 335 341
f 339 341 340
f 340 341 342
f 340 342 338
f 341 335 343
f 341 343 342
f 342 343 344
f 342 344 338
f 343 335 345
f 343 345 344
f 344 345 346
f 344 346 338
f 345 335 347
f 345 347 346
f 346 347 348
f 346 348 338
f 347 335 349
f 347 349 348
f 348 349 350
f 348 350 338
f 349 335 351
f 349 351 350
f 350 351 352
f 350 352 338
f 351 335 353
f 351 353 352
f 352 353 354
f 352 354 338
f 353 335 355
f 353 355 354
f 354 355 356
f 354 356 338
f 355 335 357
f 355 357 356
f 356 357 358
f 356 358 338
f 357 335 359
f 357 359 358
f 358 359 360
f 358 360 338
f 359 335 336
f 359 336 360
f 360 336 337
f 360 337 338
o Zidle_1_sedak
v 1.029749 3.125409 0.425000
v 1.026959 3.143023 0.425000
v 1.018863 3.158913 0.425000
v 1.006253 3.171523 0.425000
v 0.990363 3.179619 0.425000
v 0.677752 3.182409 0.425000
v 0.660138 3.179619 0.425000
v 0.644248 3.171523 0.425000
v 0.631638 3.158913 0.425000
v 0.623541 3.143023 0.425000
v 0.620752 2.885405 0.425000
v 0.623541 2.867791 0.425000
v 0.631638 2.851901 0.425000
v 0.644248 2.839291 0.425000
v 0.660138 2.831195 0.425000
v 0.972749 2.828405 0.425000
v 0.990363 2.831195 0.425000
v 1.006253 2.839291 0.425000
v 1.018863 2.851901 0.425000
v 1.026959 2.867791 0.425000
v 1.047749 3.125409 0.443000
v 1.044078 3.148585 0.443000
v 1.033425 3.169493 0.443000
v 1.016833 3.186085 0.443000
v 0.995925 3.196738 0.443000
v 0.677752 3.200409 0.443000
v 0.654575 3.196738 0.443000
v 0.633668 3.186085 0.443000
v 0.617075 3.169493 0.443000
v 0.606422 3.148585 0.443000
v 0.602752 2.885405 0.443000
v 0.606422 2.862229 0.443000
v 0.617075 2.841321 0.443000
v 0.633668 2.824729 0.443000
v 0.654575 2.814076 0.443000
v 0.972749 2.810405 0.443000
v 0.995925 2.814076 0.443000
v 1.016833 2.824729 0.443000
v 1.033425 2.841321 0.443000
v 1.044078 2.862229 0.443000
v 1.047749 3.125409 0.462000
v 1.044078 3.148585 0.462000
v 1.033425 3.169493 0.462000
v 1.016833 3.186085 0.462000
v 0.995925 3.196738 0.462000
v 0.677752 3.200409 0.462000
v 0.654575 3.196738 0.462000
v 0.633668 3.186085 0.462000
v 0.617075 3.169493 0.462000
v 0.606422 3.148585 0.462000
v 0.602752 2.885405 0.462000
v 0.606422 2.862229 0.462000
v 0.617075 2.841321 0.462000
v 0.633668 2.824729 0.462000
v 0.654575 2.814076 0.462000
v 0.972749 2.810405 0.462000
v 0.995925 2.814076 0.462000
v 1.016833 2.824729 0.462000
v 1.033425 2.841321 0.462000
v 1.044078 2.862229 0.462000
v 1.029749 3.125409 0.480000
v 1.026959 3.143023 0.480000
v 1.018863 3.158913 0.480000
v 1.006253 3.171523 0.480000
v 0.990363 3.179619 0.480000
v 0.677752 3.182409 0.480000
v 0.660138 3.179619 0.480000
v 0.644248 3.171523 0.480000
v 0.631638 3.158913 0.480000
v 0.623541 3.143023 0.480000
v 0.620752 2.885405 0.480000
v 0.623541 2.867791 0.480000
v 0.631638 2.851901 0.480000
v 0.644248 2.839291 0.480000
v 0.660138 2.831195 0.480000
v 0.972749 2.828405 0.480000
v 0.990363 2.831195 0.480000
v 1.006253 2.839291 0.480000
v 1.018863 2.851901 0.480000
v 1.026959 2.867791 0.480000
f 361 362 382
f 361 382 381
f 362 363 383
f 362 383 382
f 363 364 384
f 363 384 383
f 364 365 385
f 364 385 384
f 365 366 386
f 365 386 385
f 366 367 387
f 366 387 386
f 367 368 388
f 367 388 387
f 368 369 389
f 368 389 388
f 369 370 390
f 369 390 389
f 370 371 391
f 370 391 390
f 371 372 392
f 371 392 391
f 372 373 393
f 372 393 392
f 373 374 394
f 373 394 393
f 374 375 395
f 374 395 394
f 375 376 396
f 375 396 395
f 376 377 397
f 376 397 396
f 377 378 398
f 377 398 397
f 378 379 399
f 378 399 398
f 379 380 400
f 379 400 399
f 380 361 381
f 380 381 400
f 381 382 402
f 381 402 401
f 382 383 403
f 382 403 402
f 383 384 404
f 383 404 403
f 384 385 405
f 384 405 404
f 385 386 406
f 385 406 405
f 386 387 407
f 386 407 406
f 387 388 408
f 387 408 407
f 388 389 409
f 388 409 408
f 389 390 410
f 389 410 409
f 390 391 411
f 390 411 410
f 391 392 412
f 391 412 411
f 392 393 413
f 392 413 412
f 393 394 414
f 393 414 413
f 394 395 415
f 394 415 414
f 395 396 416
f 395 416 415
f 396 397 417
f 396 417 416
f 397 398 418
f 397 418 417
f 398 399 419
f 398 419 418
f 399 400 420
f 399 420 419
f 400 381 401
f 400 401 420
f 401 402 422
f 401 422 421
f 402 403 423
f 402 423 422
f 403 404 424
f 403 424 423
f 404 405 425
f 404 425 424
f 405 406 426
f 405 426 425
f 406 407 427
f 406 427 426
f 407 408 428
f 407 428 427
f 408 409 429
f 408 429 428
f 409 410 430
f 409 430 429
f 410 411 431
f 410 431 430
f 411 412 432
f 411 432 431
f 412 413 433
f 412 433 432
f 413 414 434
f 413 434 433
f 414 415 435
f 414 435 434
f 415 416 436
f 415 436 435
f 416 417 437
f 416 437 436
f 417 418 438
f 417 438 437
f 418 419 439
f 418 439 438
f 419 420 440
f 419 440 439
f 420 401 421
f 420 421 440
f 361 363 362
f 421 422 423
f 361 364 363
f 421 423 424
f 361 365 364
f 421 424 425
f 361 366 365
f 421 425 426
f 361 367 366
f 421 426 427
f 361 368 367
f 421 427 428
f 361 369 368
f 421 428 429
f 361 370 369
f 421 429 430
f 361 371 370
f 421 430 431
f 361 372 371
f 421 431 432
f 361 373 372
f 421 432 433
f 361 374 373
f 421 433 434
f 361 375 374
f 421 434 435
f 361 376 375
f 421 435 436
f 361 377 376
f 421 436 437
f 361 378 377
f 421 437 438
f 361 379 378
f 421 438 439
f 361 380 379
f 421 439 440
o Zidle_1_noha_0-0
v 0.672752 2.865405 0.015000
v 0.685752 2.865405 0.015000
v 0.685752 2.865405 0.425000
v 0.672752 2.865405 0.425000
v 0.684010 2.871905 0.015000
v 0.684010 2.871905 0.425000
v 0.679252 2.876664 0.015000
v 0.679252 2.876664 0.425000
v 0.672752 2.878405 0.015000
v 0.672752 2.878405 0.425000
v 0.666252 2.876664 0.015000
v 0.666252 2.876664 0.425000
v 0.661493 2.871905 0.015000
v 0.661493 2.871905 0.425000
v 0.659752 2.865405 0.015000
v 0.659752 2.865405 0.425000
v 0.661493 2.858905 0.015000
v 0.661493 2.858905 0.425000
v 0.666252 2.854147 0.015000
v 0.666252 2.854147 0.425000
v 0.672752 2.852405 0.015000
v 0.672752 2.852405 0.425000
v 0.679252 2.854147 0.015000
v 0.679252 2.854147 0.425000
v 0.684010 2.858905 0.015000
v 0.684010 2.858905 0.425000
f 442 441 445
f 442 445 443
f 443 445 446
f 443 446 444
f 445 441 447
f 445 447 446
f 446 447 448
f 446 448 444
f 447 441 449
f 447 449 448
f 448 449 450
f 448 450 444
f 449 441 451
f 449 451 450
f 450 451 452
f 450 452 444
f 451 441 453
f 451 453 452
f 452 453 454
f 452 454 444
f 453 441 455
f 453 455 454
f 454 455 456
f 454 456 444
f 455 441 457
f 455 457 456
f 456 457 458
f 456 458 444
f 457 441 459
f 457 459 458
f 458 459 460
f 458 460 444
f 459 441 461
f 459 461 460
f 460 461 462
f 460 462 444
f 461 441 463
f 461 463 462
f 462 463 464
f 462 464 444
f 463 441 465
f 463 465 464
f 464 465 466
f 464 466 444
f 465 441 442
f 465 442 466
f 466 442 443
f 466 443 444
o Zidle_1_noha_0-1
v 0.672752 3.145409 0.015000
v 0.685752 3.145409 0.015000
v 0.685752 3.145409 0.425000
v 0.672752 3.145409 0.425000
v 0.684010 3.151909 0.015000
v 0.684010 3.151909 0.425000
v 0.679252 3.156667 0.015000
v 0.679252 3.156667 0.425000
v 0.672752 3.158409 0.015000
v 0.672752 3.158409 0.425000
v 0.666252 3.156667 0.015000
v 0.666252 3.156667 0.425000
v 0.661493 3.151909 0.015000
v 0.661493 3.151909 0.425000
v 0.659752 3.145409 0.015000
v 0.659752 3.145409 0.425000
v 0.661493 3.138909 0.015000
v 0.661493 3.138909 0.425000
v 0.666252 3.134151 0.015000
v 0.666252 3.134151 0.425000
v 0.672752 3.132409 0.015000
v 0.672752 3.132409 0.425000
v 0.679252 3.134151 0.015000
v 0.679252 3.134151 0.425000
v 0.684010 3.138909 0.015000
v 0.684010 3.138909 0.425000
f 468 467 471
f 468 471 469
f 469 471 472
f 469 472 470
f 471 467 473
f 471 473 472
f 472 473 474
f 472 474 470
f 473 467 475
f 473 475 474
f 474 475 476
f 474 476 470
f 475 467 477
f 475 477 476
f 476 477 478
f 476 478 470
f 477 467 479
f 477 479 478
f 478 479 480
f 478 480 470
f 479 467 481
f 479 481 480
f 480 481 482
f 480 482 470
f 481 467 483
f 481 483 482
f 482 483 484
f 482 484 470
f 483 467 485
f 483 485 484
f 484 485 486
f 484 486 470
f 485 467 487
f 485 487 486
f 486 487 488
f 486 488 470
f 487 467 489
f 487 489 488
f 488 489 490
f 488 490 470
f 489 467 491
f 489 491 490
f 490 491 492
f 490 492 470
f 491 467 468
f 491 468 492
f 492 468 469
f 492 469 470
o Zidle_1_noha_1-0
v 0.977749 2.865405 0.015000
v 0.990749 2.865405 0.015000
v 0.990749 2.865405 0.425000
v 0.977749 2.865405 0.425000
v 0.989007 2.871905 0.015000
v 0.989007 2.871905 0.425000
v 0.984249 2.876664 0.015000
v 0.984249 2.876664 0.425000
v 0.977749 2.878405 0.015000
v 0.977749 2.878405 0.425000
v 0.971249 2.876664 0.015000
v 0.971249 2.876664 0.425000
v 0.966490 2.871905 0.015000
v 0.966490 2.871905 0.425000
v 0.964749 2.865405 0.015000
v 0.964749 2.865405 0.425000
v 0.966490 2.858905 0.015000
v 0.966490 2.858905 0.425000
v 0.971249 2.854147 0.015000
v 0.971249 2.854147 0.425000
v 0.977749 2.852405 0.015000
v 0.977749 2.852405 0.425000
v 0.984249 2.854147 0.015000
v 0.984249 2.854147 0.425000
v 0.989007 2.858905 0.015000
v 0.989007 2.858905 0.425000
f 494 493 497
f 494 497 495
f 495 497 498
f 495 498 496
f 497 493 499
f 497 499 498
f 498 499 500
f 498 500 496
f 499 493 501
f 499 501 500
f 500 501 502
f 500 502 496
f 501 493 503
f 501 503 502
f 502 503 504
f 502 504 496
f 503 493 505
f 503 505 504
f 504 505 506
f 504 506 496
f 505 493 507
f 505 507 506
f 506 507 508
f 506 508 496
f 507 493 509
f 507 509 508
f 508 509 510
f 508 510 496
f 509 493 511
f 509 511 510
f 510 511 512
f 510 512 496
f 511 493 513
f 511 513 512
f 512 513 514
f 512 514 496
f 513 493 515
f 513 515 514
f 514 515 516
f 514 516 496
f 515 493 517
f 515 517 516
f 516 517 518
f 516 518 496
f 517 493 494
f 517 494 518
f 518 494 495
f 518 495 496
o Zidle_1_noha_1-1
v 0.977749 3.145409 0.015000
v 0.990749 3.145409 0.015000
v 0.990749 3.145409 0.425000
v 0.977749 3.145409 0.425000
v 0.989007 3.151909 0.015000
v 0.989007 3.151909 0.425000
v 0.984249 3.156667 0.015000
v 0.984249 3.156667 0.425000
v 0.977749 3.158409 0.015000
v 0.977749 3.158409 0.425000
v 0.971249 3.156667 0.015000
v 0.971249 3.156667 0.425000
v 0.966490 3.151909 0.015000
v 0.966490 3.151909 0.425000
v 0.964749 3.145409 0.015000
v 0.964749 3.145409 0.425000
v 0.966490 3.138909 0.015000
v 0.966490 3.138909 0.425000
v 0.971249 3.134151 0.015000
v 0.971249 3.134151 0.425000
v 0.977749 3.132409 0.015000
v 0.977749 3.132409 0.425000
v 0.984249 3.134151 0.015000
v 0.984249 3.134151 0.425000
v 0.989007 3.138909 0.015000
v 0.989007 3.138909 0.425000
f 520 519 523
f 520 523 521
f 521 523 524
f 521 524 522
f 523 519 525
f 523 525 524
f 524 525 526
f 524 526 522
f 525 519 527
f 525 527 526
f 526 527 528
f 526 528 522
f 527 519 529
f 527 529 528
f 528 529 530
f 528 530 522
f 529 519 531
f 529 531 530
f 530 531 532
f 530 532 522
f 531 519 533
f 531 533 532
f 532 533 534
f 532 534 522
f 533 519 535
f 533 535 534
f 534 535 536
f 534 536 522
f 535 519 537
f 535 537 536
f 536 537 538
f 536 538 522
f 537 519 539
f 537 539 538
f 538 539 540
f 538 540 522
f 539 519 541
f 539 541 540
f 540 541 542
f 540 542 522
f 541 519 543
f 541 543 542
f 542 543 544
f 542 544 522
f 543 519 520
f 543 520 544
f 544 520 521
f 544 521 522
o Zidle_1_operadlo
v 0.637752 3.166409 0.460000
v 0.637066 3.170735 0.460000
v 0.635078 3.174638 0.460000
v 0.631981 3.177735 0.460000
v 0.628078 3.179724 0.460000
v 0.616752 3.180409 0.460000
v 0.612425 3.179724 0.460000
v 0.608523 3.177735 0.460000
v 0.605425 3.174638 0.460000
v 0.603437 3.170735 0.460000
v 0.602752 2.844405 0.460000
v 0.603437 2.840079 0.460000
v 0.605425 2.836176 0.460000
v 0.608523 2.833079 0.460000
v 0.612425 2.831090 0.460000
v 0.623752 2.830405 0.460000
v 0.628078 2.831090 0.460000
v 0.631981 2.833079 0.460000
v 0.635078 2.836176 0.460000
v 0.637066 2.840079 0.460000
v 0.647752 3.166409 0.470000
v 0.646577 3.173825 0.470000
v 0.643168 3.180516 0.470000
v 0.637858 3.185825 0.470000
v 0.631168 3.189234 0.470000
v 0.616752 3.190409 0.470000
v 0.609335 3.189234 0.470000
v 0.602645 3.185825 0.470000
v 0.597335 3.180516 0.470000
v 0.593926 3.173825 0.470000
v 0.592752 2.844405 0.470000
v 0.593926 2.836989 0.470000
v 0.597335 2.830298 0.470000
v 0.602645 2.824989 0.470000
v 0.609335 2.821580 0.470000
v 0.623752 2.820405 0.470000
v 0.631168 2.821580 0.470000
v 0.637858 2.824989 0.470000
v 0.643168 2.830298 0.470000
v 0.646577 2.836989 0.470000
v 0.647752 3.166409 0.830000
v 0.646577 3.173825 0.830000
v 0.643168 3.180516 0.830000
v 0.637858 3.185825 0.830000
v 0.631168 3.189234 0.830000
v 0.616752 3.190409 0.830000
v 0.609335 3.189234 0.830000
v 0.602645 3.185825 0.830000
v 0.597335 3.180516 0.830000
v 0.593926 3.173825 0.830000
v 0.592752 2.844405 0.830000
v 0.593926 2.836989 0.830000
v 0.597335 2.830298 0.830000
v 0.602645 2.824989 0.830000
v 0.609335 2.821580 0.830000
v 0.623752 2.820405 0.830000
v 0.631168 2.821580 0.830000
v 0.637858 2.824989 0.830000
v 0.643168 2.830298 0.830000
v 0.646577 2.836989 0.830000
v 0.637752 3.166409 0.840000
v 0.637066 3.170735 0.840000
v 0.635078 3.174638 0.840000
v 0.631981 3.177735 0.840000
v 0.628078 3.179724 0.840000
v 0.616752 3.180409 0.840000
v 0.612425 3.179724 0.840000
v 0.608523 3.177735 0.840000
v 0.605425 3.174638 0.840000
v 0.603437 3.170735 0.840000
v 0.602752 2.844405 0.840000
v 0.603437 2.840079 0.840000
v 0.605425 2.836176 0.840000
v 0.608523 2.833079 0.840000
v 0.612425 2.831090 0.840000
v 0.623752 2.830405 0.840000
v 0.628078 2.831090 0.840000
v 0.631981 2.833079 0.840000
v 0.635078 2.836176 0.840000
v 0.637066 2.840079 0.840000
f 545 546 566
f 545 566 565
f 546 547 567
f 546 567 566
f 547 548 568
f 547 568 567
f 548 549 569
f 548 569 568
f 549 550 570
f 549 570 569
f 550 551 571
f 550 571 570
f 551 552 572
f 551 572 571
f 552 553 573
f 552 573 572
f 553 554 574
f 553 574 573
f 554 555 575
f 554 575 574
f 555 556 576
f 555 576 575
f 556 557 577
f 556 577 576
f 557 558 578
f 557 578 577
f 558 559 579
f 558 579 578
f 559 560 580
f 559 580 579
f 560 561 581
f 560 581 580
f 561 562 582
f 561 582 581
f 562 563 583
f 562 583 582
f 563 564 584
f 563 584 583
f 564 545 565
f 564 565 584
f 565 566 586
f 565 586 585
f 566 567 587
f 566 587 586
f 567 568 588
f 567 588 587
f 568 569 589
f 568 589 588
f 569 570 590
f 569 590 589
f 570 571 591
f 570 591 590
f 571 572 592
f 571 592 591
f 572 573 593
f 572 593 592
f 573 574 594
f 573 594 593
f 574 575 595
f 574 595 594
f 575 576 596
f 575 596 595
f 576 577 597
f 576 597 596
f 577 578 598
f 577 598 597
f 578 579 599
f 578 599 598
f 579 580 600
f 579 600 599
f 580 581 601
f 580 601 600
f 581 582 602
f 581 602 601
f 582 583 603
f 582 603 602
f 583 584 604
f 583 604 603
f 584 565 585
f 584 585 604
f 585 586 606
f 585 606 605
f 586 587 607
f 586 607 606
f 587 588 608
f 587 608 607
f 588 589 609
f 588 609 608
f 589 590 610
f 589 610 609
f 590 591 611
f 590 611 610
f 591 592 612
f 591 612 611
f 592 593 613
f 592 613 612
f 593 594 614
f 593 614 613
f 594 595 615
f 594 615 614
f 595 596 616
f 595 616 615
f 596 597 617
f 596 617 616
f 597 598 618
f 597 618 617
f 598 599 619
f 598 619 618
f 599 600 620
f 599 620 619
f 600 601 621
f 600 621 620
f 601 602 622
f 601 622 621
f 602 603 623
f 602 623 622
f 603 604 624
f 603 624 623
f 604 585 605
f 604 605 624
f 545 547 546
f 605 606 607
f 545 548 547
f 605 607 608
f 545 549 548
f 605 608 609
f 545 550 549
f 605 609 610
f 545 551 550
f 605 610 611
f 545 552 551
f 605 611 612
f 545 553 552
f 605 612 613
f 545 554 553
f 605 613 614
f 545 555 554
f 605 614 615
f 545 556 555
f 605 615 616
f 545 557 556
f 605 616 617
f 545 558 557
f 605 617 618
f 545 559 558
f 605 618 619
f 545 560 559
f 605 619 620
f 545 561 560
f 605 620 621
f 545 562 561
f 605 621 622
f 545 563 562
f 605 622 623
f 545 564 563
f 605 623 624
o Zidle_2_sedak
v 1.029749 2.560121 0.425000
v 1.026959 2.577735 0.425000
v 1.018863 2.593625 0.425000
v 1.006253 2.606235 0.425000
v 0.990363 2.614331 0.425000
v 0.677752 2.617121 0.425000
v 0.660138 2.614331 0.425000
v 0.644248 2.606235 0.425000
v 0.631638 2.593625 0.425000
v 0.623541 2.577735 0.425000
v 0.620752 2.320118 0.425000
v 0.623541 2.302504 0.425000
v 0.631638 2.286614 0.425000
v 0.644248 2.274004 0.425000
v 0.660138 2.265907 0.425000
v 0.972749 2.263118 0.425000
v 0.990363 2.265907 0.425000
v 1.006253 2.274004 0.425000
v 1.018863 2.286614 0.425000
v 1.026959 2.302504 0.425000
v 1.047749 2.560121 0.443000
v 1.044078 2.583297 0.443000
v 1.033425 2.604205 0.443000
v 1.016833 2.620797 0.443000
v 0.995925 2.631450 0.443000
v 0.677752 2.635121 0.443000
v 0.654575 2.631450 0.443000
v 0.633668 2.620797 0.443000
v 0.617075 2.604205 0.443000
v 0.606422 2.583297 0.443000
v 0.602752 2.320118 0.443000
v 0.606422 2.296941 0.443000
v 0.617075 2.276034 0.443000
v 0.633668 2.259441 0.443000
v 0.654575 2.248788 0.443000
v 0.972749 2.245118 0.443000
v 0.995925 2.248788 0.443000
v 1.016833 2.259441 0.443000
v 1.033425 2.276034 0.443000
v 1.044078 2.296941 0.443000
v 1.047749 2.560121 0.462000
v 1.044078 2.583297 0.462000
v 1.033425 2.604205 0.462000
v 1.016833 2.620797 0.462000
v 0.995925 2.631450 0.462000
v 0.677752 2.635121 0.462000
v 0.654575 2.631450 0.462000
v 0.633668 2.620797 0.462000
v 0.617075 2.604205 0.462000
v 0.606422 2.583297 0.462000
v 0.602752 2.320118 0.462000
v 0.606422 2.296941 0.462000
v 0.617075 2.276034 0.462000
v 0.633668 2.259441 0.462000
v 0.654575 2.248788 0.462000
v 0.972749 2.245118 0.462000
v 0.995925 2.248788 0.462000
v 1.016833 2.259441 0.462000
v 1.033425 2.276034 0.462000
v 1.044078 2.296941 0.462000
v 1.029749 2.560121 0.480000
v 1.026959 2.577735 0.480000
v 1.018863 2.593625 0.480000
v 1.006253 2.606235 0.480000
v 0.990363 2.614331 0.480000
v 0.677752 2.617121 0.480000
v 0.660138 2.614331 0.480000
v 0.644248 2.606235 0.480000
v 0.631638 2.593625 0.480000
v 0.623541 2.577735 0.480000
v 0.620752 2.320118 0.480000
v 0.623541 2.302504 0.480000
v 0.631638 2.286614 0.480000
v 0.644248 2.274004 0.480000
v 0.660138 2.265907 0.480000
v 0.972749 2.263118 0.480000
v 0.990363 2.265907 0.480000
v 1.006253 2.274004 0.480000
v 1.018863 2.286614 0.480000
v 1.026959 2.302504 0.480000
f 625 626 646
f 625 646 645
f 626 627 647
f 626 647 646
f 627 628 648
f 627 648 647
f 628 629 649
f 628 649 648
f 629 630 650
f 629 650 649
f 630 631 651
f 630 651 650
f 631 632 652
f 631 652 651
f 632 633 653
f 632 653 652
f 633 634 654
f 633 654 653
f 634 635 655
f 634 655 654
f 635 636 656
f 635 656 655
f 636 637 657
f 636 657 656
f 637 638 658
f 637 658 657
f 638 639 659
f 638 659 658
f 639 640 660
f 639 660 659
f 640 641 661
f 640 661 660
f 641 642 662
f 641 662 661
f 642 643 663
f 642 663 662
f 643 644 664
f 643 664 663
f 644 625 645
f 644 645 664
f 645 646 666
f 645 666 665
f 646 647 667
f 646 667 666
f 647 648 668
f 647 668 667
f 648 649 669
f 648 669 668
f 649 650 670
f 649 670 669
f 650 651 671
f 650 671 670
f 651 652 672
f 651 672 671
f 652 653 673
f 652 673 672
f 653 654 674
f 653 674 673
f 654 655 675
f 654 675 674
f 655 656 676
f 655 676 675
f 656 657 677
f 656 677 676
f 657 658 678
f 657 678 677
f 658 659 679
f 658 679 678
f 659 660 680
f 659 680 679
f 660 661 681
f 660 681 680
f 661 662 682
f 661 682 681
f 662 663 683
f 662 683 682
f 663 664 684
f 663 684 683
f 664 645 665
f 664 665 684
f 665 666 686
f 665 686 685
f 666 667 687
f 666 687 686
f 667 668 688
f 667 688 687
f 668 669 689
f 668 689 688
f 669 670 690
f 669 690 689
f 670 671 691
f 670 691 690
f 671 672 692
f 671 692 691
f 672 673 693
f 672 693 692
f 673 674 694
f 673 694 693
f 674 675 695
f 674 695 694
f 675 676 696
f 675 696 695
f 676 677 697
f 676 697 696
f 677 678 698
f 677 698 697
f 678 679 699
f 678 699 698
f 679 680 700
f 679 700 699
f 680 681 701
f 680 701 700
f 681 682 702
f 681 702 701
f 682 683 703
f 682 703 702
f 683 684 704
f 683 704 703
f 684 665 685
f 684 685 704
f 625 627 626
f 685 686 687
f 625 628 627
f 685 687 688
f 625 629 628
f 685 688 689
f 625 630 629
f 685 689 690
f 625 631 630
f 685 690 691
f 625 632 631
f 685 691 692
f 625 633 632
f 685 692 693
f 625 634 633
f 685 693 694
f 625 635 634
f 685 694 695
f 625 636 635
f 685 695 696
f 625 637 636
f 685 696 697
f 625 638 637
f 685 697 698
f 625 639 638
f 685 698 699
f 625 640 639
f 685 699 700
f 625 641 640
f 685 700 701
f 625 642 641
f 685 701 702
f 625 643 642
f 685 702 703
f 625 644 643
f 685 703 704
o Zidle_2_noha_0-0
v 0.672752 2.300118 0.015000
v 0.685752 2.300118 0.015000
v 0.685752 2.300118 0.425000
v 0.672752 2.300118 0.425000
v 0.684010 2.306618 0.015000
v 0.684010 2.306618 0.425000
v 0.679252 2.311376 0.015000
v 0.679252 2.311376 0.425000
v 0.672752 2.313118 0.015000
v 0.672752 2.313118 0.425000
v 0.666252 2.311376 0.015000
v 0.666252 2.311376 0.425000
v 0.661493 2.306618 0.015000
v 0.661493 2.306618 0.425000
v 0.659752 2.300118 0.015000
v 0.659752 2.300118 0.425000
v 0.661493 2.293618 0.015000
v 0.661493 2.293618 0.425000
v 0.666252 2.288859 0.015000
v 0.666252 2.288859 0.425000
v 0.672752 2.287118 0.015000
v 0.672752 2.287118 0.425000
v 0.679252 2.288859 0.015000
v 0.679252 2.288859 0.425000
v 0.684010 2.293618 0.015000
v 0.684010 2.293618 0.425000
f 706 705 709
f 706 709 707
f 707 709 710
f 707 710 708
f 709 705 711
f 709 711 710
f 710 711 712
f 710 712 708
f 711 705 713
f 711 713 712
f 712 713 714
f 712 714 708
f 713 705 715
f 713 715 714
f 714 715 716
f 714 716 708
f 715 705 717
f 715 717 716
f 716 717 718
f 716 718 708
f 717 705 719
f 717 719 718
f 718 719 720
f 718 720 708
f 719 705 721
f 719 721 720
f 720 721 722
f 720 722 708
f 721 705 723
f 721 723 722
f 722 723 724
f 722 724 708
f 723 705 725
f 723 725 724
f 724 725 726
f 724 726 708
f 725 705 727
f 725 727 726
f 726 727 728
f 726 728 708
f 727 705 729
f 727 729 728
f 728 729 730
f 728 730 708
f 729 705 706
f 729 706 730
f 730 706 707
f 730 707 708
o Zidle_2_noha_0-1
v 0.672752 2.580121 0.015000
v 0.685752 2.580121 0.015000
v 0.685752 2.580121 0.425000
v 0.672752 2.580121 0.425000
v 0.684010 2.586621 0.015000
v 0.684010 2.586621 0.425000
v 0.679252 2.591380 0.015000
v 0.679252 2.591380 0.425000
v 0.672752 2.593121 0.015000
v 0.672752 2.593121 0.425000
v 0.666252 2.591380 0.015000
v 0.666252 2.591380 0.425000
v 0.661493 2.586621 0.015000
v 0.661493 2.586621 0.425000
v 0.659752 2.580121 0.015000
v 0.659752 2.580121 0.425000
v 0.661493 2.573621 0.015000
v 0.661493 2.573621 0.425000
v 0.666252 2.568863 0.015000
v 0.666252 2.568863 0.425000
v 0.672752 2.567121 0.015000
v 0.672752 2.567121 0.425000
v 0.679252 2.568863 0.015000
v 0.679252 2.568863 0.425000
v 0.684010 2.573621 0.015000
v 0.684010 2.573621 0.425000
f 732 731 735
f 732 735 733
f 733 735 736
f 733 736 734
f 735 731 737
f 735 737 736
f 736 737 738
f 736 738 734
f 737 731 739
f 737 739 738
f 738 739 740
f 738 740 734
f 739 731 741
f 739 741 740
f 740 741 742
f 740 742 734
f 741 731 743
f 741 743 742
f 742 743 744
f 742 744 734
f 743 731 745
f 743 745 744
f 744 745 746
f 744 746 734
f 745 731 747
f 745 747 746
f 746 747 748
f 746 748 734
f 747 731 749
f 747 749 748
f 748 749 750
f 748 750 734
f 749 731 751
f 749 751 750
f 750 751 752
f 750 752 734
f 751 731 753
f 751 753 752
f 752 753 754
f 752 754 734
f 753 731 755
f 753 755 754
f 754 755 756
f 754 756 734
f 755 731 732
f 755 732 756
f 756 732 733
f 756 733 734
o Zidle_2_noha_1-0
v 0.977749 2.300118 0.015000
v 0.990749 2.300118 0.015000
v 0.990749 2.300118 0.425000
v 0.977749 2.300118 0.425000
v 0.989007 2.306618 0.015000
v 0.989007 2.306618 0.425000
v 0.984249 2.311376 0.015000
v 0.984249 2.311376 0.425000
v 0.977749 2.313118 0.015000
v 0.977749 2.313118 0.425000
v 0.971249 2.311376 0.015000
v 0.971249 2.311376 0.425000
v 0.966490 2.306618 0.015000
v 0.966490 2.306618 0.425000
v 0.964749 2.300118 0.015000
v 0.964749 2.300118 0.425000
v 0.966490 2.293618 0.015000
v 0.966490 2.293618 0.425000
v 0.971249 2.288859 0.015000
v 0.971249 2.288859 0.425000
v 0.977749 2.287118 0.015000
v 0.977749 2.287118 0.425000
v 0.984249 2.288859 0.015000
v 0.984249 2.288859 0.425000
v 0.989007 2.293618 0.015000
v 0.989007 2.293618 0.425000
f 758 757 761
f 758 761 759
f 759 761 762
f 759 762 760
f 761 757 763
f 761 763 762
f 762 763 764
f 762 764 760
f 763 757 765
f 763 765 764
f 764 765 766
f 764 766 760
f 765 757 767
f 765 767 766
f 766 767 768
f 766 768 760
f 767 757 769
f 767 769 768
f 768 769 770
f 768 770 760
f 769 757 771
f 769 771 770
f 770 771 772
f 770 772 760
f 771 757 773
f 771 773 772
f 772 773 774
f 772 774 760
f 773 757 775
f 773 775 774
f 774 775 776
f 774 776 760
f 775 757 777
f 775 777 776
f 776 777 778
f 776 778 760
f 777 757 779
f 777 779 778
f 778 779 780
f 778 780 760
f 779 757 781
f 779 781 780
f 780 781 782
f 780 782 760
f 781 757 758
f 781 758 782
f 782 758 759
f 782 759 760
o Zidle_2_noha_1-1
v 0.977749 2.580121 0.015000
v 0.990749 2.580121 0.015000
v 0.990749 2.580121 0.425000
v 0.977749 2.580121 0.425000
v 0.989007 2.586621 0.015000
v 0.989007 2.586621 0.425000
v 0.984249 2.591380 0.015000
v 0.984249 2.591380 0.425000
v 0.977749 2.593121 0.015000
v 0.977749 2.593121 0.425000
v 0.971249 2.591380 0.015000
v 0.971249 2.591380 0.425000
v 0.966490 2.586621 0.015000
v 0.966490 2.586621 0.425000
v 0.964749 2.580121 0.015000
v 0.964749 2.580121 0.425000
v 0.966490 2.573621 0.015000
v 0.966490 2.573621 0.425000
v 0.971249 2.568863 0.015000
v 0.971249 2.568863 0.425000
v 0.977749 2.567121 0.015000
v 0.977749 2.567121 0.425000
v 0.984249 2.568863 0.015000
v 0.984249 2.568863 0.425000
v 0.989007 2.573621 0.015000
v 0.989007 2.573621 0.425000
f 784 783 787
f 784 787 785
f 785 787 788
f 785 788 786
f 787 783 789
f 787 789 788
f 788 789 790
f 788 790 786
f 789 783 791
f 789 791 790
f 790 791 792
f 790 792 786
f 791 783 793
f 791 793 792
f 792 793 794
f 792 794 786
f 793 783 795
f 793 795 794
f 794 795 796
f 794 796 786
f 795 783 797
f 795 797 796
f 796 797 798
f 796 798 786
f 797 783 799
f 797 799 798
f 798 799 800
f 798 800 786
f 799 783 801
f 799 801 800
f 800 801 802
f 800 802 786
f 801 783 803
f 801 803 802
f 802 803 804
f 802 804 786
f 803 783 805
f 803 805 804
f 804 805 806
f 804 806 786
f 805 783 807
f 805 807 806
f 806 807 808
f 806 808 786
f 807 783 784
f 807 784 808
f 808 784 785
f 808 785 786
o Zidle_2_operadlo
v 0.637752 2.601121 0.460000
v 0.637066 2.605447 0.460000
v 0.635078 2.609350 0.460000
v 0.631981 2.612447 0.460000
v 0.628078 2.614436 0.460000
v 0.616752 2.615121 0.460000
v 0.612425 2.614436 0.460000
v 0.608523 2.612447 0.460000
v 0.605425 2.609350 0.460000
v 0.603437 2.605447 0.460000
v 0.602752 2.279118 0.460000
v 0.603437 2.274791 0.460000
v 0.605425 2.270889 0.460000
v 0.608523 2.267791 0.460000
v 0.612425 2.265803 0.460000
v 0.623752 2.265118 0.460000
v 0.628078 2.265803 0.460000
v 0.631981 2.267791 0.460000
v 0.635078 2.270889 0.460000
v 0.637066 2.274791 0.460000
v 0.647752 2.601121 0.470000
v 0.646577 2.608538 0.470000
v 0.643168 2.615228 0.470000
v 0.637858 2.620538 0.470000
v 0.631168 2.623947 0.470000
v 0.616752 2.625121 0.470000
v 0.609335 2.623947 0.470000
v 0.602645 2.620538 0.470000
v 0.597335 2.615228 0.470000
v 0.593926 2.608538 0.470000
v 0.592752 2.279118 0.470000
v 0.593926 2.271701 0.470000
v 0.597335 2.265011 0.470000
v 0.602645 2.259701 0.470000
v 0.609335 2.256292 0.470000
v 0.623752 2.255118 0.470000
v 0.631168 2.256292 0.470000
v 0.637858 2.259701 0.470000
v 0.643168 2.265011 0.470000
v 0.646577 2.271701 0.470000
v 0.647752 2.601121 0.830000
v 0.646577 2.608538 0.830000
v 0.643168 2.615228 0.830000
v 0.637858 2.620538 0.830000
v 0.631168 2.623947 0.830000
v 0.616752 2.625121 0.830000
v 0.609335 2.623947 0.830000
v 0.602645 2.620538 0.830000
v 0.597335 2.615228 0.830000
v 0.593926 2.608538 0.830000
v 0.592752 2.279118 0.830000
v 0.593926 2.271701 0.830000
v 0.597335 2.265011 0.830000
v 0.602645 2.259701 0.830000
v 0.609335 2.256292 0.830000
v 0.623752 2.255118 0.830000
v 0.631168 2.256292 0.830000
v 0.637858 2.259701 0.830000
v 0.643168 2.265011 0.830000
v 0.646577 2.271701 0.830000
v 0.637752 2.601121 0.840000
v 0.637066 2.605447 0.840000
v 0.635078 2.609350 0.840000
v 0.631981 2.612447 0.840000
v 0.628078 2.614436 0.840000
v 0.616752 2.615121 0.840000
v 0.612425 2.614436 0.840000
v 0.608523 2.612447 0.840000
v 0.605425 2.609350 0.840000
v 0.603437 2.605447 0.840000
v 0.602752 2.279118 0.840000
v 0.603437 2.274791 0.840000
v 0.605425 2.270889 0.840000
v 0.608523 2.267791 0.840000
v 0.612425 2.265803 0.840000
v 0.623752 2.265118 0.840000
v 0.628078 2.265803 0.840000
v 0.631981 2.267791 0.840000
v 0.635078 2.270889 0.840000
v 0.637066 2.274791 0.840000
f 809 810 830
f 809 830 829
f 810 811 831
f 810 831 830
f 811 812 832
f 811 832 831
f 812 813 833
f 812 833 832
f 813 814 834
f 813 834 833
f 814 815 835
f 814 835 834
f 815 816 836
f 815 836 835
f 816 817 837
f 816 837 836
f 817 818 838
f 817 838 837
f 818 819 839
f 818 839 838
f 819 820 840
f 819 840 839
f 820 821 841
f 820 841 840
f 821 822 842
f 821 842 841
f 822 823 843
f 822 843 842
f 823 824 844
f 823 844 843
f 824 825 845
f 824 845 844
f 825 826 846
f 825 846 845
f 826 827 847
f 826 847 846
f 827 828 848
f 827 848 847
f 828 809 829
f 828 829 848
f 829 830 850
f 829 850 849
f 830 831 851
f 830 851 850
f 831 832 852
f 831 852 851
f 832 833 853
f 832 853 852
f 833 834 854
f 833 854 853
f 834 835 855
f 834 855 854
f 835 836 856
f 835 856 855
f 836 837 857
f 836 857 856
f 837 838 858
f 837 858 857
f 838 839 859
f 838 859 858
f 839 840 860
f 839 860 859
f 840 841 861
f 840 861 860
f 841 842 862
f 841 862 861
f 842 843 863
f 842 863 862
f 843 844 864
f 843 864 863
f 844 845 865
f 844 865 864
f 845 846 866
f 845 866 865
f 846 847 867
f 846 867 866
f 847 848 868
f 847 868 867
f 848 829 849
f 848 849 868
f 849 850 870
f 849 870 869
f 850 851 871
f 850 871 870
f 851 852 872
f 851 872 871
f 852 853 873
f 852 873 872
f 853 854 874
f 853 874 873
f 854 855 875
f 854 875 874
f 855 856 876
f 855 876 875
f 856 857 877
f 856 877 876
f 857 858 878
f 857 878 877
f 858 859 879
f 858 879 878
f 859 860 880
f 859 880 879
f 860 861 881
f 860 881 880
f 861 862 882
f 861 882 881
f 862 863 883
f 862 883 882
f 863 864 884
f 863 884 883
f 864 865 885
f 864 885 884
f 865 866 886
f 865 886 885
f 866 867 887
f 866 887 886
f 867 868 888
f 867 888 887
f 868 849 869
f 868 869 888
f 809 811 810
f 869 870 871
f 809 812 811
f 869 871 872
f 809 813 812
f 869 872 873
f 809 814 813
f 869 873 874
f 809 815 814
f 869 874 875
f 809 816 815
f 869 875 876
f 809 817 816
f 869 876 877
f 809 818 817
f 869 877 878
f 809 819 818
f 869 878 879
f 809 820 819
f 869 879 880
f 809 821 820
f 869 880 881
f 809 822 821
f 869 881 882
f 809 823 822
f 869 882 883
f 809 824 823
f 869 883 884
f 809 825 824
f 869 884 885
f 809 826 825
f 869 885 886
f 809 827 826
f 869 886 887
f 809 828 827
f 869 887 888
o Zidle_3_sedak
v 2.002152 3.125409 0.425000
v 1.999362 3.143023 0.425000
v 1.991265 3.158913 0.425000
v 1.978655 3.171523 0.425000
v 1.962765 3.179619 0.425000
v 1.650154 3.182409 0.425000
v 1.632540 3.179619 0.425000
v 1.616650 3.171523 0.425000
v 1.604040 3.158913 0.425000
v 1.595944 3.143023 0.425000
v 1.593154 2.885405 0.425000
v 1.595944 2.867791 0.425000
v 1.604040 2.851901 0.425000
v 1.616650 2.839291 0.425000
v 1.632540 2.831195 0.425000
v 1.945152 2.828405 0.425000
v 1.962765 2.831195 0.425000
v 1.978655 2.839291 0.425000
v 1.991265 2.851901 0.425000
v 1.999362 2.867791 0.425000
v 2.020152 3.125409 0.443000
v 2.016481 3.148585 0.443000
v 2.005828 3.169493 0.443000
v 1.989235 3.186085 0.443000
v 1.968328 3.196738 0.443000
v 1.650154 3.200409 0.443000
v 1.626978 3.196738 0.443000
v 1.606070 3.186085 0.443000
v 1.589478 3.169493 0.443000
v 1.578825 3.148585 0.443000
v 1.575154 2.885405 0.443000
v 1.578825 2.862229 0.443000
v 1.589478 2.841321 0.443000
v 1.606070 2.824729 0.443000
v 1.626978 2.814076 0.443000
v 1.945152 2.810405 0.443000
v 1.968328 2.814076 0.443000
v 1.989235 2.824729 0.443000
v 2.005828 2.841321 0.443000
v 2.016481 2.862229 0.443000
v 2.020152 3.125409 0.462000
v 2.016481 3.148585 0.462000
v 2.005828 3.169493 0.462000
v 1.989235 3.186085 0.462000
v 1.968328 3.196738 0.462000
v 1.650154 3.200409 0.462000
v 1.626978 3.196738 0.462000
v 1.606070 3.186085 0.462000
v 1.589478 3.169493 0.462000
v 1.578825 3.148585 0.462000
v 1.575154 2.885405 0.462000
v 1.578825 2.862229 0.462000
v 1.589478 2.841321 0.462000
v 1.606070 2.824729 0.462000
v 1.626978 2.814076 0.462000
v 1.945152 2.810405 0.462000
v 1.968328 2.814076 0.462000
v 1.989235 2.824729 0.462000
v 2.005828 2.841321 0.462000
v 2.016481 2.862229 0.462000
v 2.002152 3.125409 0.480000
v 1.999362 3.143023 0.480000
v 1.991265 3.158913 0.480000
v 1.978655 3.171523 0.480000
v 1.962765 3.179619 0.480000
v 1.650154 3.182409 0.480000
v 1.632540 3.179619 0.480000
v 1.616650 3.171523 0.480000
v 1.604040 3.158913 0.480000
v 1.595944 3.143023 0.480000
v 1.593154 2.885405 0.480000
v 1.595944 2.867791 0.480000
v 1.604040 2.851901 0.480000
v 1.616650 2.839291 0.480000
v 1.632540 2.831195 0.480000
v 1.945152 2.828405 0.480000
v 1.962765 2.831195 0.480000
v 1.978655 2.839291 0.480000
v 1.991265 2.851901 0.480000
v 1.999362 2.867791 0.480000
f 889 890 910
f 889 910 909
f 890 891 911
f 890 911 910
f 891 892 912
f 891 912 911
f 892 893 913
f 892 913 912
f 893 894 914
f 893 914 913
f 894 895 915
f 894 915 914
f 895 896 916
f 895 916 915
f 896 897 917
f 896 917 916
f 897 898 918
f 897 918 917
f 898 899 919
f 898 919 918
f 899 900 920
f 899 920 919
f 900 901 921
f 900 921 920
f 901 902 922
f 901 922 921
f 902 903 923
f 902 923 922
f 903 904 924
f 903 924 923
f 904 905 925
f 904 925 924
f 905 906 926
f 905 926 925
f 906 907 927
f 906 927 926
f 907 908 928
f 907 928 927
f 908 889 909
f 908 909 928
f 909 910 930
f 909 930 929
f 910 911 931
f 910 931 930
f 911 912 932
f 911 932 931
f 912 913 933
f 912 933 932
f 913 914 934
f 913 934 933
f 914 915 935
f 914 935 934
f 915 916 936
f 915 936 935
f 916 917 937
f 916 937 936
f 917 918 938
f 917 938 937
f 918 919 939
f 918 939 938
f 919 920 940
f 919 940 939
f 920 921 941
f 920 941 940
f 921 922 942
f 921 942 941
f 922 923 943
f 922 943 942
f 923 924 944
f 923 944 943
f 924 925 945
f 924 945 944
f 925 926 946
f 925 946 945
f 926 927 947
f 926 947 946
f 927 928 948
f 927 948 947
f 928 909 929
f 928 929 948
f 929 930 950
f 929 950 949
f 930 931 951
f 930 951 950
f 931 932 952
f 931 952 951
f 932 933 953
f 932 953 952
f 933 934 954
f 933 954 953
f 934 935 955
f 934 955 954
f 935 936 956
f 935 956 955
f 936 937 957
f 936 957 956
f 937 938 958
f 937 958 957
f 938 939 959
f 938 959 958
f 939 940 960
f 939 960 959
f 940 941 961
f 940 961 960
f 941 942 962
f 941 962 961
f 942 943 963
f 942 963 962
f 943 944 964
f 943 964 963
f 944 945 965
f 944 965 964
f 945 946 966
f 945 966 965
f 946 947 967
f 946 967 966
f 947 948 968
f 947 968 967
f 948 929 949
f 948 949 968
f 889 891 890
f 949 950 951
f 889 892 891
f 949 951 952
f 889 893 892
f 949 952 953
f 889 894 893
f 949 953 954
f 889 895 894
f 949 954 955
f 889 896 895
f 949 955 956
f 889 897 896
f 949 956 957
f 889 898 897
f 949 957 958
f 889 899 898
f 949 958 959
f 889 900 899
f 949 959 960
f 889 901 900
f 949 960 961
f 889 902 901
f 949 961 962
f 889 903 902
f 949 962 963
f 889 904 903
f 949 963 964
f 889 905 904
f 949 964 965
f 889 906 905
f 949 965 966
f 889 907 906
f 949 966 967
f 889 908 907
f 949 967 968
o Zidle_3_noha_0-0
v 1.645154 2.865405 0.015000
v 1.658154 2.865405 0.015000
v 1.658154 2.865405 0.425000
v 1.645154 2.865405 0.425000
v 1.656413 2.871905 0.015000
v 1.656413 2.871905 0.425000
v 1.651654 2.876664 0.015000
v 1.651654 2.876664 0.425000
v 1.645154 2.878405 0.015000
v 1.645154 2.878405 0.425000
v 1.638654 2.876664 0.015000
v 1.638654 2.876664 0.425000
v 1.633896 2.871905 0.015000
v 1.633896 2.871905 0.425000
v 1.632154 2.865405 0.015000
v 1.632154 2.865405 0.425000
v 1.633896 2.858905 0.015000
v 1.633896 2.858905 0.425000
v 1.638654 2.854147 0.015000
v 1.638654 2.854147 0.425000
v 1.645154 2.852405 0.015000
v 1.645154 2.852405 0.425000
v 1.651654 2.854147 0.015000
v 1.651654 2.854147 0.425000
v 1.656413 2.858905 0.015000
v 1.656413 2.858905 0.425000
f 970 969 973
f 970 973 971
f 971 973 974
f 971 974 972
f 973 969 975
f 973 975 974
f 974 975 976
f 974 976 972
f 975 969 977
f 975 977 976
f 976 977 978
f 976 978 972
f 977 969 979
f 977 979 978
f 978 979 980
f 978 980 972
f 979 969 981
f 979 981 980
f 980 981 982
f 980 982 972
f 981 969 983
f 981 983 982
f 982 983 984
f 982 984 972
f 983 969 985
f 983 985 984
f 984 985 986
f 984 986 972
f 985 969 987
f 985 987 986
f 986 987 988
f 986 988 972
f 987 969 989
f 987 989 988
f 988 989 990
f 988 990 972
f 989 969 991
f 989 991 990
f 990 991 992
f 990 992 972
f 991 969 993
f 991 993 992
f 992 993 994
f 992 994 972
f 993 969 970
f 993 970 994
f 994 970 971
f 994 971 972
o Zidle_3_noha_0-1
v 1.645154 3.145409 0.015000
v 1.658154 3.145409 0.015000
v 1.658154 3.145409 0.425000
v 1.645154 3.145409 0.425000
v 1.656413 3.151909 0.015000
v 1.656413 3.151909 0.425000
v 1.651654 3.156667 0.015000
v 1.651654 3.156667 0.425000
v 1.645154 3.158409 0.015000
v 1.645154 3.158409 0.425000
v 1.638654 3.156667 0.015000
v 1.638654 3.156667 0.425000
v 1.633896 3.151909 0.015000
v 1.633896 3.151909 0.425000
v 1.632154 3.145409 0.015000
v 1.632154 3.145409 0.425000
v 1.633896 3.138909 0.015000
v 1.633896 3.138909 0.425000
v 1.638654 3.134151 0.015000
v 1.638654 3.134151 0.425000
v 1.645154 3.132409 0.015000
v 1.645154 3.132409 0.425000
v 1.651654 3.134151 0.015000
v 1.651654 3.134151 0.425000
v 1.656413 3.138909 0.015000
v 1.656413 3.138909 0.425000
f 996 995 999
f 996 999 997
f 997 999 1000
f 997 1000 998
f 999 995 1001
f 999 1001 1000
f 1000 1001 1002
f 1000 1002 998
f 1001 995 1003
f 1001 1003 1002
f 1002 1003 1004
f 1002 1004 998
f 1003 995 1005
f 1003 1005 1004
f 1004 1005 1006
f 1004 1006 998
f 1005 995 1007
f 1005 1007 1006
f 1006 1007 1008
f 1006 1008 998
f 1007 995 1009
f 1007 1009 1008
f 1008 1009 1010
f 1008 1010 998
f 1009 995 1011
f 1009 1011 1010
f 1010 1011 1012
f 1010 1012 998
f 1011 995 1013
f 1011 1013 1012
f 1012 1013 1014
f 1012 1014 998
f 1013 995 1015
f 1013 1015 1014
f 1014 1015 1016
f 1014 1016 998
f 1015 995 1017
f 1015 1017 1016
f 1016 1017 1018
f 1016 1018 998
f 1017 995 1019
f 1017 1019 1018
f 1018 1019 1020
f 1018 1020 998
f 1019 995 996
f 1019 996 1020
f 1020 996 997
f 1020 997 998
o Zidle_3_noha_1-0
v 1.950152 2.865405 0.015000
v 1.963152 2.865405 0.015000
v 1.963152 2.865405 0.425000
v 1.950152 2.865405 0.425000
v 1.961410 2.871905 0.015000
v 1.961410 2.871905 0.425000
v 1.956652 2.876664 0.015000
v 1.956652 2.876664 0.425000
v 1.950152 2.878405 0.015000
v 1.950152 2.878405 0.425000
v 1.943652 2.876664 0.015000
v 1.943652 2.876664 0.425000
v 1.938893 2.871905 0.015000
v 1.938893 2.871905 0.425000
v 1.937152 2.865405 0.015000
v 1.937152 2.865405 0.425000
v 1.938893 2.858905 0.015000
v 1.938893 2.858905 0.425000
v 1.943652 2.854147 0.015000
v 1.943652 2.854147 0.425000
v 1.950152 2.852405 0.015000
v 1.950152 2.852405 0.425000
v 1.956652 2.854147 0.015000
v 1.956652 2.854147 0.425000
v 1.961410 2.858905 0.015000
v 1.961410 2.858905 0.425000
f 1022 1021 1025
f 1022 1025 1023
f 1023 1025 1026
f 1023 1026 1024
f 1025 1021 1027
f 1025 1027 1026
f 1026 1027 1028
f 1026 1028 1024
f 1027 1021 1029
f 1027 1029 1028
f 1028 1029 1030
f 1028 1030 1024
f 1029 1021 1031
f 1029 1031 1030
f 1030 1031 1032
f 1030 1032 1024
f 1031 1021 1033
f 1031 1033 1032
f 1032 1033 1034
f 1032 1034 1024
f 1033 1021 1035
f 1033 1035 1034
f 1034 1035 1036
f 1034 1036 1024
f 1035 1021 1037
f 1035 1037 1036
f 1036 1037 1038
f 1036 1038 1024
f 1037 1021 1039
f 1037 1039 1038
f 1038 1039 1040
f 1038 1040 1024
f 1039 1021 1041
f 1039 1041 1040
f 1040 1041 1042
f 1040 1042 1024
f 1041 1021 1043
f 1041 1043 1042
f 1042 1043 1044
f 1042 1044 1024
f 1043 1021 1045
f 1043 1045 1044
f 1044 1045 1046
f 1044 1046 1024
f 1045 1021 1022
f 1045 1022 1046
f 1046 1022 1023
f 1046 1023 1024
o Zidle_3_noha_1-1
v 1.950152 3.145409 0.015000
v 1.963152 3.145409 0.015000
v 1.963152 3.145409 0.425000
v 1.950152 3.145409 0.425000
v 1.961410 3.151909 0.015000
v 1.961410 3.151909 0.425000
v 1.956652 3.156667 0.015000
v 1.956652 3.156667 0.425000
v 1.950152 3.158409 0.015000
v 1.950152 3.158409 0.425000
v 1.943652 3.156667 0.015000
v 1.943652 3.156667 0.425000
v 1.938893 3.151909 0.015000
v 1.938893 3.151909 0.425000
v 1.937152 3.145409 0.015000
v 1.937152 3.145409 0.425000
v 1.938893 3.138909 0.015000
v 1.938893 3.138909 0.425000
v 1.943652 3.134151 0.015000
v 1.943652 3.134151 0.425000
v 1.950152 3.132409 0.015000
v 1.950152 3.132409 0.425000
v 1.956652 3.134151 0.015000
v 1.956652 3.134151 0.425000
v 1.961410 3.138909 0.015000
v 1.961410 3.138909 0.425000
f 1048 1047 1051
f 1048 1051 1049
f 1049 1051 1052
f 1049 1052 1050
f 1051 1047 1053
f 1051 1053 1052
f 1052 1053 1054
f 1052 1054 1050
f 1053 1047 1055
f 1053 1055 1054
f 1054 1055 1056
f 1054 1056 1050
f 1055 1047 1057
f 1055 1057 1056
f 1056 1057 1058
f 1056 1058 1050
f 1057 1047 1059
f 1057 1059 1058
f 1058 1059 1060
f 1058 1060 1050
f 1059 1047 1061
f 1059 1061 1060
f 1060 1061 1062
f 1060 1062 1050
f 1061 1047 1063
f 1061 1063 1062
f 1062 1063 1064
f 1062 1064 1050
f 1063 1047 1065
f 1063 1065 1064
f 1064 1065 1066
f 1064 1066 1050
f 1065 1047 1067
f 1065 1067 1066
f 1066 1067 1068
f 1066 1068 1050
f 1067 1047 1069
f 1067 1069 1068
f 1068 1069 1070
f 1068 1070 1050
f 1069 1047 1071
f 1069 1071 1070
f 1070 1071 1072
f 1070 1072 1050
f 1071 1047 1048
f 1071 1048 1072
f 1072 1048 1049
f 1072 1049 1050
o Zidle_3_operadlo
v 2.020152 3.166409 0.460000
v 2.019466 3.170735 0.460000
v 2.017478 3.174638 0.460000
v 2.014381 3.177735 0.460000
v 2.010478 3.179724 0.460000
v 1.999152 3.180409 0.460000
v 1.994825 3.179724 0.460000
v 1.990923 3.177735 0.460000
v 1.987825 3.174638 0.460000
v 1.985837 3.170735 0.460000
v 1.985152 2.844405 0.460000
v 1.985837 2.840079 0.460000
v 1.987825 2.836176 0.460000
v 1.990923 2.833079 0.460000
v 1.994825 2.831090 0.460000
v 2.006152 2.830405 0.460000
v 2.010478 2.831090 0.460000
v 2.014381 2.833079 0.460000
v 2.017478 2.836176 0.460000
v 2.019466 2.840079 0.460000
v 2.030152 3.166409 0.470000
v 2.028977 3.173825 0.470000
v 2.025568 3.180516 0.470000
v 2.020258 3.185825 0.470000
v 2.013568 3.189234 0.470000
v 1.999152 3.190409 0.470000
v 1.991735 3.189234 0.470000
v 1.985045 3.185825 0.470000
v 1.979735 3.180516 0.470000
v 1.976326 3.173825 0.470000
v 1.975152 2.844405 0.470000
v 1.976326 2.836989 0.470000
v 1.979735 2.830298 0.470000
v 1.985045 2.824989 0.470000
v 1.991735 2.821580 0.470000
v 2.006152 2.820405 0.470000
v 2.013568 2.821580 0.470000
v 2.020258 2.824989 0.470000
v 2.025568 2.830298 0.470000
v 2.028977 2.836989 0.470000
v 2.030152 3.166409 0.830000
v 2.028977 3.173825 0.830000
v 2.025568 3.180516 0.830000
v 2.020258 3.185825 0.830000
v 2.013568 3.189234 0.830000
v 1.999152 3.190409 0.830000
v 1.991735 3.189234 0.830000
v 1.985045 3.185825 0.830000
v 1.979735 3.180516 0.830000
v 1.976326 3.173825 0.830000
v 1.975152 2.844405 0.830000
v 1.976326 2.836989 0.830000
v 1.979735 2.830298 0.830000
v 1.985045 2.824989 0.830000
v 1.991735 2.821580 0.830000
v 2.006152 2.820405 0.830000
v 2.013568 2.821580 0.830000
v 2.020258 2.824989 0.830000
v 2.025568 2.830298 0.830000
v 2.028977 2.836989 0.830000
v 2.020152 3.166409 0.840000
v 2.019466 3.170735 0.840000
v 2.017478 3.174638 0.840000
v 2.014381 3.177735 0.840000
v 2.010478 3.179724 0.840000
v 1.999152 3.180409 0.840000
v 1.994825 3.179724 0.840000
v 1.990923 3.177735 0.840000
v 1.987825 3.174638 0.840000
v 1.985837 3.170735 0.840000
v 1.985152 2.844405 0.840000
v 1.985837 2.840079 0.840000
v 1.987825 2.836176 0.840000
v 1.990923 2.833079 0.840000
v 1.994825 2.831090 0.840000
v 2.006152 2.830405 0.840000
v 2.010478 2.831090 0.840000
v 2.014381 2.833079 0.840000
v 2.017478 2.836176 0.840000
v 2.019466 2.840079 0.840000
f 1073 1074 1094
f 1073 1094 1093
f 1074 1075 1095
f 1074 1095 1094
f 1075 1076 1096
f 1075 1096 1095
f 1076 1077 1097
f 1076 1097 1096
f 1077 1078 1098
f 1077 1098 1097
f 1078 1079 1099
f 1078 1099 1098
f 1079 1080 1100
f 1079 1100 1099
f 1080 1081 1101
f 1080 1101 1100
f 1081 1082 1102
f 1081 1102 1101
f 1082 1083 1103
f 1082 1103 1102
f 1083 1084 1104
f 1083 1104 1103
f 1084 1085 1105
f 1084 1105 1104
f 1085 1086 1106
f 1085 1106 1105
f 1086 1087 1107
f 1086 1107 1106
f 1087 1088 1108
f 1087 1108 1107
f 1088 1089 1109
f 1088 1109 1108
f 1089 1090 1110
f 1089 1110 1109
f 1090 1091 1111
f 1090 1111 1110
f 1091 1092 1112
f 1091 1112 1111
f 1092 1073 1093
f 1092 1093 1112
f 1093 1094 1114
f 1093 1114 1113
f 1094 1095 1115
f 1094 1115 1114
f 1095 1096 1116
f 1095 1116 1115
f 1096 1097 1117
f 1096 1117 1116
f 1097 1098 1118
f 1097 1118 1117
f 1098 1099 1119
f 1098 1119 1118
f 1099 1100 1120
f 1099 1120 1119
f 1100 1101 1121
f 1100 1121 1120
f 1101 1102 1122
f 1101 1122 1121
f 1102 1103 1123
f 1102 1123 1122
f 1103 1104 1124
f 1103 1124 1123
f 1104 1105 1125
f 1104 1125 1124
f 1105 1106 1126
f 1105 1126 1125
f 1106 1107 1127
f 1106 1127 1126
f 1107 1108 1128
f 1107 1128 1127
f 1108 1109 1129
f 1108 1129 1128
f 1109 1110 1130
f 1109 1130 1129
f 1110 1111 1131
f 1110 1131 1130
f 1111 1112 1132
f 1111 1132 1131
f 1112 1093 1113
f 1112 1113 1132
f 1113 1114 1134
f 1113 1134 1133
f 1114 1115 1135
f 1114 1135 1134
f 1115 1116 1136
f 1115 1136 1135
f 1116 1117 1137
f 1116 1137 1136
f 1117 1118 1138
f 1117 1138 1137
f 1118 1119 1139
f 1118 1139 1138
f 1119 1120 1140
f 1119 1140 1139
f 1120 1121 1141
f 1120 1141 1140
f 1121 1122 1142
f 1121 1142 1141
f 1122 1123 1143
f 1122 1143 1142
f 1123 1124 1144
f 1123 1144 1143
f 1124 1125 1145
f 1124 1145 1144
f 1125 1126 1146
f 1125 1146 1145
f 1126 1127 1147
f 1126 1147 1146
f 1127 1128 1148
f 1127 1148 1147
f 1128 1129 1149
f 1128 1149 1148
f 1129 1130 1150
f 1129 1150 1149
f 1130 1131 1151
f 1130 1151 1150
f 1131 1132 1152
f 1131 1152 1151
f 1132 1113 1133
f 1132 1133 1152
f 1073 1075 1074
f 1133 1134 1135
f 1073 1076 1075
f 1133 1135 1136
f 1073 1077 1076
f 1133 1136 1137
f 1073 1078 1077
f 1133 1137 1138
f 1073 1079 1078
f 1133 1138 1139
f 1073 1080 1079
f 1133 1139 1140
f 1073 1081 1080
f 1133 1140 1141
f 1073 1082 1081
f 1133 1141 1142
f 1073 1083 1082
f 1133 1142 1143
f 1073 1084 1083
f 1133 1143 1144
f 1073 1085 1084
f 1133 1144 1145
f 1073 1086 1085
f 1133 1145 1146
f 1073 1087 1086
f 1133 1146 1147
f 1073 1088 1087
f 1133 1147 1148
f 1073 1089 1088
f 1133 1148 1149
f 1073 1090 1089
f 1133 1149 1150
f 1073 1091 1090
f 1133 1150 1151
f 1073 1092 1091
f 1133 1151 1152
o Zidle_4_sedak
v 2.002152 2.560121 0.425000
v 1.999362 2.577735 0.425000
v 1.991265 2.593625 0.425000
v 1.978655 2.606235 0.425000
v 1.962765 2.614331 0.425000
v 1.650154 2.617121 0.425000
v 1.632540 2.614331 0.425000
v 1.616650 2.606235 0.425000
v 1.604040 2.593625 0.425000
v 1.595944 2.577735 0.425000
v 1.593154 2.320118 0.425000
v 1.595944 2.302504 0.425000
v 1.604040 2.286614 0.425000
v 1.616650 2.274004 0.425000
v 1.632540 2.265907 0.425000
v 1.945152 2.263118 0.425000
v 1.962765 2.265907 0.425000
v 1.978655 2.274004 0.425000
v 1.991265 2.286614 0.425000
v 1.999362 2.302504 0.425000
v 2.020152 2.560121 0.443000
v 2.016481 2.583297 0.443000
v 2.005828 2.604205 0.443000
v 1.989235 2.620797 0.443000
v 1.968328 2.631450 0.443000
v 1.650154 2.635121 0.443000
v 1.626978 2.631450 0.443000
v 1.606070 2.620797 0.443000
v 1.589478 2.604205 0.443000
v 1.578825 2.583297 0.443000
v 1.575154 2.320118 0.443000
v 1.578825 2.296941 0.443000
v 1.589478 2.276034 0.443000
v 1.606070 2.259441 0.443000
v 1.626978 2.248788 0.443000
v 1.945152 2.245118 0.443000
v 1.968328 2.248788 0.443000
v 1.989235 2.259441 0.443000
v 2.005828 2.276034 0.443000
v 2.016481 2.296941 0.443000
v 2.020152 2.560121 0.462000
v 2.016481 2.583297 0.462000
v 2.005828 2.604205 0.462000
v 1.989235 2.620797 0.462000
v 1.968328 2.631450 0.462000
v 1.650154 2.635121 0.462000
v 1.626978 2.631450 0.462000
v 1.606070 2.620797 0.462000
v 1.589478 2.604205 0.462000
v 1.578825 2.583297 0.462000
v 1.575154 2.320118 0.462000
v 1.578825 2.296941 0.462000
v 1.589478 2.276034 0.462000
v 1.606070 2.259441 0.462000
v 1.626978 2.248788 0.462000
v 1.945152 2.245118 0.462000
v 1.968328 2.248788 0.462000
v 1.989235 2.259441 0.462000
v 2.005828 2.276034 0.462000
v 2.016481 2.296941 0.462000
v 2.002152 2.560121 0.480000
v 1.999362 2.577735 0.480000
v 1.991265 2.593625 0.480000
v 1.978655 2.606235 0.480000
v 1.962765 2.614331 0.480000
v 1.650154 2.617121 0.480000
v 1.632540 2.614331 0.480000
v 1.616650 2.606235 0.480000
v 1.604040 2.593625 0.480000
v 1.595944 2.577735 0.480000
v 1.593154 2.320118 0.480000
v 1.595944 2.302504 0.480000
v 1.604040 2.286614 0.480000
v 1.616650 2.274004 0.480000
v 1.632540 2.265907 0.480000
v 1.945152 2.263118 0.480000
v 1.962765 2.265907 0.480000
v 1.978655 2.274004 0.480000
v 1.991265 2.286614 0.480000
v 1.999362 2.302504 0.480000
f 1153 1154 1174
f 1153 1174 1173
f 1154 1155 1175
f 1154 1175 1174
f 1155 1156 1176
f 1155 1176 1175
f 1156 1157 1177
f 1156 1177 1176
f 1157 1158 1178
f 1157 1178 1177
f 1158 1159 1179
f 1158 1179 1178
f 1159 1160 1180
f 1159 1180 1179
f 1160 1161 1181
f 1160 1181 1180
f 1161 1162 1182
f 1161 1182 1181
f 1162 1163 1183
f 1162 1183 1182
f 1163 1164 1184
f 1163 1184 1183
f 1164 1165 1185
f 1164 1185 1184
f 1165 1166 1186
f 1165 1186 1185
f 1166 1167 1187
f 1166 1187 1186
f 1167 1168 1188
f 1167 1188 1187
f 1168 1169 1189
f 1168 1189 1188
f 1169 1170 1190
f 1169 1190 1189
f 1170 1171 1191
f 1170 1191 1190
f 1171 1172 1192
f 1171 1192 1191
f 1172 1153 1173
f 1172 1173 1192
f 1173 1174 1194
f 1173 1194 1193
f 1174 1175 1195
f 1174 1195 1194
f 1175 1176 1196
f 1175 1196 1195
f 1176 1177 1197
f 1176 1197 1196
f 1177 1178 1198
f 1177 1198 1197
f 1178 1179 1199
f 1178 1199 1198
f 1179 1180 1200
f 1179 1200 1199
f 1180 1181 1201
f 1180 1201 1200
f 1181 1182 1202
f 1181 1202 1201
f 1182 1183 1203
f 1182 1203 1202
f 1183 1184 1204
f 1183 1204 1203
f 1184 1185 1205
f 1184 1205 1204
f 1185 1186 1206
f 1185 1206 1205
f 1186 1187 1207
f 1186 1207 1206
f 1187 1188 1208
f 1187 1208 1207
f 1188 1189 1209
f 1188 1209 1208
f 1189 1190 1210
f 1189 1210 1209
f 1190 1191 1211
f 1190 1211 1210
f 1191 1192 1212
f 1191 1212 1211
f 1192 1173 1193
f 1192 1193 1212
f 1193 1194 1214
f 1193 1214 1213
f 1194 1195 1215
f 1194 1215 1214
f 1195 1196 1216
f 1195 1216 1215
f 1196 1197 1217
f 1196 1217 1216
f 1197 1198 1218
f 1197 1218 1217
f 1198 1199 1219
f 1198 1219 1218
f 1199 1200 1220
f 1199 1220 1219
f 1200 1201 1221
f 1200 1221 1220
f 1201 1202 1222
f 1201 1222 1221
f 1202 1203 1223
f 1202 1223 1222
f 1203 1204 1224
f 1203 1224 1223
f 1204 1205 1225
f 1204 1225 1224
f 1205 1206 1226
f 1205 1226 1225
f 1206 1207 1227
f 1206 1227 1226
f 1207 1208 1228
f 1207 1228 1227
f 1208 1209 1229
f 1208 1229 1228
f 1209 1210 1230
f 1209 1230 1229
f 1210 1211 1231
f 1210 1231 1230
f 1211 1212 1232
f 1211 1232 1231
f 1212 1193 1213
f 1212 1213 1232
f 1153 1155 1154
f 1213 1214 1215
f 1153 1156 1155
f 1213 1215 1216
f 1153 1157 1156
f 1213 1216 1217
f 1153 1158 1157
f 1213 1217 1218
f 1153 1159 1158
f 1213 1218 1219
f 1153 1160 1159
f 1213 1219 1220
f 1153 1161 1160
f 1213 1220 1221
f 1153 1162 1161
f 1213 1221 1222
f 1153 1163 1162
f 1213 1222 1223
f 1153 1164 1163
f 1213 1223 1224
f 1153 1165 1164
f 1213 1224 1225
f 1153 1166 1165
f 1213 1225 1226
f 1153 1167 1166
f 1213 1226 1227
f 1153 1168 1167
f 1213 1227 1228
f 1153 1169 1168
f 1213 1228 1229
f 1153 1170 1169
f 1213 1229 1230
f 1153 1171 1170
f 1213 1230 1231
f 1153 1172 1171
f 1213 1231 1232
o Zidle_4_noha_0-0
v 1.645154 2.300118 0.015000
v 1.658154 2.300118 0.015000
v 1.658154 2.300118 0.425000
v 1.645154 2.300118 0.425000
v 1.656413 2.306618 0.015000
v 1.656413 2.306618 0.425000
v 1.651654 2.311376 0.015000
v 1.651654 2.311376 0.425000
v 1.645154 2.313118 0.015000
v 1.645154 2.313118 0.425000
v 1.638654 2.311376 0.015000
v 1.638654 2.311376 0.425000
v 1.633896 2.306618 0.015000
v 1.633896 2.306618 0.425000
v 1.632154 2.300118 0.015000
v 1.632154 2.300118 0.425000
v 1.633896 2.293618 0.015000
v 1.633896 2.293618 0.425000
v 1.638654 2.288859 0.015000
v 1.638654 2.288859 0.425000
v 1.645154 2.287118 0.015000
v 1.645154 2.287118 0.425000
v 1.651654 2.288859 0.015000
v 1.651654 2.288859 0.425000
v 1.656413 2.293618 0.015000
v 1.656413 2.293618 0.425000
f 1234 1233 1237
f 1234 1237 1235
f 1235 1237 1238
f 1235 1238 1236
f 1237 1233 1239
f 1237 1239 1238
f 1238 1239 1240
f 1238 1240 1236
f 1239 1233 1241
f 1239 1241 1240
f 1240 1241 1242
f 1240 1242 1236
f 1241 1233 1243
f 1241 1243 1242
f 1242 1243 1244
f 1242 1244 1236
f 1243 1233 1245
f 1243 1245 1244
f 1244 1245 1246
f 1244 1246 1236
f 1245 1233 1247
f 1245 1247 1246
f 1246 1247 1248
f 1246 1248 1236
f 1247 1233 1249
f 1247 1249 1248
f 1248 1249 1250
f 1248 1250 1236
f 1249 1233 1251
f 1249 1251 1250
f 1250 1251 1252
f 1250 1252 1236
f 1251 1233 1253
f 1251 1253 1252
f 1252 1253 1254
f 1252 1254 1236
f 1253 1233 1255
f 1253 1255 1254
f 1254 1255 1256
f 1254 1256 1236
f 1255 1233 1257
f 1255 1257 1256
f 1256 1257 1258
f 1256 1258 1236
f 1257 1233 1234
f 1257 1234 1258
f 1258 1234 1235
f 1258 1235 1236
o Zidle_4_noha_0-1
v 1.645154 2.580121 0.015000
v 1.658154 2.580121 0.015000
v 1.658154 2.580121 0.425000
v 1.645154 2.580121 0.425000
v 1.656413 2.586621 0.015000
v 1.656413 2.586621 0.425000
v 1.651654 2.591380 0.015000
v 1.651654 2.591380 0.425000
v 1.645154 2.593121 0.015000
v 1.645154 2.593121 0.425000
v 1.638654 2.591380 0.015000
v 1.638654 2.591380 0.425000
v 1.633896 2.586621 0.015000
v 1.633896 2.586621 0.425000
v 1.632154 2.580121 0.015000
v 1.632154 2.580121 0.425000
v 1.633896 2.573621 0.015000
v 1.633896 2.573621 0.425000
v 1.638654 2.568863 0.015000
v 1.638654 2.568863 0.425000
v 1.645154 2.567121 0.015000
v 1.645154 2.567121 0.425000
v 1.651654 2.568863 0.015000
v 1.651654 2.568863 0.425000
v 1.656413 2.573621 0.015000
v 1.656413 2.573621 0.425000
f 1260 1259 1263
f 1260 1263 1261
f 1261 1263 1264
f 1261 1264 1262
f 1263 1259 1265
f 1263 1265 1264
f 1264 1265 1266
f 1264 1266 1262
f 1265 1259 1267
f 1265 1267 1266
f 1266 1267 1268
f 1266 1268 1262
f 1267 1259 1269
f 1267 1269 1268
f 1268 1269 1270
f 1268 1270 1262
f 1269 1259 1271
f 1269 1271 1270
f 1270 1271 1272
f 1270 1272 1262
f 1271 1259 1273
f 1271 1273 1272
f 1272 1273 1274
f 1272 1274 1262
f 1273 1259 1275
f 1273 1275 1274
f 1274 1275 1276
f 1274 1276 1262
f 1275 1259 1277
f 1275 1277 1276
f 1276 1277 1278
f 1276 1278 1262
f 1277 1259 1279
f 1277 1279 1278
f 1278 1279 1280
f 1278 1280 1262
f 1279 1259 1281
f 1279 1281 1280
f 1280 1281 1282
f 1280 1282 1262
f 1281 1259 1283
f 1281 1283 1282
f 1282 1283 1284
f 1282 1284 1262
f 1283 1259 1260
f 1283 1260 1284
f 1284 1260 1261
f 1284 1261 1262
o Zidle_4_noha_1-0
v 1.950152 2.300118 0.015000
v 1.963152 2.300118 0.015000
v 1.963152 2.300118 0.425000
v 1.950152 2.300118 0.425000
v 1.961410 2.306618 0.015000
v 1.961410 2.306618 0.425000
v 1.956652 2.311376 0.015000
v 1.956652 2.311376 0.425000
v 1.950152 2.313118 0.015000
v 1.950152 2.313118 0.425000
v 1.943652 2.311376 0.015000
v 1.943652 2.311376 0.425000
v 1.938893 2.306618 0.015000
v 1.938893 2.306618 0.425000
v 1.937152 2.300118 0.015000
v 1.937152 2.300118 0.425000
v 1.938893 2.293618 0.015000
v 1.938893 2.293618 0.425000
v 1.943652 2.288859 0.015000
v 1.943652 2.288859 0.425000
v 1.950152 2.287118 0.015000
v 1.950152 2.287118 0.425000
v 1.956652 2.288859 0.015000
v 1.956652 2.288859 0.425000
v 1.961410 2.293618 0.015000
v 1.961410 2.293618 0.425000
f 1286 1285 1289
f 1286 1289 1287
f 1287 1289 1290
f 1287 1290 1288
f 1289 1285 1291
f 1289 1291 1290
f 1290 1291 1292
f 1290 1292 1288
f 1291 1285 1293
f 1291 1293 1292
f 1292 1293 1294
f 1292 1294 1288
f 1293 1285 1295
f 1293 1295 1294
f 1294 1295 1296
f 1294 1296 1288
f 1295 1285 1297
f 1295 1297 1296
f 1296 1297 1298
f 1296 1298 1288
f 1297 1285 1299
f 1297 1299 1298
f 1298 1299 1300
f 1298 1300 1288
f 1299 1285 1301
f 1299 1301 1300
f 1300 1301 1302
f 1300 1302 1288
f 1301 1285 1303
f 1301 1303 1302
f 1302 1303 1304
f 1302 1304 1288
f 1303 1285 1305
f 1303 1305 1304
f 1304 1305 1306
f 1304 1306 1288
f 1305 1285 1307
f 1305 1307 1306
f 1306 1307 1308
f 1306 1308 1288
f 1307 1285 1309
f 1307 1309 1308
f 1308 1309 1310
f 1308 1310 1288
f 1309 1285 1286
f 1309 1286 1310
f 1310 1286 1287
f 1310 1287 1288
o Zidle_4_noha_1-1
v 1.950152 2.580121 0.015000
v 1.963152 2.580121 0.015000
v 1.963152 2.580121 0.425000
v 1.950152 2.580121 0.425000
v 1.961410 2.586621 0.015000
v 1.961410 2.586621 0.425000
v 1.956652 2.591380 0.015000
v 1.956652 2.591380 0.425000
v 1.950152 2.593121 0.015000
v 1.950152 2.593121 0.425000
v 1.943652 2.591380 0.015000
v 1.943652 2.591380 0.425000
v 1.938893 2.586621 0.015000
v 1.938893 2.586621 0.425000
v 1.937152 2.580121 0.015000
v 1.937152 2.580121 0.425000
v 1.938893 2.573621 0.015000
v 1.938893 2.573621 0.425000
v 1.943652 2.568863 0.015000
v 1.943652 2.568863 0.425000
v 1.950152 2.567121 0.015000
v 1.950152 2.567121 0.425000
v 1.956652 2.568863 0.015000
v 1.956652 2.568863 0.425000
v 1.961410 2.573621 0.015000
v 1.961410 2.573621 0.425000
f 1312 1311 1315
f 1312 1315 1313
f 1313 1315 1316
f 1313 1316 1314
f 1315 1311 1317
f 1315 1317 1316
f 1316 1317 1318
f 1316 1318 1314
f 1317 1311 1319
f 1317 1319 1318
f 1318 1319 1320
f 1318 1320 1314
f 1319 1311 1321
f 1319 1321 1320
f 1320 1321 1322
f 1320 1322 1314
f 1321 1311 1323
f 1321 1323 1322
f 1322 1323 1324
f 1322 1324 1314
f 1323 1311 1325
f 1323 1325 1324
f 1324 1325 1326
f 1324 1326 1314
f 1325 1311 1327
f 1325 1327 1326
f 1326 1327 1328
f 1326 1328 1314
f 1327 1311 1329
f 1327 1329 1328
f 1328 1329 1330
f 1328 1330 1314
f 1329 1311 1331
f 1329 1331 1330
f 1330 1331 1332
f 1330 1332 1314
f 1331 1311 1333
f 1331 1333 1332
f 1332 1333 1334
f 1332 1334 1314
f 1333 1311 1335
f 1333 1335 1334
f 1334 1335 1336
f 1334 1336 1314
f 1335 1311 1312
f 1335 1312 1336
f 1336 1312 1313
f 1336 1313 1314
o Zidle_4_operadlo
v 2.020152 2.601121 0.460000
v 2.019466 2.605447 0.460000
v 2.017478 2.609350 0.460000
v 2.014381 2.612447 0.460000
v 2.010478 2.614436 0.460000
v 1.999152 2.615121 0.460000
v 1.994825 2.614436 0.460000
v 1.990923 2.612447 0.460000
v 1.987825 2.609350 0.460000
v 1.985837 2.605447 0.460000
v 1.985152 2.279118 0.460000
v 1.985837 2.274791 0.460000
v 1.987825 2.270889 0.460000
v 1.990923 2.267791 0.460000
v 1.994825 2.265803 0.460000
v 2.006152 2.265118 0.460000
v 2.010478 2.265803 0.460000
v 2.014381 2.267791 0.460000
v 2.017478 2.270889 0.460000
v 2.019466 2.274791 0.460000
v 2.030152 2.601121 0.470000
v 2.028977 2.608538 0.470000
v 2.025568 2.615228 0.470000
v 2.020258 2.620538 0.470000
v 2.013568 2.623947 0.470000
v 1.999152 2.625121 0.470000
v 1.991735 2.623947 0.470000
v 1.985045 2.620538 0.470000
v 1.979735 2.615228 0.470000
v 1.976326 2.608538 0.470000
v 1.975152 2.279118 0.470000
v 1.976326 2.271701 0.470000
v 1.979735 2.265011 0.470000
v 1.985045 2.259701 0.470000
v 1.991735 2.256292 0.470000
v 2.006152 2.255118 0.470000
v 2.013568 2.256292 0.470000
v 2.020258 2.259701 0.470000
v 2.025568 2.265011 0.470000
v 2.028977 2.271701 0.470000
v 2.030152 2.601121 0.830000
v 2.028977 2.608538 0.830000
v 2.025568 2.615228 0.830000
v 2.020258 2.620538 0.830000
v 2.013568 2.623947 0.830000
v 1.999152 2.625121 0.830000
v 1.991735 2.623947 0.830000
v 1.985045 2.620538 0.830000
v 1.979735 2.615228 0.830000
v 1.976326 2.608538 0.830000
v 1.975152 2.279118 0.830000
v 1.976326 2.271701 0.830000
v 1.979735 2.265011 0.830000
v 1.985045 2.259701 0.830000
v 1.991735 2.256292 0.830000
v 2.006152 2.255118 0.830000
v 2.013568 2.256292 0.830000
v 2.020258 2.259701 0.830000
v 2.025568 2.265011 0.830000
v 2.028977 2.271701 0.830000
v 2.020152 2.601121 0.840000
v 2.019466 2.605447 0.840000
v 2.017478 2.609350 0.840000
v 2.014381 2.612447 0.840000
v 2.010478 2.614436 0.840000
v 1.999152 2.615121 0.840000
v 1.994825 2.614436 0.840000
v 1.990923 2.612447 0.840000
v 1.987825 2.609350 0.840000
v 1.985837 2.605447 0.840000
v 1.985152 2.279118 0.840000
v 1.985837 2.274791 0.840000
v 1.987825 2.270889 0.840000
v 1.990923 2.267791 0.840000
v 1.994825 2.265803 0.840000
v 2.006152 2.265118 0.840000
v 2.010478 2.265803 0.840000
v 2.014381 2.267791 0.840000
v 2.017478 2.270889 0.840000
v 2.019466 2.274791 0.840000
f 1337 1338 1358
f 1337 1358 1357
f 1338 1339 1359
f 1338 1359 1358
f 1339 1340 1360
f 1339 1360 1359
f 1340 1341 1361
f 1340 1361 1360
f 1341 1342 1362
f 1341 1362 1361
f 1342 1343 1363
f 1342 1363 1362
f 1343 1344 1364
f 1343 1364 1363
f 1344 1345 1365
f 1344 1365 1364
f 1345 1346 1366
f 1345 1366 1365
f 1346 1347 1367
f 1346 1367 1366
f 1347 1348 1368
f 1347 1368 1367
f 1348 1349 1369
f 1348 1369 1368
f 1349 1350 1370
f 1349 1370 1369
f 1350 1351 1371
f 1350 1371 1370
f 1351 1352 1372
f 1351 1372 1371
f 1352 1353 1373
f 1352 1373 1372
f 1353 1354 1374
f 1353 1374 1373
f 1354 1355 1375
f 1354 1375 1374
f 1355 1356 1376
f 1355 1376 1375
f 1356 1337 1357
f 1356 1357 1376
f 1357 1358 1378
f 1357 1378 1377
f 1358 1359 1379
f 1358 1379 1378
f 1359 1360 1380
f 1359 1380 1379
f 1360 1361 1381
f 1360 1381 1380
f 1361 1362 1382
f 1361 1382 1381
f 1362 1363 1383
f 1362 1383 1382
f 1363 1364 1384
f 1363 1384 1383
f 1364 1365 1385
f 1364 1385 1384
f 1365 1366 1386
f 1365 1386 1385
f 1366 1367 1387
f 1366 1387 1386
f 1367 1368 1388
f 1367 1388 1387
f 1368 1369 1389
f 1368 1389 1388
f 1369 1370 1390
f 1369 1390 1389
f 1370 1371 1391
f 1370 1391 1390
f 1371 1372 1392
f 1371 1392 1391
f 1372 1373 1393
f 1372 1393 1392
f 1373 1374 1394
f 1373 1394 1393
f 1374 1375 1395
f 1374 1395 1394
f 1375 1376 1396
f 1375 1396 1395
f 1376 1357 1377
f 1376 1377 1396
f 1377 1378 1398
f 1377 1398 1397
f 1378 1379 1399
f 1378 1399 1398
f 1379 1380 1400
f 1379 1400 1399
f 1380 1381 1401
f 1380 1401 1400
f 1381 1382 1402
f 1381 1402 1401
f 1382 1383 1403
f 1382 1403 1402
f 1383 1384 1404
f 1383 1404 1403
f 1384 1385 1405
f 1384 1405 1404
f 1385 1386 1406
f 1385 1406 1405
f 1386 1387 1407
f 1386 1407 1406
f 1387 1388 1408
f 1387 1408 1407
f 1388 1389 1409
f 1388 1409 1408
f 1389 1390 1410
f 1389 1410 1409
f 1390 1391 1411
f 1390 1411 1410
f 1391 1392 1412
f 1391 1412 1411
f 1392 1393 1413
f 1392 1413 1412
f 1393 1394 1414
f 1393 1414 1413
f 1394 1395 1415
f 1394 1415 1414
f 1395 1396 1416
f 1395 1416 1415
f 1396 1377 1397
f 1396 1397 1416
f 1337 1339 1338
f 1397 1398 1399
f 1337 1340 1339
f 1397 1399 1400
f 1337 1341 1340
f 1397 1400 1401
f 1337 1342 1341
f 1397 1401 1402
f 1337 1343 1342
f 1397 1402 1403
f 1337 1344 1343
f 1397 1403 1404
f 1337 1345 1344
f 1397 1404 1405
f 1337 1346 1345
f 1397 1405 1406
f 1337 1347 1346
f 1397 1406 1407
f 1337 1348 1347
f 1397 1407 1408
f 1337 1349 1348
f 1397 1408 1409
f 1337 1350 1349
f 1397 1409 1410
f 1337 1351 1350
f 1397 1410 1411
f 1337 1352 1351
f 1397 1411 1412
f 1337 1353 1352
f 1397 1412 1413
f 1337 1354 1353
f 1397 1413 1414
f 1337 1355 1354
f 1397 1414 1415
f 1337 1356 1355
f 1397 1415 1416
o Sedacka_podnoz_dlouha
v 5.737825 3.352656 0.095000
v 5.747135 3.351041 0.095000
v 5.755535 3.346354 0.095000
v 5.762201 3.339053 0.095000
v 5.766480 3.329854 0.095000
v 5.767955 2.694656 0.095000
v 5.766480 2.684459 0.095000
v 5.762201 2.675259 0.095000
v 5.755535 2.667959 0.095000
v 5.747135 2.663271 0.095000
v 3.811303 2.661656 0.095000
v 3.801992 2.663271 0.095000
v 3.793593 2.667959 0.095000
v 3.786927 2.675259 0.095000
v 3.782647 2.684459 0.095000
v 3.781173 3.319656 0.095000
v 3.782647 3.329854 0.095000
v 3.786927 3.339053 0.095000
v 3.793593 3.346354 0.095000
v 3.801992 3.351041 0.095000
v 5.737825 3.364656 0.107000
v 5.750521 3.362454 0.107000
v 5.761975 3.356062 0.107000
v 5.771065 3.346107 0.107000
v 5.776901 3.333562 0.107000
v 5.778912 2.694656 0.107000
v 5.776901 2.680751 0.107000
v 5.771065 2.668206 0.107000
v 5.761975 2.658251 0.107000
v 5.750521 2.651859 0.107000
v 3.811303 2.649656 0.107000
v 3.798606 2.651859 0.107000
v 3.787153 2.658251 0.107000
v 3.778063 2.668206 0.107000
v 3.772227 2.680751 0.107000
v 3.770216 3.319656 0.107000
v 3.772227 3.333562 0.107000
v 3.778063 3.346107 0.107000
v 3.787153 3.356062 0.107000
v 3.798606 3.362454 0.107000
v 5.737825 3.364656 0.278000
v 5.750521 3.362454 0.278000
v 5.761975 3.356062 0.278000
v 5.771065 3.346107 0.278000
v 5.776901 3.333562 0.278000
v 5.778912 2.694656 0.278000
v 5.776901 2.680751 0.278000
v 5.771065 2.668206 0.278000
v 5.761975 2.658251 0.278000
v 5.750521 2.651859 0.278000
v 3.811303 2.649656 0.278000
v 3.798606 2.651859 0.278000
v 3.787153 2.658251 0.278000
v 3.778063 2.668206 0.278000
v 3.772227 2.680751 0.278000
v 3.770216 3.319656 0.278000
v 3.772227 3.333562 0.278000
v 3.778063 3.346107 0.278000
v 3.787153 3.356062 0.278000
v 3.798606 3.362454 0.278000
v 5.737825 3.352656 0.290000
v 5.747135 3.351041 0.290000
v 5.755535 3.346354 0.290000
v 5.762201 3.339053 0.290000
v 5.766480 3.329854 0.290000
v 5.767955 2.694656 0.290000
v 5.766480 2.684459 0.290000
v 5.762201 2.675259 0.290000
v 5.755535 2.667959 0.290000
v 5.747135 2.663271 0.290000
v 3.811303 2.661656 0.290000
v 3.801992 2.663271 0.290000
v 3.793593 2.667959 0.290000
v 3.786927 2.675259 0.290000
v 3.782647 2.684459 0.290000
v 3.781173 3.319656 0.290000
v 3.782647 3.329854 0.290000
v 3.786927 3.339053 0.290000
v 3.793593 3.346354 0.290000
v 3.801992 3.351041 0.290000
f 1438 1418 1417
f 1437 1438 1417
f 1439 1419 1418
f 1438 1439 1418
f 1440 1420 1419
f 1439 1440 1419
f 1441 1421 1420
f 1440 1441 1420
f 1442 1422 1421
f 1441 1442 1421
f 1443 1423 1422
f 1442 1443 1422
f 1444 1424 1423
f 1443 1444 1423
f 1445 1425 1424
f 1444 1445 1424
f 1446 1426 1425
f 1445 1446 1425
f 1447 1427 1426
f 1446 1447 1426
f 1448 1428 1427
f 1447 1448 1427
f 1449 1429 1428
f 1448 1449 1428
f 1450 1430 1429
f 1449 1450 1429
f 1451 1431 1430
f 1450 1451 1430
f 1452 1432 1431
f 1451 1452 1431
f 1453 1433 1432
f 1452 1453 1432
f 1454 1434 1433
f 1453 1454 1433
f 1455 1435 1434
f 1454 1455 1434
f 1456 1436 1435
f 1455 1456 1435
f 1437 1417 1436
f 1456 1437 1436
f 1458 1438 1437
f 1457 1458 1437
f 1459 1439 1438
f 1458 1459 1438
f 1460 1440 1439
f 1459 1460 1439
f 1461 1441 1440
f 1460 1461 1440
f 1462 1442 1441
f 1461 1462 1441
f 1463 1443 1442
f 1462 1463 1442
f 1464 1444 1443
f 1463 1464 1443
f 1465 1445 1444
f 1464 1465 1444
f 1466 1446 1445
f 1465 1466 1445
f 1467 1447 1446
f 1466 1467 1446
f 1468 1448 1447
f 1467 1468 1447
f 1469 1449 1448
f 1468 1469 1448
f 1470 1450 1449
f 1469 1470 1449
f 1471 1451 1450
f 1470 1471 1450
f 1472 1452 1451
f 1471 1472 1451
f 1473 1453 1452
f 1472 1473 1452
f 1474 1454 1453
f 1473 1474 1453
f 1475 1455 1454
f 1474 1475 1454
f 1476 1456 1455
f 1475 1476 1455
f 1457 1437 1456
f 1476 1457 1456
f 1478 1458 1457
f 1477 1478 1457
f 1479 1459 1458
f 1478 1479 1458
f 1480 1460 1459
f 1479 1480 1459
f 1481 1461 1460
f 1480 1481 1460
f 1482 1462 1461
f 1481 1482 1461
f 1483 1463 1462
f 1482 1483 1462
f 1484 1464 1463
f 1483 1484 1463
f 1485 1465 1464
f 1484 1485 1464
f 1486 1466 1465
f 1485 1486 1465
f 1487 1467 1466
f 1486 1487 1466
f 1488 1468 1467
f 1487 1488 1467
f 1489 1469 1468
f 1488 1489 1468
f 1490 1470 1469
f 1489 1490 1469
f 1491 1471 1470
f 1490 1491 1470
f 1492 1472 1471
f 1491 1492 1471
f 1493 1473 1472
f 1492 1493 1472
f 1494 1474 1473
f 1493 1494 1473
f 1495 1475 1474
f 1494 1495 1474
f 1496 1476 1475
f 1495 1496 1475
f 1477 1457 1476
f 1496 1477 1476
f 1418 1419 1417
f 1479 1478 1477
f 1419 1420 1417
f 1480 1479 1477
f 1420 1421 1417
f 1481 1480 1477
f 1421 1422 1417
f 1482 1481 1477
f 1422 1423 1417
f 1483 1482 1477
f 1423 1424 1417
f 1484 1483 1477
f 1424 1425 1417
f 1485 1484 1477
f 1425 1426 1417
f 1486 1485 1477
f 1426 1427 1417
f 1487 1486 1477
f 1427 1428 1417
f 1488 1487 1477
f 1428 1429 1417
f 1489 1488 1477
f 1429 1430 1417
f 1490 1489 1477
f 1430 1431 1417
f 1491 1490 1477
f 1431 1432 1417
f 1492 1491 1477
f 1432 1433 1417
f 1493 1492 1477
f 1433 1434 1417
f 1494 1493 1477
f 1434 1435 1417
f 1495 1494 1477
f 1435 1436 1417
f 1496 1495 1477
o Sedacka_podnoz_lenoska
v 5.746955 3.352656 0.095000
v 5.753444 3.351531 0.095000
v 5.759299 3.348264 0.095000
v 5.763944 3.343175 0.095000
v 5.766927 3.336764 0.095000
v 5.767955 1.993523 0.095000
v 5.766927 1.983259 0.095000
v 5.763944 1.974000 0.095000
v 5.759299 1.966652 0.095000
v 5.753444 1.961934 0.095000
v 5.066738 1.960309 0.095000
v 5.060248 1.961934 0.095000
v 5.054394 1.966652 0.095000
v 5.049748 1.974000 0.095000
v 5.046766 1.983259 0.095000
v 5.045738 3.329656 0.095000
v 5.046766 3.336764 0.095000
v 5.049748 3.343175 0.095000
v 5.054394 3.348264 0.095000
v 5.060248 3.351531 0.095000
v 5.746955 3.364656 0.107000
v 5.756830 3.362943 0.107000
v 5.765739 3.357972 0.107000
v 5.772808 3.350229 0.107000
v 5.777348 3.340472 0.107000
v 5.778912 1.993523 0.107000
v 5.777348 1.977904 0.107000
v 5.772808 1.963814 0.107000
v 5.765739 1.952632 0.107000
v 5.756830 1.945453 0.107000
v 5.066738 1.942979 0.107000
v 5.056863 1.945453 0.107000
v 5.047954 1.952632 0.107000
v 5.040884 1.963814 0.107000
v 5.036345 1.977904 0.107000
v 5.034781 3.329656 0.107000
v 5.036345 3.340472 0.107000
v 5.040884 3.350229 0.107000
v 5.047954 3.357972 0.107000
v 5.056863 3.362943 0.107000
v 5.746955 3.364656 0.278000
v 5.756830 3.362943 0.278000
v 5.765739 3.357972 0.278000
v 5.772808 3.350229 0.278000
v 5.777348 3.340472 0.278000
v 5.778912 1.993523 0.278000
v 5.777348 1.977904 0.278000
v 5.772808 1.963814 0.278000
v 5.765739 1.952632 0.278000
v 5.756830 1.945453 0.278000
v 5.066738 1.942979 0.278000
v 5.056863 1.945453 0.278000
v 5.047954 1.952632 0.278000
v 5.040884 1.963814 0.278000
v 5.036345 1.977904 0.278000
v 5.034781 3.329656 0.278000
v 5.036345 3.340472 0.278000
v 5.040884 3.350229 0.278000
v 5.047954 3.357972 0.278000
v 5.056863 3.362943 0.278000
v 5.746955 3.352656 0.290000
v 5.753444 3.351531 0.290000
v 5.759299 3.348264 0.290000
v 5.763944 3.343175 0.290000
v 5.766927 3.336764 0.290000
v 5.767955 1.993523 0.290000
v 5.766927 1.983259 0.290000
v 5.763944 1.974000 0.290000
v 5.759299 1.966652 0.290000
v 5.753444 1.961934 0.290000
v 5.066738 1.960309 0.290000
v 5.060248 1.961934 0.290000
v 5.054394 1.966652 0.290000
v 5.049748 1.974000 0.290000
v 5.046766 1.983259 0.290000
v 5.045738 3.329656 0.290000
v 5.046766 3.336764 0.290000
v 5.049748 3.343175 0.290000
v 5.054394 3.348264 0.290000
v 5.060248 3.351531 0.290000
f 1518 1498 1497
f 1517 1518 1497
f 1519 1499 1498
f 1518 1519 1498
f 1520 1500 1499
f 1519 1520 1499
f 1521 1501 1500
f 1520 1521 1500
f 1522 1502 1501
f 1521 1522 1501
f 1523 1503 1502
f 1522 1523 1502
f 1524 1504 1503
f 1523 1524 1503
f 1525 1505 1504
f 1524 1525 1504
f 1526 1506 1505
f 1525 1526 1505
f 1527 1507 1506
f 1526 1527 1506
f 1528 1508 1507
f 1527 1528 1507
f 1529 1509 1508
f 1528 1529 1508
f 1530 1510 1509
f 1529 1530 1509
f 1531 1511 1510
f 1530 1531 1510
f 1532 1512 1511
f 1531 1532 1511
f 1533 1513 1512
f 1532 1533 1512
f 1534 1514 1513
f 1533 1534 1513
f 1535 1515 1514
f 1534 1535 1514
f 1536 1516 1515
f 1535 1536 1515
f 1517 1497 1516
f 1536 1517 1516
f 1538 1518 1517
f 1537 1538 1517
f 1539 1519 1518
f 1538 1539 1518
f 1540 1520 1519
f 1539 1540 1519
f 1541 1521 1520
f 1540 1541 1520
f 1542 1522 1521
f 1541 1542 1521
f 1543 1523 1522
f 1542 1543 1522
f 1544 1524 1523
f 1543 1544 1523
f 1545 1525 1524
f 1544 1545 1524
f 1546 1526 1525
f 1545 1546 1525
f 1547 1527 1526
f 1546 1547 1526
f 1548 1528 1527
f 1547 1548 1527
f 1549 1529 1528
f 1548 1549 1528
f 1550 1530 1529
f 1549 1550 1529
f 1551 1531 1530
f 1550 1551 1530
f 1552 1532 1531
f 1551 1552 1531
f 1553 1533 1532
f 1552 1553 1532
f 1554 1534 1533
f 1553 1554 1533
f 1555 1535 1534
f 1554 1555 1534
f 1556 1536 1535
f 1555 1556 1535
f 1537 1517 1536
f 1556 1537 1536
f 1558 1538 1537
f 1557 1558 1537
f 1559 1539 1538
f 1558 1559 1538
f 1560 1540 1539
f 1559 1560 1539
f 1561 1541 1540
f 1560 1561 1540
f 1562 1542 1541
f 1561 1562 1541
f 1563 1543 1542
f 1562 1563 1542
f 1564 1544 1543
f 1563 1564 1543
f 1565 1545 1544
f 1564 1565 1544
f 1566 1546 1545
f 1565 1566 1545
f 1567 1547 1546
f 1566 1567 1546
f 1568 1548 1547
f 1567 1568 1547
f 1569 1549 1548
f 1568 1569 1548
f 1570 1550 1549
f 1569 1570 1549
f 1571 1551 1550
f 1570 1571 1550
f 1572 1552 1551
f 1571 1572 1551
f 1573 1553 1552
f 1572 1573 1552
f 1574 1554 1553
f 1573 1574 1553
f 1575 1555 1554
f 1574 1575 1554
f 1576 1556 1555
f 1575 1576 1555
f 1557 1537 1556
f 1576 1557 1556
f 1498 1499 1497
f 1559 1558 1557
f 1499 1500 1497
f 1560 1559 1557
f 1500 1501 1497
f 1561 1560 1557
f 1501 1502 1497
f 1562 1561 1557
f 1502 1503 1497
f 1563 1562 1557
f 1503 1504 1497
f 1564 1563 1557
f 1504 1505 1497
f 1565 1564 1557
f 1505 1506 1497
f 1566 1565 1557
f 1506 1507 1497
f 1567 1566 1557
f 1507 1508 1497
f 1568 1567 1557
f 1508 1509 1497
f 1569 1568 1557
f 1509 1510 1497
f 1570 1569 1557
f 1510 1511 1497
f 1571 1570 1557
f 1511 1512 1497
f 1572 1571 1557
f 1512 1513 1497
f 1573 1572 1557
f 1513 1514 1497
f 1574 1573 1557
f 1514 1515 1497
f 1575 1574 1557
f 1515 1516 1497
f 1576 1575 1557
o Sedacka_dil_0
v 5.641955 3.175656 0.280000
v 5.647880 3.174628 0.280000
v 5.653225 3.171646 0.280000
v 5.657467 3.167000 0.280000
v 5.660191 3.161146 0.280000
v 5.661129 1.964641 0.280000
v 5.660191 1.955270 0.280000
v 5.657467 1.946816 0.280000
v 5.653225 1.940107 0.280000
v 5.647880 1.935799 0.280000
v 5.084999 1.934315 0.280000
v 5.079074 1.935799 0.280000
v 5.073728 1.940107 0.280000
v 5.069487 1.946816 0.280000
v 5.066763 1.955270 0.280000
v 5.065825 3.154656 0.280000
v 5.066763 3.161146 0.280000
v 5.069487 3.167000 0.280000
v 5.073728 3.171646 0.280000
v 5.079074 3.174628 0.280000
v 5.641955 3.199656 0.304000
v 5.654652 3.197454 0.304000
v 5.666105 3.191062 0.304000
v 5.675195 3.181107 0.304000
v 5.681031 3.168562 0.304000
v 5.683042 1.964641 0.304000
v 5.681031 1.944560 0.304000
v 5.675195 1.926444 0.304000
v 5.666105 1.912067 0.304000
v 5.654652 1.902837 0.304000
v 5.084999 1.899656 0.304000
v 5.072302 1.902837 0.304000
v 5.060848 1.912067 0.304000
v 5.051759 1.926444 0.304000
v 5.045923 1.944560 0.304000
v 5.043912 3.154656 0.304000
v 5.045923 3.168562 0.304000
v 5.051759 3.181107 0.304000
v 5.060848 3.191062 0.304000
v 5.072302 3.197454 0.304000
v 5.641955 3.199656 0.436000
v 5.654652 3.197454 0.436000
v 5.666105 3.191062 0.436000
v 5.675195 3.181107 0.436000
v 5.681031 3.168562 0.436000
v 5.683042 1.964641 0.436000
v 5.681031 1.944560 0.436000
v 5.675195 1.926444 0.436000
v 5.666105 1.912067 0.436000
v 5.654652 1.902837 0.436000
v 5.084999 1.899656 0.436000
v 5.072302 1.902837 0.436000
v 5.060848 1.912067 0.436000
v 5.051759 1.926444 0.436000
v 5.045923 1.944560 0.436000
v 5.043912 3.154656 0.436000
v 5.045923 3.168562 0.436000
v 5.051759 3.181107 0.436000
v 5.060848 3.191062 0.436000
v 5.072302 3.197454 0.436000
v 5.641955 3.175656 0.460000
v 5.647880 3.174628 0.460000
v 5.653225 3.171646 0.460000
v 5.657467 3.167000 0.460000
v 5.660191 3.161146 0.460000
v 5.661129 1.964641 0.460000
v 5.660191 1.955270 0.460000
v 5.657467 1.946816 0.460000
v 5.653225 1.940107 0.460000
v 5.647880 1.935799 0.460000
v 5.084999 1.934315 0.460000
v 5.079074 1.935799 0.460000
v 5.073728 1.940107 0.460000
v 5.069487 1.946816 0.460000
v 5.066763 1.955270 0.460000
v 5.065825 3.154656 0.460000
v 5.066763 3.161146 0.460000
v 5.069487 3.167000 0.460000
v 5.073728 3.171646 0.460000
v 5.079074 3.174628 0.460000
f 1598 1578 1577
f 1597 1598 1577
f 1599 1579 1578
f 1598 1599 1578
f 1600 1580 1579
f 1599 1600 1579
f 1601 1581 1580
f 1600 1601 1580
f 1602 1582 1581
f 1601 1602 1581
f 1603 1583 1582
f 1602 1603 1582
f 1604 1584 1583
f 1603 1604 1583
f 1605 1585 1584
f 1604 1605 1584
f 1606 1586 1585
f 1605 1606 1585
f 1607 1587 1586
f 1606 1607 1586
f 1608 1588 1587
f 1607 1608 1587
f 1609 1589 1588
f 1608 1609 1588
f 1610 1590 1589
f 1609 1610 1589
f 1611 1591 1590
f 1610 1611 1590
f 1612 1592 1591
f 1611 1612 1591
f 1613 1593 1592
f 1612 1613 1592
f 1614 1594 1593
f 1613 1614 1593
f 1615 1595 1594
f 1614 1615 1594
f 1616 1596 1595
f 1615 1616 1595
f 1597 1577 1596
f 1616 1597 1596
f 1618 1598 1597
f 1617 1618 1597
f 1619 1599 1598
f 1618 1619 1598
f 1620 1600 1599
f 1619 1620 1599
f 1621 1601 1600
f 1620 1621 1600
f 1622 1602 1601
f 1621 1622 1601
f 1623 1603 1602
f 1622 1623 1602
f 1624 1604 1603
f 1623 1624 1603
f 1625 1605 1604
f 1624 1625 1604
f 1626 1606 1605
f 1625 1626 1605
f 1627 1607 1606
f 1626 1627 1606
f 1628 1608 1607
f 1627 1628 1607
f 1629 1609 1608
f 1628 1629 1608
f 1630 1610 1609
f 1629 1630 1609
f 1631 1611 1610
f 1630 1631 1610
f 1632 1612 1611
f 1631 1632 1611
f 1633 1613 1612
f 1632 1633 1612
f 1634 1614 1613
f 1633 1634 1613
f 1635 1615 1614
f 1634 1635 1614
f 1636 1616 1615
f 1635 1636 1615
f 1617 1597 1616
f 1636 1617 1616
f 1638 1618 1617
f 1637 1638 1617
f 1639 1619 1618
f 1638 1639 1618
f 1640 1620 1619
f 1639 1640 1619
f 1641 1621 1620
f 1640 1641 1620
f 1642 1622 1621
f 1641 1642 1621
f 1643 1623 1622
f 1642 1643 1622
f 1644 1624 1623
f 1643 1644 1623
f 1645 1625 1624
f 1644 1645 1624
f 1646 1626 1625
f 1645 1646 1625
f 1647 1627 1626
f 1646 1647 1626
f 1648 1628 1627
f 1647 1648 1627
f 1649 1629 1628
f 1648 1649 1628
f 1650 1630 1629
f 1649 1650 1629
f 1651 1631 1630
f 1650 1651 1630
f 1652 1632 1631
f 1651 1652 1631
f 1653 1633 1632
f 1652 1653 1632
f 1654 1634 1633
f 1653 1654 1633
f 1655 1635 1634
f 1654 1655 1634
f 1656 1636 1635
f 1655 1656 1635
f 1637 1617 1636
f 1656 1637 1636
f 1578 1579 1577
f 1639 1638 1637
f 1579 1580 1577
f 1640 1639 1637
f 1580 1581 1577
f 1641 1640 1637
f 1581 1582 1577
f 1642 1641 1637
f 1582 1583 1577
f 1643 1642 1637
f 1583 1584 1577
f 1644 1643 1637
f 1584 1585 1577
f 1645 1644 1637
f 1585 1586 1577
f 1646 1645 1637
f 1586 1587 1577
f 1647 1646 1637
f 1587 1588 1577
f 1648 1647 1637
f 1588 1589 1577
f 1649 1648 1637
f 1589 1590 1577
f 1650 1649 1637
f 1590 1591 1577
f 1651 1650 1637
f 1591 1592 1577
f 1652 1651 1637
f 1592 1593 1577
f 1653 1652 1637
f 1593 1594 1577
f 1654 1653 1637
f 1594 1595 1577
f 1655 1654 1637
f 1595 1596 1577
f 1656 1655 1637
o Sedacka_dil_1
v 5.646520 3.375656 0.290000
v 5.651035 3.374873 0.290000
v 5.655107 3.372601 0.290000
v 5.658339 3.369061 0.290000
v 5.660414 3.364601 0.290000
v 5.661129 3.239656 0.290000
v 5.660414 3.234712 0.290000
v 5.658339 3.230252 0.290000
v 5.655107 3.226712 0.290000
v 5.651035 3.224439 0.290000
v 5.080433 3.223656 0.290000
v 5.075919 3.224439 0.290000
v 5.071847 3.226712 0.290000
v 5.068615 3.230252 0.290000
v 5.066540 3.234712 0.290000
v 5.065825 3.359656 0.290000
v 5.066540 3.364601 0.290000
v 5.068615 3.369061 0.290000
v 5.071847 3.372601 0.290000
v 5.075919 3.374873 0.290000
v 5.646520 3.399656 0.314000
v 5.657806 3.397699 0.314000
v 5.667987 3.392017 0.314000
v 5.676067 3.383168 0.314000
v 5.681255 3.372017 0.314000
v 5.683042 3.239656 0.314000
v 5.681255 3.227296 0.314000
v 5.676067 3.216145 0.314000
v 5.667987 3.207296 0.314000
v 5.657806 3.201614 0.314000
v 5.080433 3.199656 0.314000
v 5.069148 3.201614 0.314000
v 5.058966 3.207296 0.314000
v 5.050887 3.216145 0.314000
v 5.045699 3.227296 0.314000
v 5.043912 3.359656 0.314000
v 5.045699 3.372017 0.314000
v 5.050887 3.383168 0.314000
v 5.058966 3.392017 0.314000
v 5.069148 3.397699 0.314000
v 5.646520 3.399656 0.846000
v 5.657806 3.397699 0.846000
v 5.667987 3.392017 0.846000
v 5.676067 3.383168 0.846000
v 5.681255 3.372017 0.846000
v 5.683042 3.239656 0.846000
v 5.681255 3.227296 0.846000
v 5.676067 3.216145 0.846000
v 5.667987 3.207296 0.846000
v 5.657806 3.201614 0.846000
v 5.080433 3.199656 0.846000
v 5.069148 3.201614 0.846000
v 5.058966 3.207296 0.846000
v 5.050887 3.216145 0.846000
v 5.045699 3.227296 0.846000
v 5.043912 3.359656 0.846000
v 5.045699 3.372017 0.846000
v 5.050887 3.383168 0.846000
v 5.058966 3.392017 0.846000
v 5.069148 3.397699 0.846000
v 5.646520 3.375656 0.870000
v 5.651035 3.374873 0.870000
v 5.655107 3.372601 0.870000
v 5.658339 3.369061 0.870000
v 5.660414 3.364601 0.870000
v 5.661129 3.239656 0.870000
v 5.660414 3.234712 0.870000
v 5.658339 3.230252 0.870000
v 5.655107 3.226712 0.870000
v 5.651035 3.224439 0.870000
v 5.080433 3.223656 0.870000
v 5.075919 3.224439 0.870000
v 5.071847 3.226712 0.870000
v 5.068615 3.230252 0.870000
v 5.066540 3.234712 0.870000
v 5.065825 3.359656 0.870000
v 5.066540 3.364601 0.870000
v 5.068615 3.369061 0.870000
v 5.071847 3.372601 0.870000
v 5.075919 3.374873 0.870000
f 1678 1658 1657
f 1677 1678 1657
f 1679 1659 1658
f 1678 1679 1658
f 1680 1660 1659
f 1679 1680 1659
f 1681 1661 1660
f 1680 1681 1660
f 1682 1662 1661
f 1681 1682 1661
f 1683 1663 1662
f 1682 1683 1662
f 1684 1664 1663
f 1683 1684 1663
f 1685 1665 1664
f 1684 1685 1664
f 1686 1666 1665
f 1685 1686 1665
f 1687 1667 1666
f 1686 1687 1666
f 1688 1668 1667
f 1687 1688 1667
f 1689 1669 1668
f 1688 1689 1668
f 1690 1670 1669
f 1689 1690 1669
f 1691 1671 1670
f 1690 1691 1670
f 1692 1672 1671
f 1691 1692 1671
f 1693 1673 1672
f 1692 1693 1672
f 1694 1674 1673
f 1693 1694 1673
f 1695 1675 1674
f 1694 1695 1674
f 1696 1676 1675
f 1695 1696 1675
f 1677 1657 1676
f 1696 1677 1676
f 1698 1678 1677
f 1697 1698 1677
f 1699 1679 1678
f 1698 1699 1678
f 1700 1680 1679
f 1699 1700 1679
f 1701 1681 1680
f 1700 1701 1680
f 1702 1682 1681
f 1701 1702 1681
f 1703 1683 1682
f 1702 1703 1682
f 1704 1684 1683
f 1703 1704 1683
f 1705 1685 1684
f 1704 1705 1684
f 1706 1686 1685
f 1705 1706 1685
f 1707 1687 1686
f 1706 1707 1686
f 1708 1688 1687
f 1707 1708 1687
f 1709 1689 1688
f 1708 1709 1688
f 1710 1690 1689
f 1709 1710 1689
f 1711 1691 1690
f 1710 1711 1690
f 1712 1692 1691
f 1711 1712 1691
f 1713 1693 1692
f 1712 1713 1692
f 1714 1694 1693
f 1713 1714 1693
f 1715 1695 1694
f 1714 1715 1694
f 1716 1696 1695
f 1715 1716 1695
f 1697 1677 1696
f 1716 1697 1696
f 1718 1698 1697
f 1717 1718 1697
f 1719 1699 1698
f 1718 1719 1698
f 1720 1700 1699
f 1719 1720 1699
f 1721 1701 1700
f 1720 1721 1700
f 1722 1702 1701
f 1721 1722 1701
f 1723 1703 1702
f 1722 1723 1702
f 1724 1704 1703
f 1723 1724 1703
f 1725 1705 1704
f 1724 1725 1704
f 1726 1706 1705
f 1725 1726 1705
f 1727 1707 1706
f 1726 1727 1706
f 1728 1708 1707
f 1727 1728 1707
f 1729 1709 1708
f 1728 1729 1708
f 1730 1710 1709
f 1729 1730 1709
f 1731 1711 1710
f 1730 1731 1710
f 1732 1712 1711
f 1731 1732 1711
f 1733 1713 1712
f 1732 1733 1712
f 1734 1714 1713
f 1733 1734 1713
f 1735 1715 1714
f 1734 1735 1714
f 1736 1716 1715
f 1735 1736 1715
f 1717 1697 1716
f 1736 1717 1716
f 1658 1659 1657
f 1719 1718 1717
f 1659 1660 1657
f 1720 1719 1717
f 1660 1661 1657
f 1721 1720 1717
f 1661 1662 1657
f 1722 1721 1717
f 1662 1663 1657
f 1723 1722 1717
f 1663 1664 1657
f 1724 1723 1717
f 1664 1665 1657
f 1725 1724 1717
f 1665 1666 1657
f 1726 1725 1717
f 1666 1667 1657
f 1727 1726 1717
f 1667 1668 1657
f 1728 1727 1717
f 1668 1669 1657
f 1729 1728 1717
f 1669 1670 1657
f 1730 1729 1717
f 1670 1671 1657
f 1731 1730 1717
f 1671 1672 1657
f 1732 1731 1717
f 1672 1673 1657
f 1733 1732 1717
f 1673 1674 1657
f 1734 1733 1717
f 1674 1675 1657
f 1735 1734 1717
f 1675 1676 1657
f 1736 1735 1717
o Sedacka_dil_2
v 5.002825 3.175656 0.280000
v 5.008750 3.174628 0.280000
v 5.014095 3.171646 0.280000
v 5.018337 3.167000 0.280000
v 5.021060 3.161146 0.280000
v 5.021999 2.694656 0.280000
v 5.021060 2.688167 0.280000
v 5.018337 2.682313 0.280000
v 5.014095 2.677667 0.280000
v 5.008750 2.674684 0.280000
v 3.898042 2.673656 0.280000
v 3.892117 2.674684 0.280000
v 3.886772 2.677667 0.280000
v 3.882530 2.682313 0.280000
v 3.879807 2.688167 0.280000
v 3.878868 3.154656 0.280000
v 3.879807 3.161146 0.280000
v 3.882530 3.167000 0.280000
v 3.886772 3.171646 0.280000
v 3.892117 3.174628 0.280000
v 5.002825 3.199656 0.304000
v 5.015521 3.197454 0.304000
v 5.026975 3.191062 0.304000
v 5.036065 3.181107 0.304000
v 5.041901 3.168562 0.304000
v 5.043912 2.694656 0.304000
v 5.041901 2.680751 0.304000
v 5.036065 2.668206 0.304000
v 5.026975 2.658251 0.304000
v 5.015521 2.651859 0.304000
v 3.898042 2.649656 0.304000
v 3.885346 2.651859 0.304000
v 3.873892 2.658251 0.304000
v 3.864802 2.668206 0.304000
v 3.858966 2.680751 0.304000
v 3.856955 3.154656 0.304000
v 3.858966 3.168562 0.304000
v 3.864802 3.181107 0.304000
v 3.873892 3.191062 0.304000
v 3.885346 3.197454 0.304000
v 5.002825 3.199656 0.436000
v 5.015521 3.197454 0.436000
v 5.026975 3.191062 0.436000
v 5.036065 3.181107 0.436000
v 5.041901 3.168562 0.436000
v 5.043912 2.694656 0.436000
v 5.041901 2.680751 0.436000
v 5.036065 2.668206 0.436000
v 5.026975 2.658251 0.436000
v 5.015521 2.651859 0.436000
v 3.898042 2.649656 0.436000
v 3.885346 2.651859 0.436000
v 3.873892 2.658251 0.436000
v 3.864802 2.668206 0.436000
v 3.858966 2.680751 0.436000
v 3.856955 3.154656 0.436000
v 3.858966 3.168562 0.436000
v 3.864802 3.181107 0.436000
v 3.873892 3.191062 0.436000
v 3.885346 3.197454 0.436000
v 5.002825 3.175656 0.460000
v 5.008750 3.174628 0.460000
v 5.014095 3.171646 0.460000
v 5.018337 3.167000 0.460000
v 5.021060 3.161146 0.460000
v 5.021999 2.694656 0.460000
v 5.021060 2.688167 0.460000
v 5.018337 2.682313 0.460000
v 5.014095 2.677667 0.460000
v 5.008750 2.674684 0.460000
v 3.898042 2.673656 0.460000
v 3.892117 2.674684 0.460000
v 3.886772 2.677667 0.460000
v 3.882530 2.682313 0.460000
v 3.879807 2.688167 0.460000
v 3.878868 3.154656 0.460000
v 3.879807 3.161146 0.460000
v 3.882530 3.167000 0.460000
v 3.886772 3.171646 0.460000
v 3.892117 3.174628 0.460000
f 1758 1738 1737
f 1757 1758 1737
f 1759 1739 1738
f 1758 1759 1738
f 1760 1740 1739
f 1759 1760 1739
f 1761 1741 1740
f 1760 1761 1740
f 1762 1742 1741
f 1761 1762 1741
f 1763 1743 1742
f 1762 1763 1742
f 1764 1744 1743
f 1763 1764 1743
f 1765 1745 1744
f 1764 1765 1744
f 1766 1746 1745
f 1765 1766 1745
f 1767 1747 1746
f 1766 1767 1746
f 1768 1748 1747
f 1767 1768 1747
f 1769 1749 1748
f 1768 1769 1748
f 1770 1750 1749
f 1769 1770 1749
f 1771 1751 1750
f 1770 1771 1750
f 1772 1752 1751
f 1771 1772 1751
f 1773 1753 1752
f 1772 1773 1752
f 1774 1754 1753
f 1773 1774 1753
f 1775 1755 1754
f 1774 1775 1754
f 1776 1756 1755
f 1775 1776 1755
f 1757 1737 1756
f 1776 1757 1756
f 1778 1758 1757
f 1777 1778 1757
f 1779 1759 1758
f 1778 1779 1758
f 1780 1760 1759
f 1779 1780 1759
f 1781 1761 1760
f 1780 1781 1760
f 1782 1762 1761
f 1781 1782 1761
f 1783 1763 1762
f 1782 1783 1762
f 1784 1764 1763
f 1783 1784 1763
f 1785 1765 1764
f 1784 1785 1764
f 1786 1766 1765
f 1785 1786 1765
f 1787 1767 1766
f 1786 1787 1766
f 1788 1768 1767
f 1787 1788 1767
f 1789 1769 1768
f 1788 1789 1768
f 1790 1770 1769
f 1789 1790 1769
f 1791 1771 1770
f 1790 1791 1770
f 1792 1772 1771
f 1791 1792 1771
f 1793 1773 1772
f 1792 1793 1772
f 1794 1774 1773
f 1793 1794 1773
f 1795 1775 1774
f 1794 1795 1774
f 1796 1776 1775
f 1795 1796 1775
f 1777 1757 1776
f 1796 1777 1776
f 1798 1778 1777
f 1797 1798 1777
f 1799 1779 1778
f 1798 1799 1778
f 1800 1780 1779
f 1799 1800 1779
f 1801 1781 1780
f 1800 1801 1780
f 1802 1782 1781
f 1801 1802 1781
f 1803 1783 1782
f 1802 1803 1782
f 1804 1784 1783
f 1803 1804 1783
f 1805 1785 1784
f 1804 1805 1784
f 1806 1786 1785
f 1805 1806 1785
f 1807 1787 1786
f 1806 1807 1786
f 1808 1788 1787
f 1807 1808 1787
f 1809 1789 1788
f 1808 1809 1788
f 1810 1790 1789
f 1809 1810 1789
f 1811 1791 1790
f 1810 1811 1790
f 1812 1792 1791
f 1811 1812 1791
f 1813 1793 1792
f 1812 1813 1792
f 1814 1794 1793
f 1813 1814 1793
f 1815 1795 1794
f 1814 1815 1794
f 1816 1796 1795
f 1815 1816 1795
f 1797 1777 1796
f 1816 1797 1796
f 1738 1739 1737
f 1799 1798 1797
f 1739 1740 1737
f 1800 1799 1797
f 1740 1741 1737
f 1801 1800 1797
f 1741 1742 1737
f 1802 1801 1797
f 1742 1743 1737
f 1803 1802 1797
f 1743 1744 1737
f 1804 1803 1797
f 1744 1745 1737
f 1805 1804 1797
f 1745 1746 1737
f 1806 1805 1797
f 1746 1747 1737
f 1807 1806 1797
f 1747 1748 1737
f 1808 1807 1797
f 1748 1749 1737
f 1809 1808 1797
f 1749 1750 1737
f 1810 1809 1797
f 1750 1751 1737
f 1811 1810 1797
f 1751 1752 1737
f 1812 1811 1797
f 1752 1753 1737
f 1813 1812 1797
f 1753 1754 1737
f 1814 1813 1797
f 1754 1755 1737
f 1815 1814 1797
f 1755 1756 1737
f 1816 1815 1797
o Sedacka_dil_3
v 5.007390 3.375656 0.290000
v 5.011904 3.374873 0.290000
v 5.015977 3.372601 0.290000
v 5.019209 3.369061 0.290000
v 5.021284 3.364601 0.290000
v 5.021999 3.239656 0.290000
v 5.021284 3.234712 0.290000
v 5.019209 3.230252 0.290000
v 5.015977 3.226712 0.290000
v 5.011904 3.224439 0.290000
v 3.893477 3.223656 0.290000
v 3.888963 3.224439 0.290000
v 3.884890 3.226712 0.290000
v 3.881658 3.230252 0.290000
v 3.879583 3.234712 0.290000
v 3.878868 3.359656 0.290000
v 3.879583 3.364601 0.290000
v 3.881658 3.369061 0.290000
v 3.884890 3.372601 0.290000
v 3.888963 3.374873 0.290000
v 5.007390 3.399656 0.314000
v 5.018676 3.397699 0.314000
v 5.028857 3.392017 0.314000
v 5.036937 3.383168 0.314000
v 5.042124 3.372017 0.314000
v 5.043912 3.239656 0.314000
v 5.042124 3.227296 0.314000
v 5.036937 3.216145 0.314000
v 5.028857 3.207296 0.314000
v 5.018676 3.201614 0.314000
v 3.893477 3.199656 0.314000
v 3.882191 3.201614 0.314000
v 3.872010 3.207296 0.314000
v 3.863930 3.216145 0.314000
v 3.858743 3.227296 0.314000
v 3.856955 3.359656 0.314000
v 3.858743 3.372017 0.314000
v 3.863930 3.383168 0.314000
v 3.872010 3.392017 0.314000
v 3.882191 3.397699 0.314000
v 5.007390 3.399656 0.846000
v 5.018676 3.397699 0.846000
v 5.028857 3.392017 0.846000
v 5.036937 3.383168 0.846000
v 5.042124 3.372017 0.846000
v 5.043912 3.239656 0.846000
v 5.042124 3.227296 0.846000
v 5.036937 3.216145 0.846000
v 5.028857 3.207296 0.846000
v 5.018676 3.201614 0.846000
v 3.893477 3.199656 0.846000
v 3.882191 3.201614 0.846000
v 3.872010 3.207296 0.846000
v 3.863930 3.216145 0.846000
v 3.858743 3.227296 0.846000
v 3.856955 3.359656 0.846000
v 3.858743 3.372017 0.846000
v 3.863930 3.383168 0.846000
v 3.872010 3.392017 0.846000
v 3.882191 3.397699 0.846000
v 5.007390 3.375656 0.870000
v 5.011904 3.374873 0.870000
v 5.015977 3.372601 0.870000
v 5.019209 3.369061 0.870000
v 5.021284 3.364601 0.870000
v 5.021999 3.239656 0.870000
v 5.021284 3.234712 0.870000
v 5.019209 3.230252 0.870000
v 5.015977 3.226712 0.870000
v 5.011904 3.224439 0.870000
v 3.893477 3.223656 0.870000
v 3.888963 3.224439 0.870000
v 3.884890 3.226712 0.870000
v 3.881658 3.230252 0.870000
v 3.879583 3.234712 0.870000
v 3.878868 3.359656 0.870000
v 3.879583 3.364601 0.870000
v 3.881658 3.369061 0.870000
v 3.884890 3.372601 0.870000
v 3.888963 3.374873 0.870000
f 1838 1818 1817
f 1837 1838 1817
f 1839 1819 1818
f 1838 1839 1818
f 1840 1820 1819
f 1839 1840 1819
f 1841 1821 1820
f 1840 1841 1820
f 1842 1822 1821
f 1841 1842 1821
f 1843 1823 1822
f 1842 1843 1822
f 1844 1824 1823
f 1843 1844 1823
f 1845 1825 1824
f 1844 1845 1824
f 1846 1826 1825
f 1845 1846 1825
f 1847 1827 1826
f 1846 1847 1826
f 1848 1828 1827
f 1847 1848 1827
f 1849 1829 1828
f 1848 1849 1828
f 1850 1830 1829
f 1849 1850 1829
f 1851 1831 1830
f 1850 1851 1830
f 1852 1832 1831
f 1851 1852 1831
f 1853 1833 1832
f 1852 1853 1832
f 1854 1834 1833
f 1853 1854 1833
f 1855 1835 1834
f 1854 1855 1834
f 1856 1836 1835
f 1855 1856 1835
f 1837 1817 1836
f 1856 1837 1836
f 1858 1838 1837
f 1857 1858 1837
f 1859 1839 1838
f 1858 1859 1838
f 1860 1840 1839
f 1859 1860 1839
f 1861 1841 1840
f 1860 1861 1840
f 1862 1842 1841
f 1861 1862 1841
f 1863 1843 1842
f 1862 1863 1842
f 1864 1844 1843
f 1863 1864 1843
f 1865 1845 1844
f 1864 1865 1844
f 1866 1846 1845
f 1865 1866 1845
f 1867 1847 1846
f 1866 1867 1846
f 1868 1848 1847
f 1867 1868 1847
f 1869 1849 1848
f 1868 1869 1848
f 1870 1850 1849
f 1869 1870 1849
f 1871 1851 1850
f 1870 1871 1850
f 1872 1852 1851
f 1871 1872 1851
f 1873 1853 1852
f 1872 1873 1852
f 1874 1854 1853
f 1873 1874 1853
f 1875 1855 1854
f 1874 1875 1854
f 1876 1856 1855
f 1875 1876 1855
f 1857 1837 1856
f 1876 1857 1856
f 1878 1858 1857
f 1877 1878 1857
f 1879 1859 1858
f 1878 1879 1858
f 1880 1860 1859
f 1879 1880 1859
f 1881 1861 1860
f 1880 1881 1860
f 1882 1862 1861
f 1881 1882 1861
f 1883 1863 1862
f 1882 1883 1862
f 1884 1864 1863
f 1883 1884 1863
f 1885 1865 1864
f 1884 1885 1864
f 1886 1866 1865
f 1885 1886 1865
f 1887 1867 1866
f 1886 1887 1866
f 1888 1868 1867
f 1887 1888 1867
f 1889 1869 1868
f 1888 1889 1868
f 1890 1870 1869
f 1889 1890 1869
f 1891 1871 1870
f 1890 1891 1870
f 1892 1872 1871
f 1891 1892 1871
f 1893 1873 1872
f 1892 1893 1872
f 1894 1874 1873
f 1893 1894 1873
f 1895 1875 1874
f 1894 1895 1874
f 1896 1876 1875
f 1895 1896 1875
f 1877 1857 1876
f 1896 1877 1876
f 1818 1819 1817
f 1879 1878 1877
f 1819 1820 1817
f 1880 1879 1877
f 1820 1821 1817
f 1881 1880 1877
f 1821 1822 1817
f 1882 1881 1877
f 1822 1823 1817
f 1883 1882 1877
f 1823 1824 1817
f 1884 1883 1877
f 1824 1825 1817
f 1885 1884 1877
f 1825 1826 1817
f 1886 1885 1877
f 1826 1827 1817
f 1887 1886 1877
f 1827 1828 1817
f 1888 1887 1877
f 1828 1829 1817
f 1889 1888 1877
f 1829 1830 1817
f 1890 1889 1877
f 1830 1831 1817
f 1891 1890 1877
f 1831 1832 1817
f 1892 1891 1877
f 1832 1833 1817
f 1893 1892 1877
f 1833 1834 1817
f 1894 1893 1877
f 1834 1835 1817
f 1895 1894 1877
f 1835 1836 1817
f 1896 1895 1877
o Sedacka_dil_4
v 5.792607 3.378656 0.290000
v 5.795147 3.378216 0.290000
v 5.797437 3.376937 0.290000
v 5.799255 3.374946 0.290000
v 5.800422 3.372437 0.290000
v 5.800825 2.704656 0.290000
v 5.800422 2.701875 0.290000
v 5.799255 2.699366 0.290000
v 5.797437 2.697375 0.290000
v 5.795147 2.696097 0.290000
v 5.710433 2.695656 0.290000
v 5.707894 2.696097 0.290000
v 5.705603 2.697375 0.290000
v 5.703785 2.699366 0.290000
v 5.702618 2.701875 0.290000
v 5.702216 3.369656 0.290000
v 5.702618 3.372437 0.290000
v 5.703785 3.374946 0.290000
v 5.705603 3.376937 0.290000
v 5.707894 3.378216 0.290000
v 5.792607 3.399656 0.311000
v 5.801072 3.398188 0.311000
v 5.808707 3.393927 0.311000
v 5.814767 3.387290 0.311000
v 5.818658 3.378927 0.311000
v 5.819999 2.704656 0.311000
v 5.818658 2.695386 0.311000
v 5.814767 2.687023 0.311000
v 5.808707 2.680386 0.311000
v 5.801072 2.676125 0.311000
v 5.710433 2.674656 0.311000
v 5.701969 2.676125 0.311000
v 5.694333 2.680386 0.311000
v 5.688273 2.687023 0.311000
v 5.684383 2.695386 0.311000
v 5.683042 3.369656 0.311000
v 5.684383 3.378927 0.311000
v 5.688273 3.387290 0.311000
v 5.694333 3.393927 0.311000
v 5.701969 3.398188 0.311000
v 5.792607 3.399656 0.639000
v 5.801072 3.398188 0.639000
v 5.808707 3.393927 0.639000
v 5.814767 3.387290 0.639000
v 5.818658 3.378927 0.639000
v 5.819999 2.704656 0.639000
v 5.818658 2.695386 0.639000
v 5.814767 2.687023 0.639000
v 5.808707 2.680386 0.639000
v 5.801072 2.676125 0.639000
v 5.710433 2.674656 0.639000
v 5.701969 2.676125 0.639000
v 5.694333 2.680386 0.639000
v 5.688273 2.687023 0.639000
v 5.684383 2.695386 0.639000
v 5.683042 3.369656 0.639000
v 5.684383 3.378927 0.639000
v 5.688273 3.387290 0.639000
v 5.694333 3.393927 0.639000
v 5.701969 3.398188 0.639000
v 5.792607 3.378656 0.660000
v 5.795147 3.378216 0.660000
v 5.797437 3.376937 0.660000
v 5.799255 3.374946 0.660000
v 5.800422 3.372437 0.660000
v 5.800825 2.704656 0.660000
v 5.800422 2.701875 0.660000
v 5.799255 2.699366 0.660000
v 5.797437 2.697375 0.660000
v 5.795147 2.696097 0.660000
v 5.710433 2.695656 0.660000
v 5.707894 2.696097 0.660000
v 5.705603 2.697375 0.660000
v 5.703785 2.699366 0.660000
v 5.702618 2.701875 0.660000
v 5.702216 3.369656 0.660000
v 5.702618 3.372437 0.660000
v 5.703785 3.374946 0.660000
v 5.705603 3.376937 0.660000
v 5.707894 3.378216 0.660000
f 1918 1898 1897
f 1917 1918 1897
f 1919 1899 1898
f 1918 1919 1898
f 1920 1900 1899
f 1919 1920 1899
f 1921 1901 1900
f 1920 1921 1900
f 1922 1902 1901
f 1921 1922 1901
f 1923 1903 1902
f 1922 1923 1902
f 1924 1904 1903
f 1923 1924 1903
f 1925 1905 1904
f 1924 1925 1904
f 1926 1906 1905
f 1925 1926 1905
f 1927 1907 1906
f 1926 1927 1906
f 1928 1908 1907
f 1927 1928 1907
f 1929 1909 1908
f 1928 1929 1908
f 1930 1910 1909
f 1929 1930 1909
f 1931 1911 1910
f 1930 1931 1910
f 1932 1912 1911
f 1931 1932 1911
f 1933 1913 1912
f 1932 1933 1912
f 1934 1914 1913
f 1933 1934 1913
f 1935 1915 1914
f 1934 1935 1914
f 1936 1916 1915
f 1935 1936 1915
f 1917 1897 1916
f 1936 1917 1916
f 1938 1918 1917
f 1937 1938 1917
f 1939 1919 1918
f 1938 1939 1918
f 1940 1920 1919
f 1939 1940 1919
f 1941 1921 1920
f 1940 1941 1920
f 1942 1922 1921
f 1941 1942 1921
f 1943 1923 1922
f 1942 1943 1922
f 1944 1924 1923
f 1943 1944 1923
f 1945 1925 1924
f 1944 1945 1924
f 1946 1926 1925
f 1945 1946 1925
f 1947 1927 1926
f 1946 1947 1926
f 1948 1928 1927
f 1947 1948 1927
f 1949 1929 1928
f 1948 1949 1928
f 1950 1930 1929
f 1949 1950 1929
f 1951 1931 1930
f 1950 1951 1930
f 1952 1932 1931
f 1951 1952 1931
f 1953 1933 1932
f 1952 1953 1932
f 1954 1934 1933
f 1953 1954 1933
f 1955 1935 1934
f 1954 1955 1934
f 1956 1936 1935
f 1955 1956 1935
f 1937 1917 1936
f 1956 1937 1936
f 1958 1938 1937
f 1957 1958 1937
f 1959 1939 1938
f 1958 1959 1938
f 1960 1940 1939
f 1959 1960 1939
f 1961 1941 1940
f 1960 1961 1940
f 1962 1942 1941
f 1961 1962 1941
f 1963 1943 1942
f 1962 1963 1942
f 1964 1944 1943
f 1963 1964 1943
f 1965 1945 1944
f 1964 1965 1944
f 1966 1946 1945
f 1965 1966 1945
f 1967 1947 1946
f 1966 1967 1946
f 1968 1948 1947
f 1967 1968 1947
f 1969 1949 1948
f 1968 1969 1948
f 1970 1950 1949
f 1969 1970 1949
f 1971 1951 1950
f 1970 1971 1950
f 1972 1952 1951
f 1971 1972 1951
f 1973 1953 1952
f 1972 1973 1952
f 1974 1954 1953
f 1973 1974 1953
f 1975 1955 1954
f 1974 1975 1954
f 1976 1956 1955
f 1975 1976 1955
f 1957 1937 1956
f 1976 1957 1956
f 1898 1899 1897
f 1959 1958 1957
f 1899 1900 1897
f 1960 1959 1957
f 1900 1901 1897
f 1961 1960 1957
f 1901 1902 1897
f 1962 1961 1957
f 1902 1903 1897
f 1963 1962 1957
f 1903 1904 1897
f 1964 1963 1957
f 1904 1905 1897
f 1965 1964 1957
f 1905 1906 1897
f 1966 1965 1957
f 1906 1907 1897
f 1967 1966 1957
f 1907 1908 1897
f 1968 1967 1957
f 1908 1909 1897
f 1969 1968 1957
f 1909 1910 1897
f 1970 1969 1957
f 1910 1911 1897
f 1971 1970 1957
f 1911 1912 1897
f 1972 1971 1957
f 1912 1913 1897
f 1973 1972 1957
f 1913 1914 1897
f 1974 1973 1957
f 1914 1915 1897
f 1975 1974 1957
f 1915 1916 1897
f 1976 1975 1957
o Sedacka_dil_5
v 3.829564 3.378656 0.290000
v 3.832103 3.378216 0.290000
v 3.834394 3.376937 0.290000
v 3.836212 3.374946 0.290000
v 3.837379 3.372437 0.290000
v 3.837781 2.704656 0.290000
v 3.837379 2.701875 0.290000
v 3.836212 2.699366 0.290000
v 3.834394 2.697375 0.290000
v 3.832103 2.696097 0.290000
v 3.747390 2.695656 0.290000
v 3.744851 2.696097 0.290000
v 3.742560 2.697375 0.290000
v 3.740742 2.699366 0.290000
v 3.739575 2.701875 0.290000
v 3.739173 3.369656 0.290000
v 3.739575 3.372437 0.290000
v 3.740742 3.374946 0.290000
v 3.742560 3.376937 0.290000
v 3.744851 3.378216 0.290000
v 3.829564 3.399656 0.311000
v 3.838028 3.398188 0.311000
v 3.845664 3.393927 0.311000
v 3.851724 3.387290 0.311000
v 3.855614 3.378927 0.311000
v 3.856955 2.704656 0.311000
v 3.855614 2.695386 0.311000
v 3.851724 2.687023 0.311000
v 3.845664 2.680386 0.311000
v 3.838028 2.676125 0.311000
v 3.747390 2.674656 0.311000
v 3.738926 2.676125 0.311000
v 3.731290 2.680386 0.311000
v 3.725230 2.687023 0.311000
v 3.721339 2.695386 0.311000
v 3.719999 3.369656 0.311000
v 3.721339 3.378927 0.311000
v 3.725230 3.387290 0.311000
v 3.731290 3.393927 0.311000
v 3.738926 3.398188 0.311000
v 3.829564 3.399656 0.639000
v 3.838028 3.398188 0.639000
v 3.845664 3.393927 0.639000
v 3.851724 3.387290 0.639000
v 3.855614 3.378927 0.639000
v 3.856955 2.704656 0.639000
v 3.855614 2.695386 0.639000
v 3.851724 2.687023 0.639000
v 3.845664 2.680386 0.639000
v 3.838028 2.676125 0.639000
v 3.747390 2.674656 0.639000
v 3.738926 2.676125 0.639000
v 3.731290 2.680386 0.639000
v 3.725230 2.687023 0.639000
v 3.721339 2.695386 0.639000
v 3.719999 3.369656 0.639000
v 3.721339 3.378927 0.639000
v 3.725230 3.387290 0.639000
v 3.731290 3.393927 0.639000
v 3.738926 3.398188 0.639000
v 3.829564 3.378656 0.660000
v 3.832103 3.378216 0.660000
v 3.834394 3.376937 0.660000
v 3.836212 3.374946 0.660000
v 3.837379 3.372437 0.660000
v 3.837781 2.704656 0.660000
v 3.837379 2.701875 0.660000
v 3.836212 2.699366 0.660000
v 3.834394 2.697375 0.660000
v 3.832103 2.696097 0.660000
v 3.747390 2.695656 0.660000
v 3.744851 2.696097 0.660000
v 3.742560 2.697375 0.660000
v 3.740742 2.699366 0.660000
v 3.739575 2.701875 0.660000
v 3.739173 3.369656 0.660000
v 3.739575 3.372437 0.660000
v 3.740742 3.374946 0.660000
v 3.742560 3.376937 0.660000
v 3.744851 3.378216 0.660000
f 1998 1978 1977
f 1997 1998 1977
f 1999 1979 1978
f 1998 1999 1978
f 2000 1980 1979
f 1999 2000 1979
f 2001 1981 1980
f 2000 2001 1980
f 2002 1982 1981
f 2001 2002 1981
f 2003 1983 1982
f 2002 2003 1982
f 2004 1984 1983
f 2003 2004 1983
f 2005 1985 1984
f 2004 2005 1984
f 2006 1986 1985
f 2005 2006 1985
f 2007 1987 1986
f 2006 2007 1986
f 2008 1988 1987
f 2007 2008 1987
f 2009 1989 1988
f 2008 2009 1988
f 2010 1990 1989
f 2009 2010 1989
f 2011 1991 1990
f 2010 2011 1990
f 2012 1992 1991
f 2011 2012 1991
f 2013 1993 1992
f 2012 2013 1992
f 2014 1994 1993
f 2013 2014 1993
f 2015 1995 1994
f 2014 2015 1994
f 2016 1996 1995
f 2015 2016 1995
f 1997 1977 1996
f 2016 1997 1996
f 2018 1998 1997
f 2017 2018 1997
f 2019 1999 1998
f 2018 2019 1998
f 2020 2000 1999
f 2019 2020 1999
f 2021 2001 2000
f 2020 2021 2000
f 2022 2002 2001
f 2021 2022 2001
f 2023 2003 2002
f 2022 2023 2002
f 2024 2004 2003
f 2023 2024 2003
f 2025 2005 2004
f 2024 2025 2004
f 2026 2006 2005
f 2025 2026 2005
f 2027 2007 2006
f 2026 2027 2006
f 2028 2008 2007
f 2027 2028 2007
f 2029 2009 2008
f 2028 2029 2008
f 2030 2010 2009
f 2029 2030 2009
f 2031 2011 2010
f 2030 2031 2010
f 2032 2012 2011
f 2031 2032 2011
f 2033 2013 2012
f 2032 2033 2012
f 2034 2014 2013
f 2033 2034 2013
f 2035 2015 2014
f 2034 2035 2014
f 2036 2016 2015
f 2035 2036 2015
f 2017 1997 2016
f 2036 2017 2016
f 2038 2018 2017
f 2037 2038 2017
f 2039 2019 2018
f 2038 2039 2018
f 2040 2020 2019
f 2039 2040 2019
f 2041 2021 2020
f 2040 2041 2020
f 2042 2022 2021
f 2041 2042 2021
f 2043 2023 2022
f 2042 2043 2022
f 2044 2024 2023
f 2043 2044 2023
f 2045 2025 2024
f 2044 2045 2024
f 2046 2026 2025
f 2045 2046 2025
f 2047 2027 2026
f 2046 2047 2026
f 2048 2028 2027
f 2047 2048 2027
f 2049 2029 2028
f 2048 2049 2028
f 2050 2030 2029
f 2049 2050 2029
f 2051 2031 2030
f 2050 2051 2030
f 2052 2032 2031
f 2051 2052 2031
f 2053 2033 2032
f 2052 2053 2032
f 2054 2034 2033
f 2053 2054 2033
f 2055 2035 2034
f 2054 2055 2034
f 2056 2036 2035
f 2055 2056 2035
f 2037 2017 2036
f 2056 2037 2036
f 1978 1979 1977
f 2039 2038 2037
f 1979 1980 1977
f 2040 2039 2037
f 1980 1981 1977
f 2041 2040 2037
f 1981 1982 1977
f 2042 2041 2037
f 1982 1983 1977
f 2043 2042 2037
f 1983 1984 1977
f 2044 2043 2037
f 1984 1985 1977
f 2045 2044 2037
f 1985 1986 1977
f 2046 2045 2037
f 1986 1987 1977
f 2047 2046 2037
f 1987 1988 1977
f 2048 2047 2037
f 1988 1989 1977
f 2049 2048 2037
f 1989 1990 1977
f 2050 2049 2037
f 1990 1991 1977
f 2051 2050 2037
f 1991 1992 1977
f 2052 2051 2037
f 1992 1993 1977
f 2053 2052 2037
f 1993 1994 1977
f 2054 2053 2037
f 1994 1995 1977
f 2055 2054 2037
f 1995 1996 1977
f 2056 2055 2037
o Sedacka_noha_0
v 3.856955 3.279656 0.000000
v 3.856955 3.301656 0.000000
v 3.856955 3.301656 0.110000
v 3.856955 3.279656 0.110000
v 3.863162 3.300580 0.000000
v 3.863162 3.300580 0.110000
v 3.868762 3.297455 0.000000
v 3.868762 3.297455 0.110000
v 3.873206 3.292588 0.000000
v 3.873206 3.292588 0.110000
v 3.876059 3.286455 0.000000
v 3.876059 3.286455 0.110000
v 3.877042 3.279656 0.000000
v 3.877042 3.279656 0.110000
v 3.876059 3.272858 0.000000
v 3.876059 3.272858 0.110000
v 3.873206 3.266725 0.000000
v 3.873206 3.266725 0.110000
v 3.868762 3.261858 0.000000
v 3.868762 3.261858 0.110000
v 3.863162 3.258733 0.000000
v 3.863162 3.258733 0.110000
v 3.856955 3.257656 0.000000
v 3.856955 3.257656 0.110000
v 3.850748 3.258733 0.000000
v 3.850748 3.258733 0.110000
v 3.845148 3.261858 0.000000
v 3.845148 3.261858 0.110000
v 3.840704 3.266725 0.000000
v 3.840704 3.266725 0.110000
v 3.837851 3.272858 0.000000
v 3.837851 3.272858 0.110000
v 3.836868 3.279656 0.000000
v 3.836868 3.279656 0.110000
v 3.837851 3.286455 0.000000
v 3.837851 3.286455 0.110000
v 3.840704 3.292588 0.000000
v 3.840704 3.292588 0.110000
v 3.845148 3.297455 0.000000
v 3.845148 3.297455 0.110000
v 3.850748 3.300580 0.000000
v 3.850748 3.300580 0.110000
f 2061 2057 2058
f 2059 2061 2058
f 2062 2061 2059
f 2060 2062 2059
f 2063 2057 2061
f 2062 2063 2061
f 2064 2063 2062
f 2060 2064 2062
f 2065 2057 2063
f 2064 2065 2063
f 2066 2065 2064
f 2060 2066 2064
f 2067 2057 2065
f 2066 2067 2065
f 2068 2067 2066
f 2060 2068 2066
f 2069 2057 2067
f 2068 2069 2067
f 2070 2069 2068
f 2060 2070 2068
f 2071 2057 2069
f 2070 2071 2069
f 2072 2071 2070
f 2060 2072 2070
f 2073 2057 2071
f 2072 2073 2071
f 2074 2073 2072
f 2060 2074 2072
f 2075 2057 2073
f 2074 2075 2073
f 2076 2075 2074
f 2060 2076 2074
f 2077 2057 2075
f 2076 2077 2075
f 2078 2077 2076
f 2060 2078 2076
f 2079 2057 2077
f 2078 2079 2077
f 2080 2079 2078
f 2060 2080 2078
f 2081 2057 2079
f 2080 2081 2079
f 2082 2081 2080
f 2060 2082 2080
f 2083 2057 2081
f 2082 2083 2081
f 2084 2083 2082
f 2060 2084 2082
f 2085 2057 2083
f 2084 2085 2083
f 2086 2085 2084
f 2060 2086 2084
f 2087 2057 2085
f 2086 2087 2085
f 2088 2087 2086
f 2060 2088 2086
f 2089 2057 2087
f 2088 2089 2087
f 2090 2089 2088
f 2060 2090 2088
f 2091 2057 2089
f 2090 2091 2089
f 2092 2091 2090
f 2060 2092 2090
f 2093 2057 2091
f 2092 2093 2091
f 2094 2093 2092
f 2060 2094 2092
f 2095 2057 2093
f 2094 2095 2093
f 2096 2095 2094
f 2060 2096 2094
f 2097 2057 2095
f 2096 2097 2095
f 2098 2097 2096
f 2060 2098 2096
f 2058 2057 2097
f 2098 2058 2097
f 2059 2058 2098
f 2060 2059 2098
o Sedacka_noha_1
v 5.683042 3.279656 0.000000
v 5.683042 3.301656 0.000000
v 5.683042 3.301656 0.110000
v 5.683042 3.279656 0.110000
v 5.689249 3.300580 0.000000
v 5.689249 3.300580 0.110000
v 5.694849 3.297455 0.000000
v 5.694849 3.297455 0.110000
v 5.699293 3.292588 0.000000
v 5.699293 3.292588 0.110000
v 5.702146 3.286455 0.000000
v 5.702146 3.286455 0.110000
v 5.703129 3.279656 0.000000
v 5.703129 3.279656 0.110000
v 5.702146 3.272858 0.000000
v 5.702146 3.272858 0.110000
v 5.699293 3.266725 0.000000
v 5.699293 3.266725 0.110000
v 5.694849 3.261858 0.000000
v 5.694849 3.261858 0.110000
v 5.689249 3.258733 0.000000
v 5.689249 3.258733 0.110000
v 5.683042 3.257656 0.000000
v 5.683042 3.257656 0.110000
v 5.676835 3.258733 0.000000
v 5.676835 3.258733 0.110000
v 5.671235 3.261858 0.000000
v 5.671235 3.261858 0.110000
v 5.666791 3.266725 0.000000
v 5.666791 3.266725 0.110000
v 5.663938 3.272858 0.000000
v 5.663938 3.272858 0.110000
v 5.662955 3.279656 0.000000
v 5.662955 3.279656 0.110000
v 5.663938 3.286455 0.000000
v 5.663938 3.286455 0.110000
v 5.666791 3.292588 0.000000
v 5.666791 3.292588 0.110000
v 5.671235 3.297455 0.000000
v 5.671235 3.297455 0.110000
v 5.676835 3.300580 0.000000
v 5.676835 3.300580 0.110000
f 2103 2099 2100
f 2101 2103 2100
f 2104 2103 2101
f 2102 2104 2101
f 2105 2099 2103
f 2104 2105 2103
f 2106 2105 2104
f 2102 2106 2104
f 2107 2099 2105
f 2106 2107 2105
f 2108 2107 2106
f 2102 2108 2106
f 2109 2099 2107
f 2108 2109 2107
f 2110 2109 2108
f 2102 2110 2108
f 2111 2099 2109
f 2110 2111 2109
f 2112 2111 2110
f 2102 2112 2110
f 2113 2099 2111
f 2112 2113 2111
f 2114 2113 2112
f 2102 2114 2112
f 2115 2099 2113
f 2114 2115 2113
f 2116 2115 2114
f 2102 2116 2114
f 2117 2099 2115
f 2116 2117 2115
f 2118 2117 2116
f 2102 2118 2116
f 2119 2099 2117
f 2118 2119 2117
f 2120 2119 2118
f 2102 2120 2118
f 2121 2099 2119
f 2120 2121 2119
f 2122 2121 2120
f 2102 2122 2120
f 2123 2099 2121
f 2122 2123 2121
f 2124 2123 2122
f 2102 2124 2122
f 2125 2099 2123
f 2124 2125 2123
f 2126 2125 2124
f 2102 2126 2124
f 2127 2099 2125
f 2126 2127 2125
f 2128 2127 2126
f 2102 2128 2126
f 2129 2099 2127
f 2128 2129 2127
f 2130 2129 2128
f 2102 2130 2128
f 2131 2099 2129
f 2130 2131 2129
f 2132 2131 2130
f 2102 2132 2130
f 2133 2099 2131
f 2132 2133 2131
f 2134 2133 2132
f 2102 2134 2132
f 2135 2099 2133
f 2134 2135 2133
f 2136 2135 2134
f 2102 2136 2134
f 2137 2099 2135
f 2136 2137 2135
f 2138 2137 2136
f 2102 2138 2136
f 2139 2099 2137
f 2138 2139 2137
f 2140 2139 2138
f 2102 2140 2138
f 2100 2099 2139
f 2140 2100 2139
f 2101 2100 2140
f 2102 2101 2140
o Sedacka_noha_2
v 3.856955 2.799656 0.000000
v 3.856955 2.821656 0.000000
v 3.856955 2.821656 0.110000
v 3.856955 2.799656 0.110000
v 3.863162 2.820580 0.000000
v 3.863162 2.820580 0.110000
v 3.868762 2.817455 0.000000
v 3.868762 2.817455 0.110000
v 3.873206 2.812588 0.000000
v 3.873206 2.812588 0.110000
v 3.876059 2.806455 0.000000
v 3.876059 2.806455 0.110000
v 3.877042 2.799656 0.000000
v 3.877042 2.799656 0.110000
v 3.876059 2.792858 0.000000
v 3.876059 2.792858 0.110000
v 3.873206 2.786725 0.000000
v 3.873206 2.786725 0.110000
v 3.868762 2.781858 0.000000
v 3.868762 2.781858 0.110000
v 3.863162 2.778733 0.000000
v 3.863162 2.778733 0.110000
v 3.856955 2.777656 0.000000
v 3.856955 2.777656 0.110000
v 3.850748 2.778733 0.000000
v 3.850748 2.778733 0.110000
v 3.845148 2.781858 0.000000
v 3.845148 2.781858 0.110000
v 3.840704 2.786725 0.000000
v 3.840704 2.786725 0.110000
v 3.837851 2.792858 0.000000
v 3.837851 2.792858 0.110000
v 3.836868 2.799656 0.000000
v 3.836868 2.799656 0.110000
v 3.837851 2.806455 0.000000
v 3.837851 2.806455 0.110000
v 3.840704 2.812588 0.000000
v 3.840704 2.812588 0.110000
v 3.845148 2.817455 0.000000
v 3.845148 2.817455 0.110000
v 3.850748 2.820580 0.000000
v 3.850748 2.820580 0.110000
f 2145 2141 2142
f 2143 2145 2142
f 2146 2145 2143
f 2144 2146 2143
f 2147 2141 2145
f 2146 2147 2145
f 2148 2147 2146
f 2144 2148 2146
f 2149 2141 2147
f 2148 2149 2147
f 2150 2149 2148
f 2144 2150 2148
f 2151 2141 2149
f 2150 2151 2149
f 2152 2151 2150
f 2144 2152 2150
f 2153 2141 2151
f 2152 2153 2151
f 2154 2153 2152
f 2144 2154 2152
f 2155 2141 2153
f 2154 2155 2153
f 2156 2155 2154
f 2144 2156 2154
f 2157 2141 2155
f 2156 2157 2155
f 2158 2157 2156
f 2144 2158 2156
f 2159 2141 2157
f 2158 2159 2157
f 2160 2159 2158
f 2144 2160 2158
f 2161 2141 2159
f 2160 2161 2159
f 2162 2161 2160
f 2144 2162 2160
f 2163 2141 2161
f 2162 2163 2161
f 2164 2163 2162
f 2144 2164 2162
f 2165 2141 2163
f 2164 2165 2163
f 2166 2165 2164
f 2144 2166 2164
f 2167 2141 2165
f 2166 2167 2165
f 2168 2167 2166
f 2144 2168 2166
f 2169 2141 2167
f 2168 2169 2167
f 2170 2169 2168
f 2144 2170 2168
f 2171 2141 2169
f 2170 2171 2169
f 2172 2171 2170
f 2144 2172 2170
f 2173 2141 2171
f 2172 2173 2171
f 2174 2173 2172
f 2144 2174 2172
f 2175 2141 2173
f 2174 2175 2173
f 2176 2175 2174
f 2144 2176 2174
f 2177 2141 2175
f 2176 2177 2175
f 2178 2177 2176
f 2144 2178 2176
f 2179 2141 2177
f 2178 2179 2177
f 2180 2179 2178
f 2144 2180 2178
f 2181 2141 2179
f 2180 2181 2179
f 2182 2181 2180
f 2144 2182 2180
f 2142 2141 2181
f 2182 2142 2181
f 2143 2142 2182
f 2144 2143 2182
o Sedacka_noha_3
v 5.546086 2.116272 0.000000
v 5.546086 2.148042 0.000000
v 5.546086 2.148042 0.110000
v 5.546086 2.116272 0.110000
v 5.552293 2.146487 0.000000
v 5.552293 2.146487 0.110000
v 5.557892 2.141975 0.000000
v 5.557892 2.141975 0.110000
v 5.562336 2.134946 0.000000
v 5.562336 2.134946 0.110000
v 5.565189 2.126090 0.000000
v 5.565189 2.126090 0.110000
v 5.566173 2.116272 0.000000
v 5.566173 2.116272 0.110000
v 5.565189 2.106454 0.000000
v 5.565189 2.106454 0.110000
v 5.562336 2.097598 0.000000
v 5.562336 2.097598 0.110000
v 5.557892 2.090569 0.000000
v 5.557892 2.090569 0.110000
v 5.552293 2.086057 0.000000
v 5.552293 2.086057 0.110000
v 5.546086 2.084502 0.000000
v 5.546086 2.084502 0.110000
v 5.539878 2.086057 0.000000
v 5.539878 2.086057 0.110000
v 5.534279 2.090569 0.000000
v 5.534279 2.090569 0.110000
v 5.529835 2.097598 0.000000
v 5.529835 2.097598 0.110000
v 5.526982 2.106454 0.000000
v 5.526982 2.106454 0.110000
v 5.525999 2.116272 0.000000
v 5.525999 2.116272 0.110000
v 5.526982 2.126090 0.000000
v 5.526982 2.126090 0.110000
v 5.529835 2.134946 0.000000
v 5.529835 2.134946 0.110000
v 5.534279 2.141975 0.000000
v 5.534279 2.141975 0.110000
v 5.539878 2.146487 0.000000
v 5.539878 2.146487 0.110000
f 2187 2183 2184
f 2185 2187 2184
f 2188 2187 2185
f 2186 2188 2185
f 2189 2183 2187
f 2188 2189 2187
f 2190 2189 2188
f 2186 2190 2188
f 2191 2183 2189
f 2190 2191 2189
f 2192 2191 2190
f 2186 2192 2190
f 2193 2183 2191
f 2192 2193 2191
f 2194 2193 2192
f 2186 2194 2192
f 2195 2183 2193
f 2194 2195 2193
f 2196 2195 2194
f 2186 2196 2194
f 2197 2183 2195
f 2196 2197 2195
f 2198 2197 2196
f 2186 2198 2196
f 2199 2183 2197
f 2198 2199 2197
f 2200 2199 2198
f 2186 2200 2198
f 2201 2183 2199
f 2200 2201 2199
f 2202 2201 2200
f 2186 2202 2200
f 2203 2183 2201
f 2202 2203 2201
f 2204 2203 2202
f 2186 2204 2202
f 2205 2183 2203
f 2204 2205 2203
f 2206 2205 2204
f 2186 2206 2204
f 2207 2183 2205
f 2206 2207 2205
f 2208 2207 2206
f 2186 2208 2206
f 2209 2183 2207
f 2208 2209 2207
f 2210 2209 2208
f 2186 2210 2208
f 2211 2183 2209
f 2210 2211 2209
f 2212 2211 2210
f 2186 2212 2210
f 2213 2183 2211
f 2212 2213 2211
f 2214 2213 2212
f 2186 2214 2212
f 2215 2183 2213
f 2214 2215 2213
f 2216 2215 2214
f 2186 2216 2214
f 2217 2183 2215
f 2216 2217 2215
f 2218 2217 2216
f 2186 2218 2216
f 2219 2183 2217
f 2218 2219 2217
f 2220 2219 2218
f 2186 2220 2218
f 2221 2183 2219
f 2220 2221 2219
f 2222 2221 2220
f 2186 2222 2220
f 2223 2183 2221
f 2222 2223 2221
f 2224 2223 2222
f 2186 2224 2222
f 2184 2183 2223
f 2224 2184 2223
f 2185 2184 2224
f 2186 2185 2224
o Konferencni_stolek_deska
v 4.400000 1.720000 0.412500
v 4.650000 1.720000 0.412500
v 4.650000 1.720000 0.447500
v 4.400000 1.720000 0.447500
v 4.646922 1.759109 0.412500
v 4.646922 1.759109 0.447500
v 4.637764 1.797254 0.412500
v 4.637764 1.797254 0.447500
v 4.622752 1.833498 0.412500
v 4.622752 1.833498 0.447500
v 4.602254 1.866946 0.412500
v 4.602254 1.866946 0.447500
v 4.576777 1.896777 0.412500
v 4.576777 1.896777 0.447500
v 4.546946 1.922254 0.412500
v 4.546946 1.922254 0.447500
v 4.513498 1.942752 0.412500
v 4.513498 1.942752 0.447500
v 4.477254 1.957764 0.412500
v 4.477254 1.957764 0.447500
v 4.439109 1.966922 0.412500
v 4.439109 1.966922 0.447500
v 4.400000 1.970000 0.412500
v 4.400000 1.970000 0.447500
v 4.360891 1.966922 0.412500
v 4.360891 1.966922 0.447500
v 4.322746 1.957764 0.412500
v 4.322746 1.957764 0.447500
v 4.286502 1.942752 0.412500
v 4.286502 1.942752 0.447500
v 4.253054 1.922254 0.412500
v 4.253054 1.922254 0.447500
v 4.223223 1.896777 0.412500
v 4.223223 1.896777 0.447500
v 4.197746 1.866946 0.412500
v 4.197746 1.866946 0.447500
v 4.177248 1.833498 0.412500
v 4.177248 1.833498 0.447500
v 4.162236 1.797254 0.412500
v 4.162236 1.797254 0.447500
v 4.153078 1.759109 0.412500
v 4.153078 1.759109 0.447500
v 4.150000 1.720000 0.412500
v 4.150000 1.720000 0.447500
v 4.153078 1.680891 0.412500
v 4.153078 1.680891 0.447500
v 4.162236 1.642746 0.412500
v 4.162236 1.642746 0.447500
v 4.177248 1.606502 0.412500
v 4.177248 1.606502 0.447500
v 4.197746 1.573054 0.412500
v 4.197746 1.573054 0.447500
v 4.223223 1.543223 0.412500
v 4.223223 1.543223 0.447500
v 4.253054 1.517746 0.412500
v 4.253054 1.517746 0.447500
v 4.286502 1.497248 0.412500
v 4.286502 1.497248 0.447500
v 4.322746 1.482236 0.412500
v 4.322746 1.482236 0.447500
v 4.360891 1.473078 0.412500
v 4.360891 1.473078 0.447500
v 4.400000 1.470000 0.412500
v 4.400000 1.470000 0.447500
v 4.439109 1.473078 0.412500
v 4.439109 1.473078 0.447500
v 4.477254 1.482236 0.412500
v 4.477254 1.482236 0.447500
v 4.513498 1.497248 0.412500
v 4.513498 1.497248 0.447500
v 4.546946 1.517746 0.412500
v 4.546946 1.517746 0.447500
v 4.576777 1.543223 0.412500
v 4.576777 1.543223 0.447500
v 4.602254 1.573054 0.412500
v 4.602254 1.573054 0.447500
v 4.622752 1.606502 0.412500
v 4.622752 1.606502 0.447500
v 4.637764 1.642746 0.412500
v 4.637764 1.642746 0.447500
v 4.646922 1.680891 0.412500
v 4.646922 1.680891 0.447500
f 2226 2225 2229
f 2226 2229 2227
f 2227 2229 2230
f 2227 2230 2228
f 2229 2225 2231
f 2229 2231 2230
f 2230 2231 2232
f 2230 2232 2228
f 2231 2225 2233
f 2231 2233 2232
f 2232 2233 2234
f 2232 2234 2228
f 2233 2225 2235
f 2233 2235 2234
f 2234 2235 2236
f 2234 2236 2228
f 2235 2225 2237
f 2235 2237 2236
f 2236 2237 2238
f 2236 2238 2228
f 2237 2225 2239
f 2237 2239 2238
f 2238 2239 2240
f 2238 2240 2228
f 2239 2225 2241
f 2239 2241 2240
f 2240 2241 2242
f 2240 2242 2228
f 2241 2225 2243
f 2241 2243 2242
f 2242 2243 2244
f 2242 2244 2228
f 2243 2225 2245
f 2243 2245 2244
f 2244 2245 2246
f 2244 2246 2228
f 2245 2225 2247
f 2245 2247 2246
f 2246 2247 2248
f 2246 2248 2228
f 2247 2225 2249
f 2247 2249 2248
f 2248 2249 2250
f 2248 2250 2228
f 2249 2225 2251
f 2249 2251 2250
f 2250 2251 2252
f 2250 2252 2228
f 2251 2225 2253
f 2251 2253 2252
f 2252 2253 2254
f 2252 2254 2228
f 2253 2225 2255
f 2253 2255 2254
f 2254 2255 2256
f 2254 2256 2228
f 2255 2225 2257
f 2255 2257 2256
f 2256 2257 2258
f 2256 2258 2228
f 2257 2225 2259
f 2257 2259 2258
f 2258 2259 2260
f 2258 2260 2228
f 2259 2225 2261
f 2259 2261 2260
f 2260 2261 2262
f 2260 2262 2228
f 2261 2225 2263
f 2261 2263 2262
f 2262 2263 2264
f 2262 2264 2228
f 2263 2225 2265
f 2263 2265 2264
f 2264 2265 2266
f 2264 2266 2228
f 2265 2225 2267
f 2265 2267 2266
f 2266 2267 2268
f 2266 2268 2228
f 2267 2225 2269
f 2267 2269 2268
f 2268 2269 2270
f 2268 2270 2228
f 2269 2225 2271
f 2269 2271 2270
f 2270 2271 2272
f 2270 2272 2228
f 2271 2225 2273
f 2271 2273 2272
f 2272 2273 2274
f 2272 2274 2228
f 2273 2225 2275
f 2273 2275 2274
f 2274 2275 2276
f 2274 2276 2228
f 2275 2225 2277
f 2275 2277 2276
f 2276 2277 2278
f 2276 2278 2228
f 2277 2225 2279
f 2277 2279 2278
f 2278 2279 2280
f 2278 2280 2228
f 2279 2225 2281
f 2279 2281 2280
f 2280 2281 2282
f 2280 2282 2228
f 2281 2225 2283
f 2281 2283 2282
f 2282 2283 2284
f 2282 2284 2228
f 2283 2225 2285
f 2283 2285 2284
f 2284 2285 2286
f 2284 2286 2228
f 2285 2225 2287
f 2285 2287 2286
f 2286 2287 2288
f 2286 2288 2228
f 2287 2225 2289
f 2287 2289 2288
f 2288 2289 2290
f 2288 2290 2228
f 2289 2225 2291
f 2289 2291 2290
f 2290 2291 2292
f 2290 2292 2228
f 2291 2225 2293
f 2291 2293 2292
f 2292 2293 2294
f 2292 2294 2228
f 2293 2225 2295
f 2293 2295 2294
f 2294 2295 2296
f 2294 2296 2228
f 2295 2225 2297
f 2295 2297 2296
f 2296 2297 2298
f 2296 2298 2228
f 2297 2225 2299
f 2297 2299 2298
f 2298 2299 2300
f 2298 2300 2228
f 2299 2225 2301
f 2299 2301 2300
f 2300 2301 2302
f 2300 2302 2228
f 2301 2225 2303
f 2301 2303 2302
f 2302 2303 2304
f 2302 2304 2228
f 2303 2225 2305
f 2303 2305 2304
f 2304 2305 2306
f 2304 2306 2228
f 2305 2225 2226
f 2305 2226 2306
f 2306 2226 2227
f 2306 2227 2228
o Konferencni_stolek_noha_0
v 4.570000 1.720000 0.015000
v 4.583960 1.720000 0.016055
v 4.553960 1.720000 0.413055
v 4.540000 1.720000 0.412000
v 4.582090 1.727000 0.015914
v 4.552090 1.727000 0.412914
v 4.576980 1.732124 0.015527
v 4.546980 1.732124 0.412527
v 4.570000 1.734000 0.015000
v 4.540000 1.734000 0.412000
v 4.563020 1.732124 0.014473
v 4.533020 1.732124 0.411473
v 4.557910 1.727000 0.014086
v 4.527910 1.727000 0.411086
v 4.556040 1.720000 0.013945
v 4.526040 1.720000 0.410945
v 4.557910 1.713000 0.014086
v 4.527910 1.713000 0.411086
v 4.563020 1.707876 0.014473
v 4.533020 1.707876 0.411473
v 4.570000 1.706000 0.015000
v 4.540000 1.706000 0.412000
v 4.576980 1.707876 0.015527
v 4.546980 1.707876 0.412527
v 4.582090 1.713000 0.015914
v 4.552090 1.713000 0.412914
f 2308 2307 2311
f 2308 2311 2309
f 2309 2311 2312
f 2309 2312 2310
f 2311 2307 2313
f 2311 2313 2312
f 2312 2313 2314
f 2312 2314 2310
f 2313 2307 2315
f 2313 2315 2314
f 2314 2315 2316
f 2314 2316 2310
f 2315 2307 2317
f 2315 2317 2316
f 2316 2317 2318
f 2316 2318 2310
f 2317 2307 2319
f 2317 2319 2318
f 2318 2319 2320
f 2318 2320 2310
f 2319 2307 2321
f 2319 2321 2320
f 2320 2321 2322
f 2320 2322 2310
f 2321 2307 2323
f 2321 2323 2322
f 2322 2323 2324
f 2322 2324 2310
f 2323 2307 2325
f 2323 2325 2324
f 2324 2325 2326
f 2324 2326 2310
f 2325 2307 2327
f 2325 2327 2326
f 2326 2327 2328
f 2326 2328 2310
f 2327 2307 2329
f 2327 2329 2328
f 2328 2329 2330
f 2328 2330 2310
f 2329 2307 2331
f 2329 2331 2330
f 2330 2331 2332
f 2330 2332 2310
f 2331 2307 2308
f 2331 2308 2332
f 2332 2308 2309
f 2332 2309 2310
o Konferencni_stolek_noha_1
v 4.315000 1.867224 0.015000
v 4.328960 1.866346 0.014415
v 4.343960 1.840366 0.411415
v 4.330000 1.841244 0.412000
v 4.327547 1.873435 0.014932
v 4.342547 1.847455 0.411932
v 4.322771 1.878860 0.015468
v 4.337771 1.852879 0.412468
v 4.315914 1.881167 0.015878
v 4.330914 1.855186 0.412878
v 4.308811 1.879738 0.016053
v 4.323811 1.853757 0.413053
v 4.303367 1.874956 0.015946
v 4.318367 1.848975 0.412946
v 4.301040 1.868102 0.015585
v 4.316040 1.842121 0.412585
v 4.302453 1.861013 0.015068
v 4.317453 1.835033 0.412068
v 4.307229 1.855589 0.014532
v 4.322229 1.829608 0.411532
v 4.314086 1.853282 0.014122
v 4.329086 1.827301 0.411122
v 4.321189 1.854711 0.013947
v 4.336189 1.828730 0.410947
v 4.326633 1.859493 0.014054
v 4.341633 1.833512 0.411054
f 2334 2333 2337
f 2334 2337 2335
f 2335 2337 2338
f 2335 2338 2336
f 2337 2333 2339
f 2337 2339 2338
f 2338 2339 2340
f 2338 2340 2336
f 2339 2333 2341
f 2339 2341 2340
f 2340 2341 2342
f 2340 2342 2336
f 2341 2333 2343
f 2341 2343 2342
f 2342 2343 2344
f 2342 2344 2336
f 2343 2333 2345
f 2343 2345 2344
f 2344 2345 2346
f 2344 2346 2336
f 2345 2333 2347
f 2345 2347 2346
f 2346 2347 2348
f 2346 2348 2336
f 2347 2333 2349
f 2347 2349 2348
f 2348 2349 2350
f 2348 2350 2336
f 2349 2333 2351
f 2349 2351 2350
f 2350 2351 2352
f 2350 2352 2336
f 2351 2333 2353
f 2351 2353 2352
f 2352 2353 2354
f 2352 2354 2336
f 2353 2333 2355
f 2353 2355 2354
f 2354 2355 2356
f 2354 2356 2336
f 2355 2333 2357
f 2355 2357 2356
f 2356 2357 2358
f 2356 2358 2336
f 2357 2333 2334
f 2357 2334 2358
f 2358 2334 2335
f 2358 2335 2336
o Konferencni_stolek_noha_2
v 4.315000 1.572776 0.015000
v 4.328960 1.573654 0.014415
v 4.343960 1.599634 0.411415
v 4.330000 1.598756 0.412000
v 4.326633 1.580507 0.014054
v 4.341633 1.606488 0.411054
v 4.321189 1.585289 0.013947
v 4.336189 1.611270 0.410947
v 4.314086 1.586718 0.014122
v 4.329086 1.612699 0.411122
v 4.307229 1.584411 0.014532
v 4.322229 1.610392 0.411532
v 4.302453 1.578987 0.015068
v 4.317453 1.604967 0.412068
v 4.301040 1.571898 0.015585
v 4.316040 1.597879 0.412585
v 4.303367 1.565044 0.015946
v 4.318367 1.591025 0.412946
v 4.308811 1.560262 0.016053
v 4.323811 1.586243 0.413053
v 4.315914 1.558833 0.015878
v 4.330914 1.584814 0.412878
v 4.322771 1.561140 0.015468
v 4.337771 1.587121 0.412468
v 4.327547 1.566565 0.014932
v 4.342547 1.592545 0.411932
f 2360 2359 2363
f 2360 2363 2361
f 2361 2363 2364
f 2361 2364 2362
f 2363 2359 2365
f 2363 2365 2364
f 2364 2365 2366
f 2364 2366 2362
f 2365 2359 2367
f 2365 2367 2366
f 2366 2367 2368
f 2366 2368 2362
f 2367 2359 2369
f 2367 2369 2368
f 2368 2369 2370
f 2368 2370 2362
f 2369 2359 2371
f 2369 2371 2370
f 2370 2371 2372
f 2370 2372 2362
f 2371 2359 2373
f 2371 2373 2372
f 2372 2373 2374
f 2372 2374 2362
f 2373 2359 2375
f 2373 2375 2374
f 2374 2375 2376
f 2374 2376 2362
f 2375 2359 2377
f 2375 2377 2376
f 2376 2377 2378
f 2376 2378 2362
f 2377 2359 2379
f 2377 2379 2378
f 2378 2379 2380
f 2378 2380 2362
f 2379 2359 2381
f 2379 2381 2380
f 2380 2381 2382
f 2380 2382 2362
f 2381 2359 2383
f 2381 2383 2382
f 2382 2383 2384
f 2382 2384 2362
f 2383 2359 2360
f 2383 2360 2384
f 2384 2360 2361
f 2384 2361 2362
o Nizka_knihovna_sokl
v 4.709999 0.040000 0.015000
v 4.709999 0.040000 0.090000
v 4.709999 0.360000 0.015000
v 4.709999 0.360000 0.090000
v 5.829999 0.040000 0.015000
v 5.829999 0.040000 0.090000
v 5.829999 0.360000 0.015000
v 5.829999 0.360000 0.090000
f 2386 2388 2385
f 2389 2386 2385
f 2385 2388 2387
f 2387 2389 2385
f 2386 2392 2388
f 2390 2386 2389
f 2390 2392 2386
f 2388 2392 2387
f 2391 2389 2387
f 2387 2392 2391
f 2391 2390 2389
f 2392 2390 2391
o Nizka_knihovna_zada
v 4.669999 0.000000 0.090000
v 4.669999 0.000000 0.780000
v 4.669999 0.020000 0.090000
v 4.669999 0.020000 0.780000
v 5.869999 0.000000 0.090000
v 5.869999 0.000000 0.780000
v 5.869999 0.020000 0.090000
v 5.869999 0.020000 0.780000
f 2394 2396 2393
f 2397 2394 2393
f 2393 2396 2395
f 2395 2397 2393
f 2394 2400 2396
f 2398 2394 2397
f 2398 2400 2394
f 2396 2400 2395
f 2399 2397 2395
f 2395 2400 2399
f 2399 2398 2397
f 2400 2398 2399
o Knihovna_bocnice_4.66999859041066
v 4.669999 0.000000 0.090000
v 4.669999 0.000000 0.780000
v 4.669999 0.400000 0.090000
v 4.669999 0.400000 0.780000
v 4.687999 0.000000 0.090000
v 4.687999 0.000000 0.780000
v 4.687999 0.400000 0.090000
v 4.687999 0.400000 0.780000
f 2402 2404 2401
f 2405 2402 2401
f 2401 2404 2403
f 2403 2405 2401
f 2402 2408 2404
f 2406 2402 2405
f 2406 2408 2402
f 2404 2408 2403
f 2407 2405 2403
f 2403 2408 2407
f 2407 2406 2405
f 2408 2406 2407
o Knihovna_bocnice_5.26099859041066
v 5.260999 0.000000 0.090000
v 5.260999 0.000000 0.780000
v 5.260999 0.400000 0.090000
v 5.260999 0.400000 0.780000
v 5.278999 0.000000 0.090000
v 5.278999 0.000000 0.780000
v 5.278999 0.400000 0.090000
v 5.278999 0.400000 0.780000
f 2410 2412 2409
f 2413 2410 2409
f 2409 2412 2411
f 2411 2413 2409
f 2410 2416 2412
f 2414 2410 2413
f 2414 2416 2410
f 2412 2416 2411
f 2415 2413 2411
f 2411 2416 2415
f 2415 2414 2413
f 2416 2414 2415
o Knihovna_bocnice_5.85199859041066
v 5.851999 0.000000 0.090000
v 5.851999 0.000000 0.780000
v 5.851999 0.400000 0.090000
v 5.851999 0.400000 0.780000
v 5.869999 0.000000 0.090000
v 5.869999 0.000000 0.780000
v 5.869999 0.400000 0.090000
v 5.869999 0.400000 0.780000
f 2418 2420 2417
f 2421 2418 2417
f 2417 2420 2419
f 2419 2421 2417
f 2418 2424 2420
f 2422 2418 2421
f 2422 2424 2418
f 2420 2424 2419
f 2423 2421 2419
f 2419 2424 2423
f 2423 2422 2421
f 2424 2422 2423
o Knihovna_police_0.09
v 4.669999 0.000000 0.090000
v 4.669999 0.000000 0.110000
v 4.669999 0.400000 0.090000
v 4.669999 0.400000 0.110000
v 5.869999 0.000000 0.090000
v 5.869999 0.000000 0.110000
v 5.869999 0.400000 0.090000
v 5.869999 0.400000 0.110000
f 2426 2428 2425
f 2429 2426 2425
f 2425 2428 2427
f 2427 2429 2425
f 2426 2432 2428
f 2430 2426 2429
f 2430 2432 2426
f 2428 2432 2427
f 2431 2429 2427
f 2427 2432 2431
f 2431 2430 2429
f 2432 2430 2431
o Knihovna_police_0.4
v 4.669999 0.000000 0.400000
v 4.669999 0.000000 0.420000
v 4.669999 0.400000 0.400000
v 4.669999 0.400000 0.420000
v 5.869999 0.000000 0.400000
v 5.869999 0.000000 0.420000
v 5.869999 0.400000 0.400000
v 5.869999 0.400000 0.420000
f 2434 2436 2433
f 2437 2434 2433
f 2433 2436 2435
f 2435 2437 2433
f 2434 2440 2436
f 2438 2434 2437
f 2438 2440 2434
f 2436 2440 2435
f 2439 2437 2435
f 2435 2440 2439
f 2439 2438 2437
f 2440 2438 2439
o Knihovna_police_0.76
v 4.669999 0.000000 0.760000
v 4.669999 0.000000 0.780000
v 4.669999 0.400000 0.760000
v 4.669999 0.400000 0.780000
v 5.869999 0.000000 0.760000
v 5.869999 0.000000 0.780000
v 5.869999 0.400000 0.760000
v 5.869999 0.400000 0.780000
f 2442 2444 2441
f 2445 2442 2441
f 2441 2444 2443
f 2443 2445 2441
f 2442 2448 2444
f 2446 2442 2445
f 2446 2448 2442
f 2444 2448 2443
f 2447 2445 2443
f 2443 2448 2447
f 2447 2446 2445
f 2448 2446 2447
o Kniha_0
v 4.724999 0.140000 0.110000
v 4.724999 0.140000 0.280000
v 4.724999 0.375000 0.110000
v 4.724999 0.375000 0.280000
v 4.751999 0.140000 0.110000
v 4.751999 0.140000 0.280000
v 4.751999 0.375000 0.110000
v 4.751999 0.375000 0.280000
f 2450 2452 2449
f 2453 2450 2449
f 2449 2452 2451
f 2451 2453 2449
f 2450 2456 2452
f 2454 2450 2453
f 2454 2456 2450
f 2452 2456 2451
f 2455 2453 2451
f 2451 2456 2455
f 2455 2454 2453
f 2456 2454 2455
o Kniha_1
v 4.767999 0.140000 0.110000
v 4.767999 0.140000 0.310000
v 4.767999 0.375000 0.110000
v 4.767999 0.375000 0.310000
v 4.794999 0.140000 0.110000
v 4.794999 0.140000 0.310000
v 4.794999 0.375000 0.110000
v 4.794999 0.375000 0.310000
f 2458 2460 2457
f 2461 2458 2457
f 2457 2460 2459
f 2459 2461 2457
f 2458 2464 2460
f 2462 2458 2461
f 2462 2464 2458
f 2460 2464 2459
f 2463 2461 2459
f 2459 2464 2463
f 2463 2462 2461
f 2464 2462 2463
o Kniha_2
v 4.810999 0.140000 0.110000
v 4.810999 0.140000 0.340000
v 4.810999 0.375000 0.110000
v 4.810999 0.375000 0.340000
v 4.837999 0.140000 0.110000
v 4.837999 0.140000 0.340000
v 4.837999 0.375000 0.110000
v 4.837999 0.375000 0.340000
f 2466 2468 2465
f 2469 2466 2465
f 2465 2468 2467
f 2467 2469 2465
f 2466 2472 2468
f 2470 2466 2469
f 2470 2472 2466
f 2468 2472 2467
f 2471 2469 2467
f 2467 2472 2471
f 2471 2470 2469
f 2472 2470 2471
o Kniha_3
v 4.853999 0.140000 0.110000
v 4.853999 0.140000 0.280000
v 4.853999 0.375000 0.110000
v 4.853999 0.375000 0.280000
v 4.880999 0.140000 0.110000
v 4.880999 0.140000 0.280000
v 4.880999 0.375000 0.110000
v 4.880999 0.375000 0.280000
f 2474 2476 2473
f 2477 2474 2473
f 2473 2476 2475
f 2475 2477 2473
f 2474 2480 2476
f 2478 2474 2477
f 2478 2480 2474
f 2476 2480 2475
f 2479 2477 2475
f 2475 2480 2479
f 2479 2478 2477
f 2480 2478 2479
o Kniha_4
v 4.896999 0.140000 0.110000
v 4.896999 0.140000 0.310000
v 4.896999 0.375000 0.110000
v 4.896999 0.375000 0.310000
v 4.923999 0.140000 0.110000
v 4.923999 0.140000 0.310000
v 4.923999 0.375000 0.110000
v 4.923999 0.375000 0.310000
f 2482 2484 2481
f 2485 2482 2481
f 2481 2484 2483
f 2483 2485 2481
f 2482 2488 2484
f 2486 2482 2485
f 2486 2488 2482
f 2484 2488 2483
f 2487 2485 2483
f 2483 2488 2487
f 2487 2486 2485
f 2488 2486 2487
o Kniha_5
v 4.939999 0.140000 0.110000
v 4.939999 0.140000 0.340000
v 4.939999 0.375000 0.110000
v 4.939999 0.375000 0.340000
v 4.966999 0.140000 0.110000
v 4.966999 0.140000 0.340000
v 4.966999 0.375000 0.110000
v 4.966999 0.375000 0.340000
f 2490 2492 2489
f 2493 2490 2489
f 2489 2492 2491
f 2491 2493 2489
f 2490 2496 2492
f 2494 2490 2493
f 2494 2496 2490
f 2492 2496 2491
f 2495 2493 2491
f 2491 2496 2495
f 2495 2494 2493
f 2496 2494 2495
o Kniha_6
v 4.982999 0.140000 0.110000
v 4.982999 0.140000 0.280000
v 4.982999 0.375000 0.110000
v 4.982999 0.375000 0.280000
v 5.009999 0.140000 0.110000
v 5.009999 0.140000 0.280000
v 5.009999 0.375000 0.110000
v 5.009999 0.375000 0.280000
f 2498 2500 2497
f 2501 2498 2497
f 2497 2500 2499
f 2499 2501 2497
f 2498 2504 2500
f 2502 2498 2501
f 2502 2504 2498
f 2500 2504 2499
f 2503 2501 2499
f 2499 2504 2503
f 2503 2502 2501
f 2504 2502 2503
o Kniha_7
v 5.025999 0.140000 0.110000
v 5.025999 0.140000 0.310000
v 5.025999 0.375000 0.110000
v 5.025999 0.375000 0.310000
v 5.052999 0.140000 0.110000
v 5.052999 0.140000 0.310000
v 5.052999 0.375000 0.110000
v 5.052999 0.375000 0.310000
f 2506 2508 2505
f 2509 2506 2505
f 2505 2508 2507
f 2507 2509 2505
f 2506 2512 2508
f 2510 2506 2509
f 2510 2512 2506
f 2508 2512 2507
f 2511 2509 2507
f 2507 2512 2511
f 2511 2510 2509
f 2512 2510 2511
o Vysoka_skrin_u_severni_steny
v 3.054909 3.031656 0.080000
v 3.054909 3.031656 2.150000
v 3.054909 3.449656 0.080000
v 3.054909 3.449656 2.150000
v 3.654909 3.031656 0.080000
v 3.654909 3.031656 2.150000
v 3.654909 3.449656 0.080000
v 3.654909 3.449656 2.150000
f 2514 2516 2513
f 2517 2514 2513
f 2513 2516 2515
f 2515 2517 2513
f 2514 2520 2516
f 2518 2514 2517
f 2518 2520 2514
f 2516 2520 2515
f 2519 2517 2515
f 2515 2520 2519
f 2519 2518 2517
f 2520 2518 2519
o Vysoka_skrin_sever_leve_celo
v 3.058909 3.029656 0.090000
v 3.058909 3.029656 2.145000
v 3.058909 3.047656 0.090000
v 3.058909 3.047656 2.145000
v 3.352909 3.029656 0.090000
v 3.352909 3.029656 2.145000
v 3.352909 3.047656 0.090000
v 3.352909 3.047656 2.145000
f 2522 2524 2521
f 2525 2522 2521
f 2521 2524 2523
f 2523 2525 2521
f 2522 2528 2524
f 2526 2522 2525
f 2526 2528 2522
f 2524 2528 2523
f 2527 2525 2523
f 2523 2528 2527
f 2527 2526 2525
f 2528 2526 2527
o Vysoka_skrin_sever_prave_celo
v 3.356909 3.029656 0.090000
v 3.356909 3.029656 2.145000
v 3.356909 3.047656 0.090000
v 3.356909 3.047656 2.145000
v 3.650909 3.029656 0.090000
v 3.650909 3.029656 2.145000
v 3.650909 3.047656 0.090000
v 3.650909 3.047656 2.145000
f 2530 2532 2529
f 2533 2530 2529
f 2529 2532 2531
f 2531 2533 2529
f 2530 2536 2532
f 2534 2530 2533
f 2534 2536 2530
f 2532 2536 2531
f 2535 2533 2531
f 2531 2536 2535
f 2535 2534 2533
f 2536 2534 2535
o Madlo_severni_skrine
v 3.332909 3.007656 1.000000
v 3.332909 3.007656 1.170000
v 3.332909 3.028656 1.000000
v 3.332909 3.028656 1.170000
v 3.343909 3.007656 1.000000
v 3.343909 3.007656 1.170000
v 3.343909 3.028656 1.000000
v 3.343909 3.028656 1.170000
f 2538 2540 2537
f 2541 2538 2537
f 2537 2540 2539
f 2539 2541 2537
f 2538 2544 2540
f 2542 2538 2541
f 2542 2544 2538
f 2540 2544 2539
f 2543 2541 2539
f 2539 2544 2543
f 2543 2542 2541
f 2544 2542 2543
o Vestavena_lednice_korpus
v 1.054909 0.000000 0.070000
v 1.054909 0.000000 2.200000
v 1.054909 0.575000 0.070000
v 1.054909 0.575000 2.200000
v 1.654909 0.000000 0.070000
v 1.654909 0.000000 2.200000
v 1.654909 0.575000 0.070000
v 1.654909 0.575000 2.200000
f 2546 2548 2545
f 2549 2546 2545
f 2545 2548 2547
f 2547 2549 2545
f 2546 2552 2548
f 2550 2546 2549
f 2550 2552 2546
f 2548 2552 2547
f 2551 2549 2547
f 2547 2552 2551
f 2551 2550 2549
f 2552 2550 2551
o Vestavena_lednice_dubovy_bok
v 1.054909 0.000000 0.075000
v 1.054909 0.000000 2.200000
v 1.054909 0.600000 0.075000
v 1.054909 0.600000 2.200000
v 1.072909 0.000000 0.075000
v 1.072909 0.000000 2.200000
v 1.072909 0.600000 0.075000
v 1.072909 0.600000 2.200000
f 2554 2556 2553
f 2557 2554 2553
f 2553 2556 2555
f 2555 2557 2553
f 2554 2560 2556
f 2558 2554 2557
f 2558 2560 2554
f 2556 2560 2555
f 2559 2557 2555
f 2555 2560 2559
f 2559 2558 2557
f 2560 2558 2559
o Vestavena_lednice_dvere_0
v 1.057909 0.577000 0.090000
v 1.057909 0.577000 0.800000
v 1.057909 0.600000 0.090000
v 1.057909 0.600000 0.800000
v 1.651909 0.577000 0.090000
v 1.651909 0.577000 0.800000
v 1.651909 0.600000 0.090000
v 1.651909 0.600000 0.800000
f 2562 2564 2561
f 2565 2562 2561
f 2561 2564 2563
f 2563 2565 2561
f 2562 2568 2564
f 2566 2562 2565
f 2566 2568 2562
f 2564 2568 2563
f 2567 2565 2563
f 2563 2568 2567
f 2567 2566 2565
f 2568 2566 2567
o Vestavena_lednice_vlakna_00
v 1.106171 0.600300 0.115000
v 1.106171 0.600300 0.775000
v 1.106171 0.600700 0.115000
v 1.106171 0.600700 0.775000
v 1.107671 0.600300 0.115000
v 1.107671 0.600300 0.775000
v 1.107671 0.600700 0.115000
v 1.107671 0.600700 0.775000
f 2570 2572 2569
f 2573 2570 2569
f 2569 2572 2571
f 2571 2573 2569
f 2570 2576 2572
f 2574 2570 2573
f 2574 2576 2570
f 2572 2576 2571
f 2575 2573 2571
f 2571 2576 2575
f 2575 2574 2573
f 2576 2574 2575
o Vestavena_lednice_vlakna_01
v 1.180421 0.600300 0.115000
v 1.180421 0.600300 0.775000
v 1.180421 0.600700 0.115000
v 1.180421 0.600700 0.775000
v 1.181921 0.600300 0.115000
v 1.181921 0.600300 0.775000
v 1.181921 0.600700 0.115000
v 1.181921 0.600700 0.775000
f 2578 2580 2577
f 2581 2578 2577
f 2577 2580 2579
f 2579 2581 2577
f 2578 2584 2580
f 2582 2578 2581
f 2582 2584 2578
f 2580 2584 2579
f 2583 2581 2579
f 2579 2584 2583
f 2583 2582 2581
f 2584 2582 2583
o Vestavena_lednice_vlakna_02
v 1.254671 0.600300 0.115000
v 1.254671 0.600300 0.775000
v 1.254671 0.600700 0.115000
v 1.254671 0.600700 0.775000
v 1.256171 0.600300 0.115000
v 1.256171 0.600300 0.775000
v 1.256171 0.600700 0.115000
v 1.256171 0.600700 0.775000
f 2586 2588 2585
f 2589 2586 2585
f 2585 2588 2587
f 2587 2589 2585
f 2586 2592 2588
f 2590 2586 2589
f 2590 2592 2586
f 2588 2592 2587
f 2591 2589 2587
f 2587 2592 2591
f 2591 2590 2589
f 2592 2590 2591
o Vestavena_lednice_vlakna_03
v 1.328921 0.600300 0.115000
v 1.328921 0.600300 0.775000
v 1.328921 0.600700 0.115000
v 1.328921 0.600700 0.775000
v 1.330421 0.600300 0.115000
v 1.330421 0.600300 0.775000
v 1.330421 0.600700 0.115000
v 1.330421 0.600700 0.775000
f 2594 2596 2593
f 2597 2594 2593
f 2593 2596 2595
f 2595 2597 2593
f 2594 2600 2596
f 2598 2594 2597
f 2598 2600 2594
f 2596 2600 2595
f 2599 2597 2595
f 2595 2600 2599
f 2599 2598 2597
f 2600 2598 2599
o Vestavena_lednice_vlakna_04
v 1.403171 0.600300 0.115000
v 1.403171 0.600300 0.775000
v 1.403171 0.600700 0.115000
v 1.403171 0.600700 0.775000
v 1.404671 0.600300 0.115000
v 1.404671 0.600300 0.775000
v 1.404671 0.600700 0.115000
v 1.404671 0.600700 0.775000
f 2602 2604 2601
f 2605 2602 2601
f 2601 2604 2603
f 2603 2605 2601
f 2602 2608 2604
f 2606 2602 2605
f 2606 2608 2602
f 2604 2608 2603
f 2607 2605 2603
f 2603 2608 2607
f 2607 2606 2605
f 2608 2606 2607
o Vestavena_lednice_vlakna_05
v 1.477421 0.600300 0.115000
v 1.477421 0.600300 0.775000
v 1.477421 0.600700 0.115000
v 1.477421 0.600700 0.775000
v 1.478921 0.600300 0.115000
v 1.478921 0.600300 0.775000
v 1.478921 0.600700 0.115000
v 1.478921 0.600700 0.775000
f 2610 2612 2609
f 2613 2610 2609
f 2609 2612 2611
f 2611 2613 2609
f 2610 2616 2612
f 2614 2610 2613
f 2614 2616 2610
f 2612 2616 2611
f 2615 2613 2611
f 2611 2616 2615
f 2615 2614 2613
f 2616 2614 2615
o Vestavena_lednice_vlakna_06
v 1.551671 0.600300 0.115000
v 1.551671 0.600300 0.775000
v 1.551671 0.600700 0.115000
v 1.551671 0.600700 0.775000
v 1.553171 0.600300 0.115000
v 1.553171 0.600300 0.775000
v 1.553171 0.600700 0.115000
v 1.553171 0.600700 0.775000
f 2618 2620 2617
f 2621 2618 2617
f 2617 2620 2619
f 2619 2621 2617
f 2618 2624 2620
f 2622 2618 2621
f 2622 2624 2618
f 2620 2624 2619
f 2623 2621 2619
f 2619 2624 2623
f 2623 2622 2621
f 2624 2622 2623
o Vestavena_lednice_vlakna_07
v 1.625921 0.600300 0.115000
v 1.625921 0.600300 0.775000
v 1.625921 0.600700 0.115000
v 1.625921 0.600700 0.775000
v 1.627421 0.600300 0.115000
v 1.627421 0.600300 0.775000
v 1.627421 0.600700 0.115000
v 1.627421 0.600700 0.775000
f 2626 2628 2625
f 2629 2626 2625
f 2625 2628 2627
f 2627 2629 2625
f 2626 2632 2628
f 2630 2626 2629
f 2630 2632 2626
f 2628 2632 2627
f 2631 2629 2627
f 2627 2632 2631
f 2631 2630 2629
f 2632 2630 2631
o Vestavena_lednice_madlo_0
v 1.459909 0.601000 0.747000
v 1.459909 0.601000 0.763000
v 1.459909 0.619000 0.747000
v 1.459909 0.619000 0.763000
v 1.609909 0.601000 0.747000
v 1.609909 0.601000 0.763000
v 1.609909 0.619000 0.747000
v 1.609909 0.619000 0.763000
f 2634 2636 2633
f 2637 2634 2633
f 2633 2636 2635
f 2635 2637 2633
f 2634 2640 2636
f 2638 2634 2637
f 2638 2640 2634
f 2636 2640 2635
f 2639 2637 2635
f 2635 2640 2639
f 2639 2638 2637
f 2640 2638 2639
o Vestavena_lednice_dvere_1
v 1.057909 0.577000 0.806000
v 1.057909 0.577000 2.190000
v 1.057909 0.600000 0.806000
v 1.057909 0.600000 2.190000
v 1.651909 0.577000 0.806000
v 1.651909 0.577000 2.190000
v 1.651909 0.600000 0.806000
v 1.651909 0.600000 2.190000
f 2642 2644 2641
f 2645 2642 2641
f 2641 2644 2643
f 2643 2645 2641
f 2642 2648 2644
f 2646 2642 2645
f 2646 2648 2642
f 2644 2648 2643
f 2647 2645 2643
f 2643 2648 2647
f 2647 2646 2645
f 2648 2646 2647
o Vestavena_lednice_vlakna_10
v 1.106171 0.600300 0.831000
v 1.106171 0.600300 2.165000
v 1.106171 0.600700 0.831000
v 1.106171 0.600700 2.165000
v 1.107671 0.600300 0.831000
v 1.107671 0.600300 2.165000
v 1.107671 0.600700 0.831000
v 1.107671 0.600700 2.165000
f 2650 2652 2649
f 2653 2650 2649
f 2649 2652 2651
f 2651 2653 2649
f 2650 2656 2652
f 2654 2650 2653
f 2654 2656 2650
f 2652 2656 2651
f 2655 2653 2651
f 2651 2656 2655
f 2655 2654 2653
f 2656 2654 2655
o Vestavena_lednice_vlakna_11
v 1.180421 0.600300 0.831000
v 1.180421 0.600300 2.165000
v 1.180421 0.600700 0.831000
v 1.180421 0.600700 2.165000
v 1.181921 0.600300 0.831000
v 1.181921 0.600300 2.165000
v 1.181921 0.600700 0.831000
v 1.181921 0.600700 2.165000
f 2658 2660 2657
f 2661 2658 2657
f 2657 2660 2659
f 2659 2661 2657
f 2658 2664 2660
f 2662 2658 2661
f 2662 2664 2658
f 2660 2664 2659
f 2663 2661 2659
f 2659 2664 2663
f 2663 2662 2661
f 2664 2662 2663
o Vestavena_lednice_vlakna_12
v 1.254671 0.600300 0.831000
v 1.254671 0.600300 2.165000
v 1.254671 0.600700 0.831000
v 1.254671 0.600700 2.165000
v 1.256171 0.600300 0.831000
v 1.256171 0.600300 2.165000
v 1.256171 0.600700 0.831000
v 1.256171 0.600700 2.165000
f 2666 2668 2665
f 2669 2666 2665
f 2665 2668 2667
f 2667 2669 2665
f 2666 2672 2668
f 2670 2666 2669
f 2670 2672 2666
f 2668 2672 2667
f 2671 2669 2667
f 2667 2672 2671
f 2671 2670 2669
f 2672 2670 2671
o Vestavena_lednice_vlakna_13
v 1.328921 0.600300 0.831000
v 1.328921 0.600300 2.165000
v 1.328921 0.600700 0.831000
v 1.328921 0.600700 2.165000
v 1.330421 0.600300 0.831000
v 1.330421 0.600300 2.165000
v 1.330421 0.600700 0.831000
v 1.330421 0.600700 2.165000
f 2674 2676 2673
f 2677 2674 2673
f 2673 2676 2675
f 2675 2677 2673
f 2674 2680 2676
f 2678 2674 2677
f 2678 2680 2674
f 2676 2680 2675
f 2679 2677 2675
f 2675 2680 2679
f 2679 2678 2677
f 2680 2678 2679
o Vestavena_lednice_vlakna_14
v 1.403171 0.600300 0.831000
v 1.403171 0.600300 2.165000
v 1.403171 0.600700 0.831000
v 1.403171 0.600700 2.165000
v 1.404671 0.600300 0.831000
v 1.404671 0.600300 2.165000
v 1.404671 0.600700 0.831000
v 1.404671 0.600700 2.165000
f 2682 2684 2681
f 2685 2682 2681
f 2681 2684 2683
f 2683 2685 2681
f 2682 2688 2684
f 2686 2682 2685
f 2686 2688 2682
f 2684 2688 2683
f 2687 2685 2683
f 2683 2688 2687
f 2687 2686 2685
f 2688 2686 2687
o Vestavena_lednice_vlakna_15
v 1.477421 0.600300 0.831000
v 1.477421 0.600300 2.165000
v 1.477421 0.600700 0.831000
v 1.477421 0.600700 2.165000
v 1.478921 0.600300 0.831000
v 1.478921 0.600300 2.165000
v 1.478921 0.600700 0.831000
v 1.478921 0.600700 2.165000
f 2690 2692 2689
f 2693 2690 2689
f 2689 2692 2691
f 2691 2693 2689
f 2690 2696 2692
f 2694 2690 2693
f 2694 2696 2690
f 2692 2696 2691
f 2695 2693 2691
f 2691 2696 2695
f 2695 2694 2693
f 2696 2694 2695
o Vestavena_lednice_vlakna_16
v 1.551671 0.600300 0.831000
v 1.551671 0.600300 2.165000
v 1.551671 0.600700 0.831000
v 1.551671 0.600700 2.165000
v 1.553171 0.600300 0.831000
v 1.553171 0.600300 2.165000
v 1.553171 0.600700 0.831000
v 1.553171 0.600700 2.165000
f 2698 2700 2697
f 2701 2698 2697
f 2697 2700 2699
f 2699 2701 2697
f 2698 2704 2700
f 2702 2698 2701
f 2702 2704 2698
f 2700 2704 2699
f 2703 2701 2699
f 2699 2704 2703
f 2703 2702 2701
f 2704 2702 2703
o Vestavena_lednice_vlakna_17
v 1.625921 0.600300 0.831000
v 1.625921 0.600300 2.165000
v 1.625921 0.600700 0.831000
v 1.625921 0.600700 2.165000
v 1.627421 0.600300 0.831000
v 1.627421 0.600300 2.165000
v 1.627421 0.600700 0.831000
v 1.627421 0.600700 2.165000
f 2706 2708 2705
f 2709 2706 2705
f 2705 2708 2707
f 2707 2709 2705
f 2706 2712 2708
f 2710 2706 2709
f 2710 2712 2706
f 2708 2712 2707
f 2711 2709 2707
f 2707 2712 2711
f 2711 2710 2709
f 2712 2710 2711
o Vestavena_lednice_madlo_1
v 1.459909 0.601000 2.137000
v 1.459909 0.601000 2.153000
v 1.459909 0.619000 2.137000
v 1.459909 0.619000 2.153000
v 1.609909 0.601000 2.137000
v 1.609909 0.601000 2.153000
v 1.609909 0.619000 2.137000
v 1.609909 0.619000 2.153000
f 2714 2716 2713
f 2717 2714 2713
f 2713 2716 2715
f 2715 2717 2713
f 2714 2720 2716
f 2718 2714 2717
f 2718 2720 2714
f 2716 2720 2715
f 2719 2717 2715
f 2715 2720 2719
f 2719 2718 2717
f 2720 2718 2719
o Skrin_s_troubou_korpus_dole
v 1.654909 0.000000 0.070000
v 1.654909 0.000000 0.800000
v 1.654909 0.573000 0.070000
v 1.654909 0.573000 0.800000
v 2.254909 0.000000 0.070000
v 2.254909 0.000000 0.800000
v 2.254909 0.573000 0.070000
v 2.254909 0.573000 0.800000
f 2722 2724 2721
f 2725 2722 2721
f 2721 2724 2723
f 2723 2725 2721
f 2722 2728 2724
f 2726 2722 2725
f 2726 2728 2722
f 2724 2728 2723
f 2727 2725 2723
f 2723 2728 2727
f 2727 2726 2725
f 2728 2726 2727
o Skrin_s_troubou_korpus_nahore
v 1.654909 0.000000 1.400000
v 1.654909 0.000000 2.200000
v 1.654909 0.573000 1.400000
v 1.654909 0.573000 2.200000
v 2.254909 0.000000 1.400000
v 2.254909 0.000000 2.200000
v 2.254909 0.573000 1.400000
v 2.254909 0.573000 2.200000
f 2730 2732 2729
f 2733 2730 2729
f 2729 2732 2731
f 2731 2733 2729
f 2730 2736 2732
f 2734 2730 2733
f 2734 2736 2730
f 2732 2736 2731
f 2735 2733 2731
f 2731 2736 2735
f 2735 2734 2733
f 2736 2734 2735
o Skrin_s_troubou_pravy_bok
v 2.236909 0.000000 0.800000
v 2.236909 0.000000 1.400000
v 2.236909 0.573000 0.800000
v 2.236909 0.573000 1.400000
v 2.254909 0.000000 0.800000
v 2.254909 0.000000 1.400000
v 2.254909 0.573000 0.800000
v 2.254909 0.573000 1.400000
f 2738 2740 2737
f 2741 2738 2737
f 2737 2740 2739
f 2739 2741 2737
f 2738 2744 2740
f 2742 2738 2741
f 2742 2744 2738
f 2740 2744 2739
f 2743 2741 2739
f 2739 2744 2743
f 2743 2742 2741
f 2744 2742 2743
o Trouba_ve_vysoke_skrini_-_telo
v 1.674909 0.035000 0.800000
v 1.674909 0.035000 1.400000
v 1.674909 0.573000 0.800000
v 1.674909 0.573000 1.400000
v 2.234909 0.035000 0.800000
v 2.234909 0.035000 1.400000
v 2.234909 0.573000 0.800000
v 2.234909 0.573000 1.400000
f 2746 2748 2745
f 2749 2746 2745
f 2745 2748 2747
f 2747 2749 2745
f 2746 2752 2748
f 2750 2746 2749
f 2750 2752 2746
f 2748 2752 2747
f 2751 2749 2747
f 2747 2752 2751
f 2751 2750 2749
f 2752 2750 2751
o Trouba_ve_vysoke_skrini_-_celo
v 1.658909 0.575000 0.803000
v 1.658909 0.575000 1.397000
v 1.658909 0.602000 0.803000
v 1.658909 0.602000 1.397000
v 2.250909 0.575000 0.803000
v 2.250909 0.575000 1.397000
v 2.250909 0.602000 0.803000
v 2.250909 0.602000 1.397000
f 2754 2756 2753
f 2757 2754 2753
f 2753 2756 2755
f 2755 2757 2753
f 2754 2760 2756
f 2758 2754 2757
f 2758 2760 2754
f 2756 2760 2755
f 2759 2757 2755
f 2755 2760 2759
f 2759 2758 2757
f 2760 2758 2759
o Sklo_trouby_ve_vysoke_skrini
v 1.698909 0.603000 0.860000
v 1.698909 0.603000 1.245000
v 1.698909 0.606000 0.860000
v 1.698909 0.606000 1.245000
v 2.210909 0.603000 0.860000
v 2.210909 0.603000 1.245000
v 2.210909 0.606000 0.860000
v 2.210909 0.606000 1.245000
f 2762 2764 2761
f 2765 2762 2761
f 2761 2764 2763
f 2763 2765 2761
f 2762 2768 2764
f 2766 2762 2765
f 2766 2768 2762
f 2764 2768 2763
f 2767 2765 2763
f 2763 2768 2767
f 2767 2766 2765
f 2768 2766 2767
o Madlo_trouby_ve_vysoke_skrini
v 1.739909 0.614000 1.272000
v 1.739909 0.614000 1.288000
v 1.739909 0.632000 1.272000
v 1.739909 0.632000 1.288000
v 2.169909 0.614000 1.272000
v 2.169909 0.614000 1.288000
v 2.169909 0.632000 1.272000
v 2.169909 0.632000 1.288000
f 2770 2772 2769
f 2773 2770 2769
f 2769 2772 2771
f 2771 2773 2769
f 2770 2776 2772
f 2774 2770 2773
f 2774 2776 2770
f 2772 2776 2771
f 2775 2773 2771
f 2771 2776 2775
f 2775 2774 2773
f 2776 2774 2775
o Knoflik_trouby_1.7749089820235295
v 1.774909 0.607000 1.355000
v 1.774909 0.607000 1.339000
v 1.774909 0.620000 1.339000
v 1.774909 0.620000 1.355000
v 1.766909 0.607000 1.341144
v 1.766909 0.620000 1.341144
v 1.761053 0.607000 1.347000
v 1.761053 0.620000 1.347000
v 1.758909 0.607000 1.355000
v 1.758909 0.620000 1.355000
v 1.761053 0.607000 1.363000
v 1.761053 0.620000 1.363000
v 1.766909 0.607000 1.368856
v 1.766909 0.620000 1.368856
v 1.774909 0.607000 1.371000
v 1.774909 0.620000 1.371000
v 1.782909 0.607000 1.368856
v 1.782909 0.620000 1.368856
v 1.788765 0.607000 1.363000
v 1.788765 0.620000 1.363000
v 1.790909 0.607000 1.355000
v 1.790909 0.620000 1.355000
v 1.788765 0.607000 1.347000
v 1.788765 0.620000 1.347000
v 1.782909 0.607000 1.341144
v 1.782909 0.620000 1.341144
f 2778 2777 2781
f 2778 2781 2779
f 2779 2781 2782
f 2779 2782 2780
f 2781 2777 2783
f 2781 2783 2782
f 2782 2783 2784
f 2782 2784 2780
f 2783 2777 2785
f 2783 2785 2784
f 2784 2785 2786
f 2784 2786 2780
f 2785 2777 2787
f 2785 2787 2786
f 2786 2787 2788
f 2786 2788 2780
f 2787 2777 2789
f 2787 2789 2788
f 2788 2789 2790
f 2788 2790 2780
f 2789 2777 2791
f 2789 2791 2790
f 2790 2791 2792
f 2790 2792 2780
f 2791 2777 2793
f 2791 2793 2792
f 2792 2793 2794
f 2792 2794 2780
f 2793 2777 2795
f 2793 2795 2794
f 2794 2795 2796
f 2794 2796 2780
f 2795 2777 2797
f 2795 2797 2796
f 2796 2797 2798
f 2796 2798 2780
f 2797 2777 2799
f 2797 2799 2798
f 2798 2799 2800
f 2798 2800 2780
f 2799 2777 2801
f 2799 2801 2800
f 2800 2801 2802
f 2800 2802 2780
f 2801 2777 2778
f 2801 2778 2802
f 2802 2778 2779
f 2802 2779 2780
o Knoflik_trouby_2.1349089820235294
v 2.134909 0.607000 1.355000
v 2.134909 0.607000 1.339000
v 2.134909 0.620000 1.339000
v 2.134909 0.620000 1.355000
v 2.126909 0.607000 1.341144
v 2.126909 0.620000 1.341144
v 2.121053 0.607000 1.347000
v 2.121053 0.620000 1.347000
v 2.118909 0.607000 1.355000
v 2.118909 0.620000 1.355000
v 2.121053 0.607000 1.363000
v 2.121053 0.620000 1.363000
v 2.126909 0.607000 1.368856
v 2.126909 0.620000 1.368856
v 2.134909 0.607000 1.371000
v 2.134909 0.620000 1.371000
v 2.142909 0.607000 1.368856
v 2.142909 0.620000 1.368856
v 2.148765 0.607000 1.363000
v 2.148765 0.620000 1.363000
v 2.150909 0.607000 1.355000
v 2.150909 0.620000 1.355000
v 2.148765 0.607000 1.347000
v 2.148765 0.620000 1.347000
v 2.142909 0.607000 1.341144
v 2.142909 0.620000 1.341144
f 2804 2803 2807
f 2804 2807 2805
f 2805 2807 2808
f 2805 2808 2806
f 2807 2803 2809
f 2807 2809 2808
f 2808 2809 2810
f 2808 2810 2806
f 2809 2803 2811
f 2809 2811 2810
f 2810 2811 2812
f 2810 2812 2806
f 2811 2803 2813
f 2811 2813 2812
f 2812 2813 2814
f 2812 2814 2806
f 2813 2803 2815
f 2813 2815 2814
f 2814 2815 2816
f 2814 2816 2806
f 2815 2803 2817
f 2815 2817 2816
f 2816 2817 2818
f 2816 2818 2806
f 2817 2803 2819
f 2817 2819 2818
f 2818 2819 2820
f 2818 2820 2806
f 2819 2803 2821
f 2819 2821 2820
f 2820 2821 2822
f 2820 2822 2806
f 2821 2803 2823
f 2821 2823 2822
f 2822 2823 2824
f 2822 2824 2806
f 2823 2803 2825
f 2823 2825 2824
f 2824 2825 2826
f 2824 2826 2806
f 2825 2803 2827
f 2825 2827 2826
f 2826 2827 2828
f 2826 2828 2806
f 2827 2803 2804
f 2827 2804 2828
f 2828 2804 2805
f 2828 2805 2806
o Displej_trouby
v 1.909909 0.603000 1.336000
v 1.909909 0.603000 1.373000
v 1.909909 0.607000 1.336000
v 1.909909 0.607000 1.373000
v 1.999909 0.603000 1.336000
v 1.999909 0.603000 1.373000
v 1.999909 0.607000 1.336000
v 1.999909 0.607000 1.373000
f 2830 2832 2829
f 2833 2830 2829
f 2829 2832 2831
f 2831 2833 2829
f 2830 2836 2832
f 2834 2830 2833
f 2834 2836 2830
f 2832 2836 2831
f 2835 2833 2831
f 2831 2836 2835
f 2835 2834 2833
f 2836 2834 2835
o Skrin_s_troubou_dubovy_bok
v 1.654909 0.000000 0.075000
v 1.654909 0.000000 2.200000
v 1.654909 0.598000 0.075000
v 1.654909 0.598000 2.200000
v 1.672909 0.000000 0.075000
v 1.672909 0.000000 2.200000
v 1.672909 0.598000 0.075000
v 1.672909 0.598000 2.200000
f 2838 2840 2837
f 2841 2838 2837
f 2837 2840 2839
f 2839 2841 2837
f 2838 2844 2840
f 2842 2838 2841
f 2842 2844 2838
f 2840 2844 2839
f 2843 2841 2839
f 2839 2844 2843
f 2843 2842 2841
f 2844 2842 2843
o Skrin_s_troubou_dvere_0
v 1.657909 0.575000 0.090000
v 1.657909 0.575000 0.794000
v 1.657909 0.598000 0.090000
v 1.657909 0.598000 0.794000
v 2.251909 0.575000 0.090000
v 2.251909 0.575000 0.794000
v 2.251909 0.598000 0.090000
v 2.251909 0.598000 0.794000
f 2846 2848 2845
f 2849 2846 2845
f 2845 2848 2847
f 2847 2849 2845
f 2846 2852 2848
f 2850 2846 2849
f 2850 2852 2846
f 2848 2852 2847
f 2851 2849 2847
f 2847 2852 2851
f 2851 2850 2849
f 2852 2850 2851
o Skrin_s_troubou_vlakna_00
v 1.706171 0.598300 0.115000
v 1.706171 0.598300 0.769000
v 1.706171 0.598700 0.115000
v 1.706171 0.598700 0.769000
v 1.707671 0.598300 0.115000
v 1.707671 0.598300 0.769000
v 1.707671 0.598700 0.115000
v 1.707671 0.598700 0.769000
f 2854 2856 2853
f 2857 2854 2853
f 2853 2856 2855
f 2855 2857 2853
f 2854 2860 2856
f 2858 2854 2857
f 2858 2860 2854
f 2856 2860 2855
f 2859 2857 2855
f 2855 2860 2859
f 2859 2858 2857
f 2860 2858 2859
o Skrin_s_troubou_vlakna_01
v 1.780421 0.598300 0.115000
v 1.780421 0.598300 0.769000
v 1.780421 0.598700 0.115000
v 1.780421 0.598700 0.769000
v 1.781921 0.598300 0.115000
v 1.781921 0.598300 0.769000
v 1.781921 0.598700 0.115000
v 1.781921 0.598700 0.769000
f 2862 2864 2861
f 2865 2862 2861
f 2861 2864 2863
f 2863 2865 2861
f 2862 2868 2864
f 2866 2862 2865
f 2866 2868 2862
f 2864 2868 2863
f 2867 2865 2863
f 2863 2868 2867
f 2867 2866 2865
f 2868 2866 2867
o Skrin_s_troubou_vlakna_02
v 1.854671 0.598300 0.115000
v 1.854671 0.598300 0.769000
v 1.854671 0.598700 0.115000
v 1.854671 0.598700 0.769000
v 1.856171 0.598300 0.115000
v 1.856171 0.598300 0.769000
v 1.856171 0.598700 0.115000
v 1.856171 0.598700 0.769000
f 2870 2872 2869
f 2873 2870 2869
f 2869 2872 2871
f 2871 2873 2869
f 2870 2876 2872
f 2874 2870 2873
f 2874 2876 2870
f 2872 2876 2871
f 2875 2873 2871
f 2871 2876 2875
f 2875 2874 2873
f 2876 2874 2875
o Skrin_s_troubou_vlakna_03
v 1.928921 0.598300 0.115000
v 1.928921 0.598300 0.769000
v 1.928921 0.598700 0.115000
v 1.928921 0.598700 0.769000
v 1.930421 0.598300 0.115000
v 1.930421 0.598300 0.769000
v 1.930421 0.598700 0.115000
v 1.930421 0.598700 0.769000
f 2878 2880 2877
f 2881 2878 2877
f 2877 2880 2879
f 2879 2881 2877
f 2878 2884 2880
f 2882 2878 2881
f 2882 2884 2878
f 2880 2884 2879
f 2883 2881 2879
f 2879 2884 2883
f 2883 2882 2881
f 2884 2882 2883
o Skrin_s_troubou_vlakna_04
v 2.003171 0.598300 0.115000
v 2.003171 0.598300 0.769000
v 2.003171 0.598700 0.115000
v 2.003171 0.598700 0.769000
v 2.004671 0.598300 0.115000
v 2.004671 0.598300 0.769000
v 2.004671 0.598700 0.115000
v 2.004671 0.598700 0.769000
f 2886 2888 2885
f 2889 2886 2885
f 2885 2888 2887
f 2887 2889 2885
f 2886 2892 2888
f 2890 2886 2889
f 2890 2892 2886
f 2888 2892 2887
f 2891 2889 2887
f 2887 2892 2891
f 2891 2890 2889
f 2892 2890 2891
o Skrin_s_troubou_vlakna_05
v 2.077421 0.598300 0.115000
v 2.077421 0.598300 0.769000
v 2.077421 0.598700 0.115000
v 2.077421 0.598700 0.769000
v 2.078921 0.598300 0.115000
v 2.078921 0.598300 0.769000
v 2.078921 0.598700 0.115000
v 2.078921 0.598700 0.769000
f 2894 2896 2893
f 2897 2894 2893
f 2893 2896 2895
f 2895 2897 2893
f 2894 2900 2896
f 2898 2894 2897
f 2898 2900 2894
f 2896 2900 2895
f 2899 2897 2895
f 2895 2900 2899
f 2899 2898 2897
f 2900 2898 2899
o Skrin_s_troubou_vlakna_06
v 2.151671 0.598300 0.115000
v 2.151671 0.598300 0.769000
v 2.151671 0.598700 0.115000
v 2.151671 0.598700 0.769000
v 2.153171 0.598300 0.115000
v 2.153171 0.598300 0.769000
v 2.153171 0.598700 0.115000
v 2.153171 0.598700 0.769000
f 2902 2904 2901
f 2905 2902 2901
f 2901 2904 2903
f 2903 2905 2901
f 2902 2908 2904
f 2906 2902 2905
f 2906 2908 2902
f 2904 2908 2903
f 2907 2905 2903
f 2903 2908 2907
f 2907 2906 2905
f 2908 2906 2907
o Skrin_s_troubou_vlakna_07
v 2.225921 0.598300 0.115000
v 2.225921 0.598300 0.769000
v 2.225921 0.598700 0.115000
v 2.225921 0.598700 0.769000
v 2.227421 0.598300 0.115000
v 2.227421 0.598300 0.769000
v 2.227421 0.598700 0.115000
v 2.227421 0.598700 0.769000
f 2910 2912 2909
f 2913 2910 2909
f 2909 2912 2911
f 2911 2913 2909
f 2910 2916 2912
f 2914 2910 2913
f 2914 2916 2910
f 2912 2916 2911
f 2915 2913 2911
f 2911 2916 2915
f 2915 2914 2913
f 2916 2914 2915
o Skrin_s_troubou_madlo_0
v 2.059909 0.599000 0.741000
v 2.059909 0.599000 0.757000
v 2.059909 0.617000 0.741000
v 2.059909 0.617000 0.757000
v 2.209909 0.599000 0.741000
v 2.209909 0.599000 0.757000
v 2.209909 0.617000 0.741000
v 2.209909 0.617000 0.757000
f 2918 2920 2917
f 2921 2918 2917
f 2917 2920 2919
f 2919 2921 2917
f 2918 2924 2920
f 2922 2918 2921
f 2922 2924 2918
f 2920 2924 2919
f 2923 2921 2919
f 2919 2924 2923
f 2923 2922 2921
f 2924 2922 2923
o Skrin_s_troubou_dvere_1
v 1.657909 0.575000 1.406000
v 1.657909 0.575000 2.190000
v 1.657909 0.598000 1.406000
v 1.657909 0.598000 2.190000
v 2.251909 0.575000 1.406000
v 2.251909 0.575000 2.190000
v 2.251909 0.598000 1.406000
v 2.251909 0.598000 2.190000
f 2926 2928 2925
f 2929 2926 2925
f 2925 2928 2927
f 2927 2929 2925
f 2926 2932 2928
f 2930 2926 2929
f 2930 2932 2926
f 2928 2932 2927
f 2931 2929 2927
f 2927 2932 2931
f 2931 2930 2929
f 2932 2930 2931
o Skrin_s_troubou_vlakna_10
v 1.706171 0.598300 1.431000
v 1.706171 0.598300 2.165000
v 1.706171 0.598700 1.431000
v 1.706171 0.598700 2.165000
v 1.707671 0.598300 1.431000
v 1.707671 0.598300 2.165000
v 1.707671 0.598700 1.431000
v 1.707671 0.598700 2.165000
f 2934 2936 2933
f 2937 2934 2933
f 2933 2936 2935
f 2935 2937 2933
f 2934 2940 2936
f 2938 2934 2937
f 2938 2940 2934
f 2936 2940 2935
f 2939 2937 2935
f 2935 2940 2939
f 2939 2938 2937
f 2940 2938 2939
o Skrin_s_troubou_vlakna_11
v 1.780421 0.598300 1.431000
v 1.780421 0.598300 2.165000
v 1.780421 0.598700 1.431000
v 1.780421 0.598700 2.165000
v 1.781921 0.598300 1.431000
v 1.781921 0.598300 2.165000
v 1.781921 0.598700 1.431000
v 1.781921 0.598700 2.165000
f 2942 2944 2941
f 2945 2942 2941
f 2941 2944 2943
f 2943 2945 2941
f 2942 2948 2944
f 2946 2942 2945
f 2946 2948 2942
f 2944 2948 2943
f 2947 2945 2943
f 2943 2948 2947
f 2947 2946 2945
f 2948 2946 2947
o Skrin_s_troubou_vlakna_12
v 1.854671 0.598300 1.431000
v 1.854671 0.598300 2.165000
v 1.854671 0.598700 1.431000
v 1.854671 0.598700 2.165000
v 1.856171 0.598300 1.431000
v 1.856171 0.598300 2.165000
v 1.856171 0.598700 1.431000
v 1.856171 0.598700 2.165000
f 2950 2952 2949
f 2953 2950 2949
f 2949 2952 2951
f 2951 2953 2949
f 2950 2956 2952
f 2954 2950 2953
f 2954 2956 2950
f 2952 2956 2951
f 2955 2953 2951
f 2951 2956 2955
f 2955 2954 2953
f 2956 2954 2955
o Skrin_s_troubou_vlakna_13
v 1.928921 0.598300 1.431000
v 1.928921 0.598300 2.165000
v 1.928921 0.598700 1.431000
v 1.928921 0.598700 2.165000
v 1.930421 0.598300 1.431000
v 1.930421 0.598300 2.165000
v 1.930421 0.598700 1.431000
v 1.930421 0.598700 2.165000
f 2958 2960 2957
f 2961 2958 2957
f 2957 2960 2959
f 2959 2961 2957
f 2958 2964 2960
f 2962 2958 2961
f 2962 2964 2958
f 2960 2964 2959
f 2963 2961 2959
f 2959 2964 2963
f 2963 2962 2961
f 2964 2962 2963
o Skrin_s_troubou_vlakna_14
v 2.003171 0.598300 1.431000
v 2.003171 0.598300 2.165000
v 2.003171 0.598700 1.431000
v 2.003171 0.598700 2.165000
v 2.004671 0.598300 1.431000
v 2.004671 0.598300 2.165000
v 2.004671 0.598700 1.431000
v 2.004671 0.598700 2.165000
f 2966 2968 2965
f 2969 2966 2965
f 2965 2968 2967
f 2967 2969 2965
f 2966 2972 2968
f 2970 2966 2969
f 2970 2972 2966
f 2968 2972 2967
f 2971 2969 2967
f 2967 2972 2971
f 2971 2970 2969
f 2972 2970 2971
o Skrin_s_troubou_vlakna_15
v 2.077421 0.598300 1.431000
v 2.077421 0.598300 2.165000
v 2.077421 0.598700 1.431000
v 2.077421 0.598700 2.165000
v 2.078921 0.598300 1.431000
v 2.078921 0.598300 2.165000
v 2.078921 0.598700 1.431000
v 2.078921 0.598700 2.165000
f 2974 2976 2973
f 2977 2974 2973
f 2973 2976 2975
f 2975 2977 2973
f 2974 2980 2976
f 2978 2974 2977
f 2978 2980 2974
f 2976 2980 2975
f 2979 2977 2975
f 2975 2980 2979
f 2979 2978 2977
f 2980 2978 2979
o Skrin_s_troubou_vlakna_16
v 2.151671 0.598300 1.431000
v 2.151671 0.598300 2.165000
v 2.151671 0.598700 1.431000
v 2.151671 0.598700 2.165000
v 2.153171 0.598300 1.431000
v 2.153171 0.598300 2.165000
v 2.153171 0.598700 1.431000
v 2.153171 0.598700 2.165000
f 2982 2984 2981
f 2985 2982 2981
f 2981 2984 2983
f 2983 2985 2981
f 2982 2988 2984
f 2986 2982 2985
f 2986 2988 2982
f 2984 2988 2983
f 2987 2985 2983
f 2983 2988 2987
f 2987 2986 2985
f 2988 2986 2987
o Skrin_s_troubou_vlakna_17
v 2.225921 0.598300 1.431000
v 2.225921 0.598300 2.165000
v 2.225921 0.598700 1.431000
v 2.225921 0.598700 2.165000
v 2.227421 0.598300 1.431000
v 2.227421 0.598300 2.165000
v 2.227421 0.598700 1.431000
v 2.227421 0.598700 2.165000
f 2990 2992 2989
f 2993 2990 2989
f 2989 2992 2991
f 2991 2993 2989
f 2990 2996 2992
f 2994 2990 2993
f 2994 2996 2990
f 2992 2996 2991
f 2995 2993 2991
f 2991 2996 2995
f 2995 2994 2993
f 2996 2994 2995
o Skrin_s_troubou_madlo_1
v 2.059909 0.599000 2.137000
v 2.059909 0.599000 2.153000
v 2.059909 0.617000 2.137000
v 2.059909 0.617000 2.153000
v 2.209909 0.599000 2.137000
v 2.209909 0.599000 2.153000
v 2.209909 0.617000 2.137000
v 2.209909 0.617000 2.153000
f 2998 3000 2997
f 3001 2998 2997
f 2997 3000 2999
f 2999 3001 2997
f 2998 3004 3000
f 3002 2998 3001
f 3002 3004 2998
f 3000 3004 2999
f 3003 3001 2999
f 2999 3004 3003
f 3003 3002 3001
f 3004 3002 3003
o Mineralni_sokl_pod_drezem
v 2.269909 0.035000 0.015000
v 2.269909 0.035000 0.100000
v 2.269909 0.540000 0.015000
v 2.269909 0.540000 0.100000
v 3.637909 0.035000 0.015000
v 3.637909 0.035000 0.100000
v 3.637909 0.540000 0.015000
v 3.637909 0.540000 0.100000
f 3006 3008 3005
f 3009 3006 3005
f 3005 3008 3007
f 3007 3009 3005
f 3006 3012 3008
f 3010 3006 3009
f 3010 3012 3006
f 3008 3012 3007
f 3011 3009 3007
f 3007 3012 3011
f 3011 3010 3009
f 3012 3010 3011
o Mineralni_sokl_pod_varnou_deskou
v 3.112909 0.540000 0.015000
v 3.112909 0.540000 0.100000
v 3.112909 1.215000 0.015000
v 3.112909 1.215000 0.100000
v 3.627909 0.540000 0.015000
v 3.627909 0.540000 0.100000
v 3.627909 1.215000 0.015000
v 3.627909 1.215000 0.100000
f 3014 3016 3013
f 3017 3014 3013
f 3013 3016 3015
f 3015 3017 3013
f 3014 3020 3016
f 3018 3014 3017
f 3018 3020 3014
f 3016 3020 3015
f 3019 3017 3015
f 3015 3020 3019
f 3019 3018 3017
f 3020 3018 3019
o Mineralni_sokl_za_myckou
v 3.112909 1.715000 0.015000
v 3.112909 1.715000 0.100000
v 3.112909 1.905000 0.015000
v 3.112909 1.905000 0.100000
v 3.627909 1.715000 0.015000
v 3.627909 1.715000 0.100000
v 3.627909 1.905000 0.015000
v 3.627909 1.905000 0.100000
f 3022 3024 3021
f 3025 3022 3021
f 3021 3024 3023
f 3023 3025 3021
f 3022 3028 3024
f 3026 3022 3025
f 3026 3028 3022
f 3024 3028 3023
f 3027 3025 3023
f 3023 3028 3027
f 3027 3026 3025
f 3028 3026 3027
o Zdena_pricka_0
v 2.254909 0.015000 0.100000
v 2.254909 0.015000 0.860000
v 2.254909 0.565000 0.100000
v 2.254909 0.565000 0.860000
v 2.304909 0.015000 0.100000
v 2.304909 0.015000 0.860000
v 2.304909 0.565000 0.100000
v 2.304909 0.565000 0.860000
f 3030 3032 3029
f 3033 3030 3029
f 3029 3032 3031
f 3031 3033 3029
f 3030 3036 3032
f 3034 3030 3033
f 3034 3036 3030
f 3032 3036 3031
f 3035 3033 3031
f 3031 3036 3035
f 3035 3034 3033
f 3036 3034 3035
o Zdena_pricka_1
v 3.052909 0.015000 0.100000
v 3.052909 0.015000 0.860000
v 3.052909 0.565000 0.100000
v 3.052909 0.565000 0.860000
v 3.102909 0.015000 0.100000
v 3.102909 0.015000 0.860000
v 3.102909 0.565000 0.100000
v 3.102909 0.565000 0.860000
f 3038 3040 3037
f 3041 3038 3037
f 3037 3040 3039
f 3039 3041 3037
f 3038 3044 3040
f 3042 3038 3041
f 3042 3044 3038
f 3040 3044 3039
f 3043 3041 3039
f 3039 3044 3043
f 3043 3042 3041
f 3044 3042 3043
o Rohova_skrinka_dubova_dvirka
v 3.627909 0.035000 0.104000
v 3.627909 0.035000 0.854000
v 3.627909 0.565000 0.104000
v 3.627909 0.565000 0.854000
v 3.649909 0.035000 0.104000
v 3.649909 0.035000 0.854000
v 3.649909 0.565000 0.104000
v 3.649909 0.565000 0.854000
f 3046 3048 3045
f 3049 3046 3045
f 3045 3048 3047
f 3047 3049 3045
f 3046 3052 3048
f 3050 3046 3049
f 3050 3052 3046
f 3048 3052 3047
f 3051 3049 3047
f 3047 3052 3051
f 3051 3050 3049
f 3052 3050 3051
o Rohova_skrinka_horni_madlo
v 3.650909 0.190000 0.805000
v 3.650909 0.190000 0.821000
v 3.650909 0.410000 0.805000
v 3.650909 0.410000 0.821000
v 3.668909 0.190000 0.805000
v 3.668909 0.190000 0.821000
v 3.668909 0.410000 0.805000
v 3.668909 0.410000 0.821000
f 3054 3056 3053
f 3057 3054 3053
f 3053 3056 3055
f 3055 3057 3053
f 3054 3060 3056
f 3058 3054 3057
f 3058 3060 3054
f 3056 3060 3055
f 3059 3057 3055
f 3055 3060 3059
f 3059 3058 3057
f 3060 3058 3059
o Rohova_skrinka_mineralni_police_0.12
v 3.112909 0.055000 0.120000
v 3.112909 0.055000 0.145000
v 3.112909 0.540000 0.120000
v 3.112909 0.540000 0.145000
v 3.617909 0.055000 0.120000
v 3.617909 0.055000 0.145000
v 3.617909 0.540000 0.120000
v 3.617909 0.540000 0.145000
f 3062 3064 3061
f 3065 3062 3061
f 3061 3064 3063
f 3063 3065 3061
f 3062 3068 3064
f 3066 3062 3065
f 3066 3068 3062
f 3064 3068 3063
f 3067 3065 3063
f 3063 3068 3067
f 3067 3066 3065
f 3068 3066 3067
o Rohova_skrinka_mineralni_police_0.46
v 3.112909 0.055000 0.460000
v 3.112909 0.055000 0.485000
v 3.112909 0.540000 0.460000
v 3.112909 0.540000 0.485000
v 3.617909 0.055000 0.460000
v 3.617909 0.055000 0.485000
v 3.617909 0.540000 0.460000
v 3.617909 0.540000 0.485000
f 3070 3072 3069
f 3073 3070 3069
f 3069 3072 3071
f 3071 3073 3069
f 3070 3076 3072
f 3074 3070 3073
f 3074 3076 3070
f 3072 3076 3071
f 3075 3073 3071
f 3071 3076 3075
f 3075 3074 3073
f 3076 3074 3075
o Pricka_pod_poloostrovem
v 3.078909 1.180000 0.100000
v 3.078909 1.180000 0.860000
v 3.078909 1.230000 0.100000
v 3.078909 1.230000 0.860000
v 3.592909 1.180000 0.100000
v 3.592909 1.180000 0.860000
v 3.592909 1.230000 0.100000
v 3.592909 1.230000 0.860000
f 3078 3080 3077
f 3081 3078 3077
f 3077 3080 3079
f 3079 3081 3077
f 3078 3084 3080
f 3082 3078 3081
f 3082 3084 3078
f 3080 3084 3079
f 3083 3081 3079
f 3079 3084 3083
f 3083 3082 3081
f 3084 3082 3083
o Zadni_stena_pod_drezem
v 2.254909 0.005000 0.100000
v 2.254909 0.005000 0.860000
v 2.254909 0.030000 0.100000
v 2.254909 0.030000 0.860000
v 3.652909 0.005000 0.100000
v 3.652909 0.005000 0.860000
v 3.652909 0.030000 0.100000
v 3.652909 0.030000 0.860000
f 3086 3088 3085
f 3089 3086 3085
f 3085 3088 3087
f 3087 3089 3085
f 3086 3092 3088
f 3090 3086 3089
f 3090 3092 3086
f 3088 3092 3087
f 3091 3089 3087
f 3087 3092 3091
f 3091 3090 3089
f 3092 3090 3091
o Dubove_celo_drezu_leve
v 2.258909 0.568000 0.104000
v 2.258909 0.568000 0.854000
v 2.258909 0.595000 0.104000
v 2.258909 0.595000 0.854000
v 2.650909 0.568000 0.104000
v 2.650909 0.568000 0.854000
v 2.650909 0.595000 0.104000
v 2.650909 0.595000 0.854000
f 3094 3096 3093
f 3097 3094 3093
f 3093 3096 3095
f 3095 3097 3093
f 3094 3100 3096
f 3098 3094 3097
f 3098 3100 3094
f 3096 3100 3095
f 3099 3097 3095
f 3095 3100 3099
f 3099 3098 3097
f 3100 3098 3099
o Dubove_celo_drezu_prave
v 2.658909 0.568000 0.104000
v 2.658909 0.568000 0.854000
v 2.658909 0.595000 0.104000
v 2.658909 0.595000 0.854000
v 3.048909 0.568000 0.104000
v 3.048909 0.568000 0.854000
v 3.048909 0.595000 0.104000
v 3.048909 0.595000 0.854000
f 3102 3104 3101
f 3105 3102 3101
f 3101 3104 3103
f 3103 3105 3101
f 3102 3108 3104
f 3106 3102 3105
f 3106 3108 3102
f 3104 3108 3103
f 3107 3105 3103
f 3103 3108 3107
f 3107 3106 3105
f 3108 3106 3107
o Madlo_pod_drezem_2.45490898202353
v 2.354909 0.596000 0.807000
v 2.354909 0.596000 0.823000
v 2.354909 0.614000 0.807000
v 2.354909 0.614000 0.823000
v 2.554909 0.596000 0.807000
v 2.554909 0.596000 0.823000
v 2.554909 0.614000 0.807000
v 2.554909 0.614000 0.823000
f 3110 3112 3109
f 3113 3110 3109
f 3109 3112 3111
f 3111 3113 3109
f 3110 3116 3112
f 3114 3110 3113
f 3114 3116 3110
f 3112 3116 3111
f 3115 3113 3111
f 3111 3116 3115
f 3115 3114 3113
f 3116 3114 3115
o Madlo_pod_drezem_2.85490898202353
v 2.754909 0.596000 0.807000
v 2.754909 0.596000 0.823000
v 2.754909 0.614000 0.807000
v 2.754909 0.614000 0.823000
v 2.954909 0.596000 0.807000
v 2.954909 0.596000 0.823000
v 2.954909 0.614000 0.807000
v 2.954909 0.614000 0.823000
f 3118 3120 3117
f 3121 3118 3117
f 3117 3120 3119
f 3119 3121 3117
f 3118 3124 3120
f 3122 3118 3121
f 3122 3124 3118
f 3120 3124 3119
f 3123 3121 3119
f 3119 3124 3123
f 3123 3122 3121
f 3124 3122 3123
o Drez_vlakna_0
v 2.295588 0.595300 0.129000
v 2.295588 0.595300 0.829000
v 2.295588 0.595700 0.129000
v 2.295588 0.595700 0.829000
v 2.297088 0.595300 0.129000
v 2.297088 0.595300 0.829000
v 2.297088 0.595700 0.129000
v 2.297088 0.595700 0.829000
f 3126 3128 3125
f 3129 3126 3125
f 3125 3128 3127
f 3127 3129 3125
f 3126 3132 3128
f 3130 3126 3129
f 3130 3132 3126
f 3128 3132 3127
f 3131 3129 3127
f 3127 3132 3131
f 3131 3130 3129
f 3132 3130 3131
o Drez_vlakna_1
v 2.352016 0.595300 0.129000
v 2.352016 0.595300 0.829000
v 2.352016 0.595700 0.129000
v 2.352016 0.595700 0.829000
v 2.353516 0.595300 0.129000
v 2.353516 0.595300 0.829000
v 2.353516 0.595700 0.129000
v 2.353516 0.595700 0.829000
f 3134 3136 3133
f 3137 3134 3133
f 3133 3136 3135
f 3135 3137 3133
f 3134 3140 3136
f 3138 3134 3137
f 3138 3140 3134
f 3136 3140 3135
f 3139 3137 3135
f 3135 3140 3139
f 3139 3138 3137
f 3140 3138 3139
o Drez_vlakna_2
v 2.408445 0.595300 0.129000
v 2.408445 0.595300 0.829000
v 2.408445 0.595700 0.129000
v 2.408445 0.595700 0.829000
v 2.409945 0.595300 0.129000
v 2.409945 0.595300 0.829000
v 2.409945 0.595700 0.129000
v 2.409945 0.595700 0.829000
f 3142 3144 3141
f 3145 3142 3141
f 3141 3144 3143
f 3143 3145 3141
f 3142 3148 3144
f 3146 3142 3145
f 3146 3148 3142
f 3144 3148 3143
f 3147 3145 3143
f 3143 3148 3147
f 3147 3146 3145
f 3148 3146 3147
o Drez_vlakna_3
v 2.464873 0.595300 0.129000
v 2.464873 0.595300 0.829000
v 2.464873 0.595700 0.129000
v 2.464873 0.595700 0.829000
v 2.466373 0.595300 0.129000
v 2.466373 0.595300 0.829000
v 2.466373 0.595700 0.129000
v 2.466373 0.595700 0.829000
f 3150 3152 3149
f 3153 3150 3149
f 3149 3152 3151
f 3151 3153 3149
f 3150 3156 3152
f 3154 3150 3153
f 3154 3156 3150
f 3152 3156 3151
f 3155 3153 3151
f 3151 3156 3155
f 3155 3154 3153
f 3156 3154 3155
o Drez_vlakna_4
v 2.521302 0.595300 0.129000
v 2.521302 0.595300 0.829000
v 2.521302 0.595700 0.129000
v 2.521302 0.595700 0.829000
v 2.522802 0.595300 0.129000
v 2.522802 0.595300 0.829000
v 2.522802 0.595700 0.129000
v 2.522802 0.595700 0.829000
f 3158 3160 3157
f 3161 3158 3157
f 3157 3160 3159
f 3159 3161 3157
f 3158 3164 3160
f 3162 3158 3161
f 3162 3164 3158
f 3160 3164 3159
f 3163 3161 3159
f 3159 3164 3163
f 3163 3162 3161
f 3164 3162 3163
o Drez_vlakna_5
v 2.577730 0.595300 0.129000
v 2.577730 0.595300 0.829000
v 2.577730 0.595700 0.129000
v 2.577730 0.595700 0.829000
v 2.579230 0.595300 0.129000
v 2.579230 0.595300 0.829000
v 2.579230 0.595700 0.129000
v 2.579230 0.595700 0.829000
f 3166 3168 3165
f 3169 3166 3165
f 3165 3168 3167
f 3167 3169 3165
f 3166 3172 3168
f 3170 3166 3169
f 3170 3172 3166
f 3168 3172 3167
f 3171 3169 3167
f 3167 3172 3171
f 3171 3170 3169
f 3172 3170 3171
o Drez_vlakna_6
v 2.634159 0.595300 0.129000
v 2.634159 0.595300 0.829000
v 2.634159 0.595700 0.129000
v 2.634159 0.595700 0.829000
v 2.635659 0.595300 0.129000
v 2.635659 0.595300 0.829000
v 2.635659 0.595700 0.129000
v 2.635659 0.595700 0.829000
f 3174 3176 3173
f 3177 3174 3173
f 3173 3176 3175
f 3175 3177 3173
f 3174 3180 3176
f 3178 3174 3177
f 3178 3180 3174
f 3176 3180 3175
f 3179 3177 3175
f 3175 3180 3179
f 3179 3178 3177
f 3180 3178 3179
o Drez_vlakna_7
v 2.690588 0.595300 0.129000
v 2.690588 0.595300 0.829000
v 2.690588 0.595700 0.129000
v 2.690588 0.595700 0.829000
v 2.692088 0.595300 0.129000
v 2.692088 0.595300 0.829000
v 2.692088 0.595700 0.129000
v 2.692088 0.595700 0.829000
f 3182 3184 3181
f 3185 3182 3181
f 3181 3184 3183
f 3183 3185 3181
f 3182 3188 3184
f 3186 3182 3185
f 3186 3188 3182
f 3184 3188 3183
f 3187 3185 3183
f 3183 3188 3187
f 3187 3186 3185
f 3188 3186 3187
o Drez_vlakna_8
v 2.747016 0.595300 0.129000
v 2.747016 0.595300 0.829000
v 2.747016 0.595700 0.129000
v 2.747016 0.595700 0.829000
v 2.748516 0.595300 0.129000
v 2.748516 0.595300 0.829000
v 2.748516 0.595700 0.129000
v 2.748516 0.595700 0.829000
f 3190 3192 3189
f 3193 3190 3189
f 3189 3192 3191
f 3191 3193 3189
f 3190 3196 3192
f 3194 3190 3193
f 3194 3196 3190
f 3192 3196 3191
f 3195 3193 3191
f 3191 3196 3195
f 3195 3194 3193
f 3196 3194 3195
o Drez_vlakna_9
v 2.803445 0.595300 0.129000
v 2.803445 0.595300 0.829000
v 2.803445 0.595700 0.129000
v 2.803445 0.595700 0.829000
v 2.804945 0.595300 0.129000
v 2.804945 0.595300 0.829000
v 2.804945 0.595700 0.129000
v 2.804945 0.595700 0.829000
f 3198 3200 3197
f 3201 3198 3197
f 3197 3200 3199
f 3199 3201 3197
f 3198 3204 3200
f 3202 3198 3201
f 3202 3204 3198
f 3200 3204 3199
f 3203 3201 3199
f 3199 3204 3203
f 3203 3202 3201
f 3204 3202 3203
o Drez_vlakna_10
v 2.859873 0.595300 0.129000
v 2.859873 0.595300 0.829000
v 2.859873 0.595700 0.129000
v 2.859873 0.595700 0.829000
v 2.861373 0.595300 0.129000
v 2.861373 0.595300 0.829000
v 2.861373 0.595700 0.129000
v 2.861373 0.595700 0.829000
f 3206 3208 3205
f 3209 3206 3205
f 3205 3208 3207
f 3207 3209 3205
f 3206 3212 3208
f 3210 3206 3209
f 3210 3212 3206
f 3208 3212 3207
f 3211 3209 3207
f 3207 3212 3211
f 3211 3210 3209
f 3212 3210 3211
o Drez_vlakna_11
v 2.916302 0.595300 0.129000
v 2.916302 0.595300 0.829000
v 2.916302 0.595700 0.129000
v 2.916302 0.595700 0.829000
v 2.917802 0.595300 0.129000
v 2.917802 0.595300 0.829000
v 2.917802 0.595700 0.129000
v 2.917802 0.595700 0.829000
f 3214 3216 3213
f 3217 3214 3213
f 3213 3216 3215
f 3215 3217 3213
f 3214 3220 3216
f 3218 3214 3217
f 3218 3220 3214
f 3216 3220 3215
f 3219 3217 3215
f 3215 3220 3219
f 3219 3218 3217
f 3220 3218 3219
o Drez_vlakna_12
v 2.972730 0.595300 0.129000
v 2.972730 0.595300 0.829000
v 2.972730 0.595700 0.129000
v 2.972730 0.595700 0.829000
v 2.974230 0.595300 0.129000
v 2.974230 0.595300 0.829000
v 2.974230 0.595700 0.129000
v 2.974230 0.595700 0.829000
f 3222 3224 3221
f 3225 3222 3221
f 3221 3224 3223
f 3223 3225 3221
f 3222 3228 3224
f 3226 3222 3225
f 3226 3228 3222
f 3224 3228 3223
f 3227 3225 3223
f 3223 3228 3227
f 3227 3226 3225
f 3228 3226 3227
o Drez_vlakna_13
v 3.029159 0.595300 0.129000
v 3.029159 0.595300 0.829000
v 3.029159 0.595700 0.129000
v 3.029159 0.595700 0.829000
v 3.030659 0.595300 0.129000
v 3.030659 0.595300 0.829000
v 3.030659 0.595700 0.129000
v 3.030659 0.595700 0.829000
f 3230 3232 3229
f 3233 3230 3229
f 3229 3232 3231
f 3231 3233 3229
f 3230 3236 3232
f 3234 3230 3233
f 3234 3236 3230
f 3232 3236 3231
f 3235 3233 3231
f 3231 3236 3235
f 3235 3234 3233
f 3236 3234 3235
o Svetla_pracovni_deska_0
v 2.254909 0.000000 0.860000
v 2.254909 0.000000 0.900000
v 2.254909 0.600000 0.860000
v 2.254909 0.600000 0.900000
v 2.405600 0.000000 0.860000
v 2.405600 0.000000 0.900000
v 2.405600 0.600000 0.860000
v 2.405600 0.600000 0.900000
f 3238 3240 3237
f 3241 3238 3237
f 3237 3240 3239
f 3239 3241 3237
f 3238 3244 3240
f 3242 3238 3241
f 3242 3244 3238
f 3240 3244 3239
f 3243 3241 3239
f 3239 3244 3243
f 3243 3242 3241
f 3244 3242 3243
o Svetla_pracovni_deska_1
v 2.955600 0.000000 0.860000
v 2.955600 0.000000 0.900000
v 2.955600 0.600000 0.860000
v 2.955600 0.600000 0.900000
v 3.652909 0.000000 0.860000
v 3.652909 0.000000 0.900000
v 3.652909 0.600000 0.860000
v 3.652909 0.600000 0.900000
f 3246 3248 3245
f 3249 3246 3245
f 3245 3248 3247
f 3247 3249 3245
f 3246 3252 3248
f 3250 3246 3249
f 3250 3252 3246
f 3248 3252 3247
f 3251 3249 3247
f 3247 3252 3251
f 3251 3250 3249
f 3252 3250 3251
o Svetla_pracovni_deska_2
v 2.405600 0.000000 0.860000
v 2.405600 0.000000 0.900000
v 2.405600 0.050000 0.860000
v 2.405600 0.050000 0.900000
v 2.955600 0.000000 0.860000
v 2.955600 0.000000 0.900000
v 2.955600 0.050000 0.860000
v 2.955600 0.050000 0.900000
f 3254 3256 3253
f 3257 3254 3253
f 3253 3256 3255
f 3255 3257 3253
f 3254 3260 3256
f 3258 3254 3257
f 3258 3260 3254
f 3256 3260 3255
f 3259 3257 3255
f 3255 3260 3259
f 3259 3258 3257
f 3260 3258 3259
o Svetla_pracovni_deska_3
v 2.405600 0.550000 0.860000
v 2.405600 0.550000 0.900000
v 2.405600 0.600000 0.860000
v 2.405600 0.600000 0.900000
v 2.955600 0.550000 0.860000
v 2.955600 0.550000 0.900000
v 2.955600 0.600000 0.860000
v 2.955600 0.600000 0.900000
f 3262 3264 3261
f 3265 3262 3261
f 3261 3264 3263
f 3263 3265 3261
f 3262 3268 3264
f 3266 3262 3265
f 3266 3268 3262
f 3264 3268 3263
f 3267 3265 3263
f 3263 3268 3267
f 3267 3266 3265
f 3268 3266 3267
o Svetla_pracovni_deska_4
v 3.052909 0.600000 0.860000
v 3.052909 0.600000 0.900000
v 3.052909 2.000000 0.860000
v 3.052909 2.000000 0.900000
v 3.652909 0.600000 0.860000
v 3.652909 0.600000 0.900000
v 3.652909 2.000000 0.860000
v 3.652909 2.000000 0.900000
f 3270 3272 3269
f 3273 3270 3269
f 3269 3272 3271
f 3271 3273 3269
f 3270 3276 3272
f 3274 3270 3273
f 3274 3276 3270
f 3272 3276 3271
f 3275 3273 3271
f 3271 3276 3275
f 3275 3274 3273
f 3276 3274 3275
o Drez_nerezovy_lem_0
v 2.405600 0.050000 0.895000
v 2.405600 0.050000 0.904000
v 2.405600 0.150000 0.895000
v 2.405600 0.150000 0.904000
v 2.955600 0.050000 0.895000
v 2.955600 0.050000 0.904000
v 2.955600 0.150000 0.895000
v 2.955600 0.150000 0.904000
f 3278 3280 3277
f 3281 3278 3277
f 3277 3280 3279
f 3279 3281 3277
f 3278 3284 3280
f 3282 3278 3281
f 3282 3284 3278
f 3280 3284 3279
f 3283 3281 3279
f 3279 3284 3283
f 3283 3282 3281
f 3284 3282 3283
o Drez_nerezovy_lem_1
v 2.405600 0.500000 0.895000
v 2.405600 0.500000 0.904000
v 2.405600 0.550000 0.895000
v 2.405600 0.550000 0.904000
v 2.955600 0.500000 0.895000
v 2.955600 0.500000 0.904000
v 2.955600 0.550000 0.895000
v 2.955600 0.550000 0.904000
f 3286 3288 3285
f 3289 3286 3285
f 3285 3288 3287
f 3287 3289 3285
f 3286 3292 3288
f 3290 3286 3289
f 3290 3292 3286
f 3288 3292 3287
f 3291 3289 3287
f 3287 3292 3291
f 3291 3290 3289
f 3292 3290 3291
o Drez_nerezovy_lem_2
v 2.405600 0.150000 0.895000
v 2.405600 0.150000 0.904000
v 2.405600 0.500000 0.895000
v 2.405600 0.500000 0.904000
v 2.455600 0.150000 0.895000
v 2.455600 0.150000 0.904000
v 2.455600 0.500000 0.895000
v 2.455600 0.500000 0.904000
f 3294 3296 3293
f 3297 3294 3293
f 3293 3296 3295
f 3295 3297 3293
f 3294 3300 3296
f 3298 3294 3297
f 3298 3300 3294
f 3296 3300 3295
f 3299 3297 3295
f 3295 3300 3299
f 3299 3298 3297
f 3300 3298 3299
o Drez_nerezovy_lem_3
v 2.905600 0.150000 0.895000
v 2.905600 0.150000 0.904000
v 2.905600 0.500000 0.895000
v 2.905600 0.500000 0.904000
v 2.955600 0.150000 0.895000
v 2.955600 0.150000 0.904000
v 2.955600 0.500000 0.895000
v 2.955600 0.500000 0.904000
f 3302 3304 3301
f 3305 3302 3301
f 3301 3304 3303
f 3303 3305 3301
f 3302 3308 3304
f 3306 3302 3305
f 3306 3308 3302
f 3304 3308 3303
f 3307 3305 3303
f 3303 3308 3307
f 3307 3306 3305
f 3308 3306 3307
o Drez_dno
v 2.455600 0.150000 0.735000
v 2.455600 0.150000 0.744000
v 2.455600 0.500000 0.735000
v 2.455600 0.500000 0.744000
v 2.905600 0.150000 0.735000
v 2.905600 0.150000 0.744000
v 2.905600 0.500000 0.735000
v 2.905600 0.500000 0.744000
f 3310 3312 3309
f 3313 3310 3309
f 3309 3312 3311
f 3311 3313 3309
f 3310 3316 3312
f 3314 3310 3313
f 3314 3316 3310
f 3312 3316 3311
f 3315 3313 3311
f 3311 3316 3315
f 3315 3314 3313
f 3316 3314 3315
o Drez_vana_0
v 2.455600 0.150000 0.740000
v 2.455600 0.150000 0.900000
v 2.455600 0.500000 0.740000
v 2.455600 0.500000 0.900000
v 2.461600 0.150000 0.740000
v 2.461600 0.150000 0.900000
v 2.461600 0.500000 0.740000
v 2.461600 0.500000 0.900000
f 3318 3320 3317
f 3321 3318 3317
f 3317 3320 3319
f 3319 3321 3317
f 3318 3324 3320
f 3322 3318 3321
f 3322 3324 3318
f 3320 3324 3319
f 3323 3321 3319
f 3319 3324 3323
f 3323 3322 3321
f 3324 3322 3323
o Drez_vana_1
v 2.899600 0.150000 0.740000
v 2.899600 0.150000 0.900000
v 2.899600 0.500000 0.740000
v 2.899600 0.500000 0.900000
v 2.905600 0.150000 0.740000
v 2.905600 0.150000 0.900000
v 2.905600 0.500000 0.740000
v 2.905600 0.500000 0.900000
f 3326 3328 3325
f 3329 3326 3325
f 3325 3328 3327
f 3327 3329 3325
f 3326 3332 3328
f 3330 3326 3329
f 3330 3332 3326
f 3328 3332 3327
f 3331 3329 3327
f 3327 3332 3331
f 3331 3330 3329
f 3332 3330 3331
o Drez_vana_2
v 2.455600 0.150000 0.740000
v 2.455600 0.150000 0.900000
v 2.455600 0.156000 0.740000
v 2.455600 0.156000 0.900000
v 2.905600 0.150000 0.740000
v 2.905600 0.150000 0.900000
v 2.905600 0.156000 0.740000
v 2.905600 0.156000 0.900000
f 3334 3336 3333
f 3337 3334 3333
f 3333 3336 3335
f 3335 3337 3333
f 3334 3340 3336
f 3338 3334 3337
f 3338 3340 3334
f 3336 3340 3335
f 3339 3337 3335
f 3335 3340 3339
f 3339 3338 3337
f 3340 3338 3339
o Drez_vana_3
v 2.455600 0.494000 0.740000
v 2.455600 0.494000 0.900000
v 2.455600 0.500000 0.740000
v 2.455600 0.500000 0.900000
v 2.905600 0.494000 0.740000
v 2.905600 0.494000 0.900000
v 2.905600 0.500000 0.740000
v 2.905600 0.500000 0.900000
f 3342 3344 3341
f 3345 3342 3341
f 3341 3344 3343
f 3343 3345 3341
f 3342 3348 3344
f 3346 3342 3345
f 3346 3348 3342
f 3344 3348 3343
f 3347 3345 3343
f 3343 3348 3347
f 3347 3346 3345
f 3348 3346 3347
o Baterie_stojanka
v 2.680600 0.095000 0.902000
v 2.696600 0.095000 0.902000
v 2.696600 0.095000 1.195000
v 2.680600 0.095000 1.195000
v 2.694456 0.103000 0.902000
v 2.694456 0.103000 1.195000
v 2.688600 0.108856 0.902000
v 2.688600 0.108856 1.195000
v 2.680600 0.111000 0.902000
v 2.680600 0.111000 1.195000
v 2.672600 0.108856 0.902000
v 2.672600 0.108856 1.195000
v 2.666744 0.103000 0.902000
v 2.666744 0.103000 1.195000
v 2.664600 0.095000 0.902000
v 2.664600 0.095000 1.195000
v 2.666744 0.087000 0.902000
v 2.666744 0.087000 1.195000
v 2.672600 0.081144 0.902000
v 2.672600 0.081144 1.195000
v 2.680600 0.079000 0.902000
v 2.680600 0.079000 1.195000
v 2.688600 0.081144 0.902000
v 2.688600 0.081144 1.195000
v 2.694456 0.087000 0.902000
v 2.694456 0.087000 1.195000
f 3350 3349 3353
f 3350 3353 3351
f 3351 3353 3354
f 3351 3354 3352
f 3353 3349 3355
f 3353 3355 3354
f 3354 3355 3356
f 3354 3356 3352
f 3355 3349 3357
f 3355 3357 3356
f 3356 3357 3358
f 3356 3358 3352
f 3357 3349 3359
f 3357 3359 3358
f 3358 3359 3360
f 3358 3360 3352
f 3359 3349 3361
f 3359 3361 3360
f 3360 3361 3362
f 3360 3362 3352
f 3361 3349 3363
f 3361 3363 3362
f 3362 3363 3364
f 3362 3364 3352
f 3363 3349 3365
f 3363 3365 3364
f 3364 3365 3366
f 3364 3366 3352
f 3365 3349 3367
f 3365 3367 3366
f 3366 3367 3368
f 3366 3368 3352
f 3367 3349 3369
f 3367 3369 3368
f 3368 3369 3370
f 3368 3370 3352
f 3369 3349 3371
f 3369 3371 3370
f 3370 3371 3372
f 3370 3372 3352
f 3371 3349 3373
f 3371 3373 3372
f 3372 3373 3374
f 3372 3374 3352
f 3373 3349 3350
f 3373 3350 3374
f 3374 3350 3351
f 3374 3351 3352
o Baterie_rameno
v 2.680600 0.095000 1.195000
v 2.680600 0.095000 1.181000
v 2.680600 0.285000 1.181000
v 2.680600 0.285000 1.195000
v 2.673600 0.095000 1.182876
v 2.673600 0.285000 1.182876
v 2.668476 0.095000 1.188000
v 2.668476 0.285000 1.188000
v 2.666600 0.095000 1.195000
v 2.666600 0.285000 1.195000
v 2.668476 0.095000 1.202000
v 2.668476 0.285000 1.202000
v 2.673600 0.095000 1.207124
v 2.673600 0.285000 1.207124
v 2.680600 0.095000 1.209000
v 2.680600 0.285000 1.209000
v 2.687600 0.095000 1.207124
v 2.687600 0.285000 1.207124
v 2.692724 0.095000 1.202000
v 2.692724 0.285000 1.202000
v 2.694600 0.095000 1.195000
v 2.694600 0.285000 1.195000
v 2.692724 0.095000 1.188000
v 2.692724 0.285000 1.188000
v 2.687600 0.095000 1.182876
v 2.687600 0.285000 1.182876
f 3376 3375 3379
f 3376 3379 3377
f 3377 3379 3380
f 3377 3380 3378
f 3379 3375 3381
f 3379 3381 3380
f 3380 3381 3382
f 3380 3382 3378
f 3381 3375 3383
f 3381 3383 3382
f 3382 3383 3384
f 3382 3384 3378
f 3383 3375 3385
f 3383 3385 3384
f 3384 3385 3386
f 3384 3386 3378
f 3385 3375 3387
f 3385 3387 3386
f 3386 3387 3388
f 3386 3388 3378
f 3387 3375 3389
f 3387 3389 3388
f 3388 3389 3390
f 3388 3390 3378
f 3389 3375 3391
f 3389 3391 3390
f 3390 3391 3392
f 3390 3392 3378
f 3391 3375 3393
f 3391 3393 3392
f 3392 3393 3394
f 3392 3394 3378
f 3393 3375 3395
f 3393 3395 3394
f 3394 3395 3396
f 3394 3396 3378
f 3395 3375 3397
f 3395 3397 3396
f 3396 3397 3398
f 3396 3398 3378
f 3397 3375 3399
f 3397 3399 3398
f 3398 3399 3400
f 3398 3400 3378
f 3399 3375 3376
f 3399 3376 3400
f 3400 3376 3377
f 3400 3377 3378
o Baterie_vytok
v 2.680600 0.285000 1.195000
v 2.666600 0.285000 1.195000
v 2.666600 0.285000 1.155000
v 2.680600 0.285000 1.155000
v 2.668476 0.292000 1.195000
v 2.668476 0.292000 1.155000
v 2.673600 0.297124 1.195000
v 2.673600 0.297124 1.155000
v 2.680600 0.299000 1.195000
v 2.680600 0.299000 1.155000
v 2.687600 0.297124 1.195000
v 2.687600 0.297124 1.155000
v 2.692724 0.292000 1.195000
v 2.692724 0.292000 1.155000
v 2.694600 0.285000 1.195000
v 2.694600 0.285000 1.155000
v 2.692724 0.278000 1.195000
v 2.692724 0.278000 1.155000
v 2.687600 0.272876 1.195000
v 2.687600 0.272876 1.155000
v 2.680600 0.271000 1.195000
v 2.680600 0.271000 1.155000
v 2.673600 0.272876 1.195000
v 2.673600 0.272876 1.155000
v 2.668476 0.278000 1.195000
v 2.668476 0.278000 1.155000
f 3402 3401 3405
f 3402 3405 3403
f 3403 3405 3406
f 3403 3406 3404
f 3405 3401 3407
f 3405 3407 3406
f 3406 3407 3408
f 3406 3408 3404
f 3407 3401 3409
f 3407 3409 3408
f 3408 3409 3410
f 3408 3410 3404
f 3409 3401 3411
f 3409 3411 3410
f 3410 3411 3412
f 3410 3412 3404
f 3411 3401 3413
f 3411 3413 3412
f 3412 3413 3414
f 3412 3414 3404
f 3413 3401 3415
f 3413 3415 3414
f 3414 3415 3416
f 3414 3416 3404
f 3415 3401 3417
f 3415 3417 3416
f 3416 3417 3418
f 3416 3418 3404
f 3417 3401 3419
f 3417 3419 3418
f 3418 3419 3420
f 3418 3420 3404
f 3419 3401 3421
f 3419 3421 3420
f 3420 3421 3422
f 3420 3422 3404
f 3421 3401 3423
f 3421 3423 3422
f 3422 3423 3424
f 3422 3424 3404
f 3423 3401 3425
f 3423 3425 3424
f 3424 3425 3426
f 3424 3426 3404
f 3425 3401 3402
f 3425 3402 3426
f 3426 3402 3403
f 3426 3403 3404
o Drez_vypust
v 2.680600 0.325000 0.745000
v 2.703600 0.325000 0.745000
v 2.703600 0.325000 0.749000
v 2.680600 0.325000 0.749000
v 2.702816 0.330953 0.745000
v 2.702816 0.330953 0.749000
v 2.700519 0.336500 0.745000
v 2.700519 0.336500 0.749000
v 2.696863 0.341263 0.745000
v 2.696863 0.341263 0.749000
v 2.692100 0.344919 0.745000
v 2.692100 0.344919 0.749000
v 2.686553 0.347216 0.745000
v 2.686553 0.347216 0.749000
v 2.680600 0.348000 0.745000
v 2.680600 0.348000 0.749000
v 2.674647 0.347216 0.745000
v 2.674647 0.347216 0.749000
v 2.669100 0.344919 0.745000
v 2.669100 0.344919 0.749000
v 2.664337 0.341263 0.745000
v 2.664337 0.341263 0.749000
v 2.660681 0.336500 0.745000
v 2.660681 0.336500 0.749000
v 2.658384 0.330953 0.745000
v 2.658384 0.330953 0.749000
v 2.657600 0.325000 0.745000
v 2.657600 0.325000 0.749000
v 2.658384 0.319047 0.745000
v 2.658384 0.319047 0.749000
v 2.660681 0.313500 0.745000
v 2.660681 0.313500 0.749000
v 2.664337 0.308737 0.745000
v 2.664337 0.308737 0.749000
v 2.669100 0.305081 0.745000
v 2.669100 0.305081 0.749000
v 2.674647 0.302784 0.745000
v 2.674647 0.302784 0.749000
v 2.680600 0.302000 0.745000
v 2.680600 0.302000 0.749000
v 2.686553 0.302784 0.745000
v 2.686553 0.302784 0.749000
v 2.692100 0.305081 0.745000
v 2.692100 0.305081 0.749000
v 2.696863 0.308737 0.745000
v 2.696863 0.308737 0.749000
v 2.700519 0.313500 0.745000
v 2.700519 0.313500 0.749000
v 2.702816 0.319047 0.745000
v 2.702816 0.319047 0.749000
f 3428 3427 3431
f 3428 3431 3429
f 3429 3431 3432
f 3429 3432 3430
f 3431 3427 3433
f 3431 3433 3432
f 3432 3433 3434
f 3432 3434 3430
f 3433 3427 3435
f 3433 3435 3434
f 3434 3435 3436
f 3434 3436 3430
f 3435 3427 3437
f 3435 3437 3436
f 3436 3437 3438
f 3436 3438 3430
f 3437 3427 3439
f 3437 3439 3438
f 3438 3439 3440
f 3438 3440 3430
f 3439 3427 3441
f 3439 3441 3440
f 3440 3441 3442
f 3440 3442 3430
f 3441 3427 3443
f 3441 3443 3442
f 3442 3443 3444
f 3442 3444 3430
f 3443 3427 3445
f 3443 3445 3444
f 3444 3445 3446
f 3444 3446 3430
f 3445 3427 3447
f 3445 3447 3446
f 3446 3447 3448
f 3446 3448 3430
f 3447 3427 3449
f 3447 3449 3448
f 3448 3449 3450
f 3448 3450 3430
f 3449 3427 3451
f 3449 3451 3450
f 3450 3451 3452
f 3450 3452 3430
f 3451 3427 3453
f 3451 3453 3452
f 3452 3453 3454
f 3452 3454 3430
f 3453 3427 3455
f 3453 3455 3454
f 3454 3455 3456
f 3454 3456 3430
f 3455 3427 3457
f 3455 3457 3456
f 3456 3457 3458
f 3456 3458 3430
f 3457 3427 3459
f 3457 3459 3458
f 3458 3459 3460
f 3458 3460 3430
f 3459 3427 3461
f 3459 3461 3460
f 3460 3461 3462
f 3460 3462 3430
f 3461 3427 3463
f 3461 3463 3462
f 3462 3463 3464
f 3462 3464 3430
f 3463 3427 3465
f 3463 3465 3464
f 3464 3465 3466
f 3464 3466 3430
f 3465 3427 3467
f 3465 3467 3466
f 3466 3467 3468
f 3466 3468 3430
f 3467 3427 3469
f 3467 3469 3468
f 3468 3469 3470
f 3468 3470 3430
f 3469 3427 3471
f 3469 3471 3470
f 3470 3471 3472
f 3470 3472 3430
f 3471 3427 3473
f 3471 3473 3472
f 3472 3473 3474
f 3472 3474 3430
f 3473 3427 3475
f 3473 3475 3474
f 3474 3475 3476
f 3474 3476 3430
f 3475 3427 3428
f 3475 3428 3476
f 3476 3428 3429
f 3476 3429 3430
o Cerna_varna_deska
v 3.596570 1.188097 0.901000
v 3.596081 1.191187 0.901000
v 3.594660 1.193975 0.901000
v 3.592448 1.196187 0.901000
v 3.589660 1.197607 0.901000
v 3.108570 1.198097 0.901000
v 3.105480 1.197607 0.901000
v 3.102692 1.196187 0.901000
v 3.100480 1.193975 0.901000
v 3.099059 1.191187 0.901000
v 3.098570 0.640097 0.901000
v 3.099059 0.637007 0.901000
v 3.100480 0.634219 0.901000
v 3.102692 0.632007 0.901000
v 3.105480 0.630586 0.901000
v 3.586570 0.630097 0.901000
v 3.589660 0.630586 0.901000
v 3.592448 0.632007 0.901000
v 3.594660 0.634219 0.901000
v 3.596081 0.637007 0.901000
v 3.598570 1.188097 0.903000
v 3.597983 1.191805 0.903000
v 3.596278 1.195150 0.903000
v 3.593623 1.197805 0.903000
v 3.590278 1.199509 0.903000
v 3.108570 1.200097 0.903000
v 3.104862 1.199509 0.903000
v 3.101517 1.197805 0.903000
v 3.098862 1.195150 0.903000
v 3.097157 1.191805 0.903000
v 3.096570 0.640097 0.903000
v 3.097157 0.636389 0.903000
v 3.098862 0.633043 0.903000
v 3.101517 0.630389 0.903000
v 3.104862 0.628684 0.903000
v 3.586570 0.628097 0.903000
v 3.590278 0.628684 0.903000
v 3.593623 0.630389 0.903000
v 3.596278 0.633043 0.903000
v 3.597983 0.636389 0.903000
v 3.598570 1.188097 0.908000
v 3.597983 1.191805 0.908000
v 3.596278 1.195150 0.908000
v 3.593623 1.197805 0.908000
v 3.590278 1.199509 0.908000
v 3.108570 1.200097 0.908000
v 3.104862 1.199509 0.908000
v 3.101517 1.197805 0.908000
v 3.098862 1.195150 0.908000
v 3.097157 1.191805 0.908000
v 3.096570 0.640097 0.908000
v 3.097157 0.636389 0.908000
v 3.098862 0.633043 0.908000
v 3.101517 0.630389 0.908000
v 3.104862 0.628684 0.908000
v 3.586570 0.628097 0.908000
v 3.590278 0.628684 0.908000
v 3.593623 0.630389 0.908000
v 3.596278 0.633043 0.908000
v 3.597983 0.636389 0.908000
v 3.596570 1.188097 0.910000
v 3.596081 1.191187 0.910000
v 3.594660 1.193975 0.910000
v 3.592448 1.196187 0.910000
v 3.589660 1.197607 0.910000
v 3.108570 1.198097 0.910000
v 3.105480 1.197607 0.910000
v 3.102692 1.196187 0.910000
v 3.100480 1.193975 0.910000
v 3.099059 1.191187 0.910000
v 3.098570 0.640097 0.910000
v 3.099059 0.637007 0.910000
v 3.100480 0.634219 0.910000
v 3.102692 0.632007 0.910000
v 3.105480 0.630586 0.910000
v 3.586570 0.630097 0.910000
v 3.589660 0.630586 0.910000
v 3.592448 0.632007 0.910000
v 3.594660 0.634219 0.910000
v 3.596081 0.637007 0.910000
f 3477 3478 3498
f 3477 3498 3497
f 3478 3479 3499
f 3478 3499 3498
f 3479 3480 3500
f 3479 3500 3499
f 3480 3481 3501
f 3480 3501 3500
f 3481 3482 3502
f 3481 3502 3501
f 3482 3483 3503
f 3482 3503 3502
f 3483 3484 3504
f 3483 3504 3503
f 3484 3485 3505
f 3484 3505 3504
f 3485 3486 3506
f 3485 3506 3505
f 3486 3487 3507
f 3486 3507 3506
f 3487 3488 3508
f 3487 3508 3507
f 3488 3489 3509
f 3488 3509 3508
f 3489 3490 3510
f 3489 3510 3509
f 3490 3491 3511
f 3490 3511 3510
f 3491 3492 3512
f 3491 3512 3511
f 3492 3493 3513
f 3492 3513 3512
f 3493 3494 3514
f 3493 3514 3513
f 3494 3495 3515
f 3494 3515 3514
f 3495 3496 3516
f 3495 3516 3515
f 3496 3477 3497
f 3496 3497 3516
f 3497 3498 3518
f 3497 3518 3517
f 3498 3499 3519
f 3498 3519 3518
f 3499 3500 3520
f 3499 3520 3519
f 3500 3501 3521
f 3500 3521 3520
f 3501 3502 3522
f 3501 3522 3521
f 3502 3503 3523
f 3502 3523 3522
f 3503 3504 3524
f 3503 3524 3523
f 3504 3505 3525
f 3504 3525 3524
f 3505 3506 3526
f 3505 3526 3525
f 3506 3507 3527
f 3506 3527 3526
f 3507 3508 3528
f 3507 3528 3527
f 3508 3509 3529
f 3508 3529 3528
f 3509 3510 3530
f 3509 3530 3529
f 3510 3511 3531
f 3510 3531 3530
f 3511 3512 3532
f 3511 3532 3531
f 3512 3513 3533
f 3512 3533 3532
f 3513 3514 3534
f 3513 3534 3533
f 3514 3515 3535
f 3514 3535 3534
f 3515 3516 3536
f 3515 3536 3535
f 3516 3497 3517
f 3516 3517 3536
f 3517 3518 3538
f 3517 3538 3537
f 3518 3519 3539
f 3518 3539 3538
f 3519 3520 3540
f 3519 3540 3539
f 3520 3521 3541
f 3520 3541 3540
f 3521 3522 3542
f 3521 3542 3541
f 3522 3523 3543
f 3522 3543 3542
f 3523 3524 3544
f 3523 3544 3543
f 3524 3525 3545
f 3524 3545 3544
f 3525 3526 3546
f 3525 3546 3545
f 3526 3527 3547
f 3526 3547 3546
f 3527 3528 3548
f 3527 3548 3547
f 3528 3529 3549
f 3528 3549 3548
f 3529 3530 3550
f 3529 3550 3549
f 3530 3531 3551
f 3530 3551 3550
f 3531 3532 3552
f 3531 3552 3551
f 3532 3533 3553
f 3532 3553 3552
f 3533 3534 3554
f 3533 3554 3553
f 3534 3535 3555
f 3534 3555 3554
f 3535 3536 3556
f 3535 3556 3555
f 3536 3517 3537
f 3536 3537 3556
f 3477 3479 3478
f 3537 3538 3539
f 3477 3480 3479
f 3537 3539 3540
f 3477 3481 3480
f 3537 3540 3541
f 3477 3482 3481
f 3537 3541 3542
f 3477 3483 3482
f 3537 3542 3543
f 3477 3484 3483
f 3537 3543 3544
f 3477 3485 3484
f 3537 3544 3545
f 3477 3486 3485
f 3537 3545 3546
f 3477 3487 3486
f 3537 3546 3547
f 3477 3488 3487
f 3537 3547 3548
f 3477 3489 3488
f 3537 3548 3549
f 3477 3490 3489
f 3537 3549 3550
f 3477 3491 3490
f 3537 3550 3551
f 3477 3492 3491
f 3537 3551 3552
f 3477 3493 3492
f 3537 3552 3553
f 3477 3494 3493
f 3537 3553 3554
f 3477 3495 3494
f 3537 3554 3555
f 3477 3496 3495
f 3537 3555 3556
o Varny_kruh_4
v 3.240570 1.045097 0.909500
v 3.320570 1.045097 0.909500
v 3.320570 1.045097 0.912500
v 3.240570 1.045097 0.912500
v 3.318564 1.062898 0.909500
v 3.318564 1.062898 0.912500
v 3.312647 1.079807 0.909500
v 3.312647 1.079807 0.912500
v 3.303116 1.094976 0.909500
v 3.303116 1.094976 0.912500
v 3.290449 1.107643 0.909500
v 3.290449 1.107643 0.912500
v 3.275281 1.117174 0.909500
v 3.275281 1.117174 0.912500
v 3.258372 1.123091 0.909500
v 3.258372 1.123091 0.912500
v 3.240570 1.125097 0.909500
v 3.240570 1.125097 0.912500
v 3.222768 1.123091 0.909500
v 3.222768 1.123091 0.912500
v 3.205859 1.117174 0.909500
v 3.205859 1.117174 0.912500
v 3.190691 1.107643 0.909500
v 3.190691 1.107643 0.912500
v 3.178023 1.094976 0.909500
v 3.178023 1.094976 0.912500
v 3.168492 1.079807 0.909500
v 3.168492 1.079807 0.912500
v 3.162576 1.062898 0.909500
v 3.162576 1.062898 0.912500
v 3.160570 1.045097 0.909500
v 3.160570 1.045097 0.912500
v 3.162576 1.027295 0.909500
v 3.162576 1.027295 0.912500
v 3.168492 1.010386 0.909500
v 3.168492 1.010386 0.912500
v 3.178023 0.995218 0.909500
v 3.178023 0.995218 0.912500
v 3.190691 0.982550 0.909500
v 3.190691 0.982550 0.912500
v 3.205859 0.973019 0.909500
v 3.205859 0.973019 0.912500
v 3.222768 0.967103 0.909500
v 3.222768 0.967103 0.912500
v 3.240570 0.965097 0.909500
v 3.240570 0.965097 0.912500
v 3.258372 0.967103 0.909500
v 3.258372 0.967103 0.912500
v 3.275281 0.973019 0.909500
v 3.275281 0.973019 0.912500
v 3.290449 0.982550 0.909500
v 3.290449 0.982550 0.912500
v 3.303116 0.995218 0.909500
v 3.303116 0.995218 0.912500
v 3.312647 1.010386 0.909500
v 3.312647 1.010386 0.912500
v 3.318564 1.027295 0.909500
v 3.318564 1.027295 0.912500
f 3558 3557 3561
f 3558 3561 3559
f 3559 3561 3562
f 3559 3562 3560
f 3561 3557 3563
f 3561 3563 3562
f 3562 3563 3564
f 3562 3564 3560
f 3563 3557 3565
f 3563 3565 3564
f 3564 3565 3566
f 3564 3566 3560
f 3565 3557 3567
f 3565 3567 3566
f 3566 3567 3568
f 3566 3568 3560
f 3567 3557 3569
f 3567 3569 3568
f 3568 3569 3570
f 3568 3570 3560
f 3569 3557 3571
f 3569 3571 3570
f 3570 3571 3572
f 3570 3572 3560
f 3571 3557 3573
f 3571 3573 3572
f 3572 3573 3574
f 3572 3574 3560
f 3573 3557 3575
f 3573 3575 3574
f 3574 3575 3576
f 3574 3576 3560
f 3575 3557 3577
f 3575 3577 3576
f 3576 3577 3578
f 3576 3578 3560
f 3577 3557 3579
f 3577 3579 3578
f 3578 3579 3580
f 3578 3580 3560
f 3579 3557 3581
f 3579 3581 3580
f 3580 3581 3582
f 3580 3582 3560
f 3581 3557 3583
f 3581 3583 3582
f 3582 3583 3584
f 3582 3584 3560
f 3583 3557 3585
f 3583 3585 3584
f 3584 3585 3586
f 3584 3586 3560
f 3585 3557 3587
f 3585 3587 3586
f 3586 3587 3588
f 3586 3588 3560
f 3587 3557 3589
f 3587 3589 3588
f 3588 3589 3590
f 3588 3590 3560
f 3589 3557 3591
f 3589 3591 3590
f 3590 3591 3592
f 3590 3592 3560
f 3591 3557 3593
f 3591 3593 3592
f 3592 3593 3594
f 3592 3594 3560
f 3593 3557 3595
f 3593 3595 3594
f 3594 3595 3596
f 3594 3596 3560
f 3595 3557 3597
f 3595 3597 3596
f 3596 3597 3598
f 3596 3598 3560
f 3597 3557 3599
f 3597 3599 3598
f 3598 3599 3600
f 3598 3600 3560
f 3599 3557 3601
f 3599 3601 3600
f 3600 3601 3602
f 3600 3602 3560
f 3601 3557 3603
f 3601 3603 3602
f 3602 3603 3604
f 3602 3604 3560
f 3603 3557 3605
f 3603 3605 3604
f 3604 3605 3606
f 3604 3606 3560
f 3605 3557 3607
f 3605 3607 3606
f 3606 3607 3608
f 3606 3608 3560
f 3607 3557 3609
f 3607 3609 3608
f 3608 3609 3610
f 3608 3610 3560
f 3609 3557 3611
f 3609 3611 3610
f 3610 3611 3612
f 3610 3612 3560
f 3611 3557 3613
f 3611 3613 3612
f 3612 3613 3614
f 3612 3614 3560
f 3613 3557 3558
f 3613 3558 3614
f 3614 3558 3559
f 3614 3559 3560
o Varny_kruh_stred_4
v 3.240570 1.045097 0.912000
v 3.318070 1.045097 0.912000
v 3.318070 1.045097 0.914000
v 3.240570 1.045097 0.914000
v 3.316127 1.062342 0.912000
v 3.316127 1.062342 0.914000
v 3.310395 1.078723 0.912000
v 3.310395 1.078723 0.914000
v 3.301162 1.093417 0.912000
v 3.301162 1.093417 0.914000
v 3.288890 1.105689 0.912000
v 3.288890 1.105689 0.914000
v 3.274196 1.114922 0.912000
v 3.274196 1.114922 0.914000
v 3.257815 1.120654 0.912000
v 3.257815 1.120654 0.914000
v 3.240570 1.122597 0.912000
v 3.240570 1.122597 0.914000
v 3.223325 1.120654 0.912000
v 3.223325 1.120654 0.914000
v 3.206944 1.114922 0.912000
v 3.206944 1.114922 0.914000
v 3.192249 1.105689 0.912000
v 3.192249 1.105689 0.914000
v 3.179978 1.093417 0.912000
v 3.179978 1.093417 0.914000
v 3.170745 1.078723 0.912000
v 3.170745 1.078723 0.914000
v 3.165013 1.062342 0.912000
v 3.165013 1.062342 0.914000
v 3.163070 1.045097 0.912000
v 3.163070 1.045097 0.914000
v 3.165013 1.027851 0.912000
v 3.165013 1.027851 0.914000
v 3.170745 1.011471 0.912000
v 3.170745 1.011471 0.914000
v 3.179978 0.996776 0.912000
v 3.179978 0.996776 0.914000
v 3.192249 0.984505 0.912000
v 3.192249 0.984505 0.914000
v 3.206944 0.975272 0.912000
v 3.206944 0.975272 0.914000
v 3.223325 0.969540 0.912000
v 3.223325 0.969540 0.914000
v 3.240570 0.967597 0.912000
v 3.240570 0.967597 0.914000
v 3.257815 0.969540 0.912000
v 3.257815 0.969540 0.914000
v 3.274196 0.975272 0.912000
v 3.274196 0.975272 0.914000
v 3.288890 0.984505 0.912000
v 3.288890 0.984505 0.914000
v 3.301162 0.996776 0.912000
v 3.301162 0.996776 0.914000
v 3.310395 1.011471 0.912000
v 3.310395 1.011471 0.914000
v 3.316127 1.027851 0.912000
v 3.316127 1.027851 0.914000
f 3616 3615 3619
f 3616 3619 3617
f 3617 3619 3620
f 3617 3620 3618
f 3619 3615 3621
f 3619 3621 3620
f 3620 3621 3622
f 3620 3622 3618
f 3621 3615 3623
f 3621 3623 3622
f 3622 3623 3624
f 3622 3624 3618
f 3623 3615 3625
f 3623 3625 3624
f 3624 3625 3626
f 3624 3626 3618
f 3625 3615 3627
f 3625 3627 3626
f 3626 3627 3628
f 3626 3628 3618
f 3627 3615 3629
f 3627 3629 3628
f 3628 3629 3630
f 3628 3630 3618
f 3629 3615 3631
f 3629 3631 3630
f 3630 3631 3632
f 3630 3632 3618
f 3631 3615 3633
f 3631 3633 3632
f 3632 3633 3634
f 3632 3634 3618
f 3633 3615 3635
f 3633 3635 3634
f 3634 3635 3636
f 3634 3636 3618
f 3635 3615 3637
f 3635 3637 3636
f 3636 3637 3638
f 3636 3638 3618
f 3637 3615 3639
f 3637 3639 3638
f 3638 3639 3640
f 3638 3640 3618
f 3639 3615 3641
f 3639 3641 3640
f 3640 3641 3642
f 3640 3642 3618
f 3641 3615 3643
f 3641 3643 3642
f 3642 3643 3644
f 3642 3644 3618
f 3643 3615 3645
f 3643 3645 3644
f 3644 3645 3646
f 3644 3646 3618
f 3645 3615 3647
f 3645 3647 3646
f 3646 3647 3648
f 3646 3648 3618
f 3647 3615 3649
f 3647 3649 3648
f 3648 3649 3650
f 3648 3650 3618
f 3649 3615 3651
f 3649 3651 3650
f 3650 3651 3652
f 3650 3652 3618
f 3651 3615 3653
f 3651 3653 3652
f 3652 3653 3654
f 3652 3654 3618
f 3653 3615 3655
f 3653 3655 3654
f 3654 3655 3656
f 3654 3656 3618
f 3655 3615 3657
f 3655 3657 3656
f 3656 3657 3658
f 3656 3658 3618
f 3657 3615 3659
f 3657 3659 3658
f 3658 3659 3660
f 3658 3660 3618
f 3659 3615 3661
f 3659 3661 3660
f 3660 3661 3662
f 3660 3662 3618
f 3661 3615 3663
f 3661 3663 3662
f 3662 3663 3664
f 3662 3664 3618
f 3663 3615 3665
f 3663 3665 3664
f 3664 3665 3666
f 3664 3666 3618
f 3665 3615 3667
f 3665 3667 3666
f 3666 3667 3668
f 3666 3668 3618
f 3667 3615 3669
f 3667 3669 3668
f 3668 3669 3670
f 3668 3670 3618
f 3669 3615 3671
f 3669 3671 3670
f 3670 3671 3672
f 3670 3672 3618
f 3671 3615 3616
f 3671 3616 3672
f 3672 3616 3617
f 3672 3617 3618
o Varny_kruh_6
v 3.229570 0.833097 0.909500
v 3.299570 0.833097 0.909500
v 3.299570 0.833097 0.912500
v 3.229570 0.833097 0.912500
v 3.297815 0.848673 0.909500
v 3.297815 0.848673 0.912500
v 3.292638 0.863469 0.909500
v 3.292638 0.863469 0.912500
v 3.284298 0.876741 0.909500
v 3.284298 0.876741 0.912500
v 3.273214 0.887825 0.909500
v 3.273214 0.887825 0.912500
v 3.259942 0.896165 0.909500
v 3.259942 0.896165 0.912500
v 3.245146 0.901342 0.909500
v 3.245146 0.901342 0.912500
v 3.229570 0.903097 0.909500
v 3.229570 0.903097 0.912500
v 3.213993 0.901342 0.909500
v 3.213993 0.901342 0.912500
v 3.199198 0.896165 0.909500
v 3.199198 0.896165 0.912500
v 3.185926 0.887825 0.909500
v 3.185926 0.887825 0.912500
v 3.174842 0.876741 0.909500
v 3.174842 0.876741 0.912500
v 3.166502 0.863469 0.909500
v 3.166502 0.863469 0.912500
v 3.161325 0.848673 0.909500
v 3.161325 0.848673 0.912500
v 3.159570 0.833097 0.909500
v 3.159570 0.833097 0.912500
v 3.161325 0.817520 0.909500
v 3.161325 0.817520 0.912500
v 3.166502 0.802725 0.909500
v 3.166502 0.802725 0.912500
v 3.174842 0.789452 0.909500
v 3.174842 0.789452 0.912500
v 3.185926 0.778369 0.909500
v 3.185926 0.778369 0.912500
v 3.199198 0.770029 0.909500
v 3.199198 0.770029 0.912500
v 3.213993 0.764852 0.909500
v 3.213993 0.764852 0.912500
v 3.229570 0.763097 0.909500
v 3.229570 0.763097 0.912500
v 3.245146 0.764852 0.909500
v 3.245146 0.764852 0.912500
v 3.259942 0.770029 0.909500
v 3.259942 0.770029 0.912500
v 3.273214 0.778369 0.909500
v 3.273214 0.778369 0.912500
v 3.284298 0.789452 0.909500
v 3.284298 0.789452 0.912500
v 3.292638 0.802725 0.909500
v 3.292638 0.802725 0.912500
v 3.297815 0.817520 0.909500
v 3.297815 0.817520 0.912500
f 3674 3673 3677
f 3674 3677 3675
f 3675 3677 3678
f 3675 3678 3676
f 3677 3673 3679
f 3677 3679 3678
f 3678 3679 3680
f 3678 3680 3676
f 3679 3673 3681
f 3679 3681 3680
f 3680 3681 3682
f 3680 3682 3676
f 3681 3673 3683
f 3681 3683 3682
f 3682 3683 3684
f 3682 3684 3676
f 3683 3673 3685
f 3683 3685 3684
f 3684 3685 3686
f 3684 3686 3676
f 3685 3673 3687
f 3685 3687 3686
f 3686 3687 3688
f 3686 3688 3676
f 3687 3673 3689
f 3687 3689 3688
f 3688 3689 3690
f 3688 3690 3676
f 3689 3673 3691
f 3689 3691 3690
f 3690 3691 3692
f 3690 3692 3676
f 3691 3673 3693
f 3691 3693 3692
f 3692 3693 3694
f 3692 3694 3676
f 3693 3673 3695
f 3693 3695 3694
f 3694 3695 3696
f 3694 3696 3676
f 3695 3673 3697
f 3695 3697 3696
f 3696 3697 3698
f 3696 3698 3676
f 3697 3673 3699
f 3697 3699 3698
f 3698 3699 3700
f 3698 3700 3676
f 3699 3673 3701
f 3699 3701 3700
f 3700 3701 3702
f 3700 3702 3676
f 3701 3673 3703
f 3701 3703 3702
f 3702 3703 3704
f 3702 3704 3676
f 3703 3673 3705
f 3703 3705 3704
f 3704 3705 3706
f 3704 3706 3676
f 3705 3673 3707
f 3705 3707 3706
f 3706 3707 3708
f 3706 3708 3676
f 3707 3673 3709
f 3707 3709 3708
f 3708 3709 3710
f 3708 3710 3676
f 3709 3673 3711
f 3709 3711 3710
f 3710 3711 3712
f 3710 3712 3676
f 3711 3673 3713
f 3711 3713 3712
f 3712 3713 3714
f 3712 3714 3676
f 3713 3673 3715
f 3713 3715 3714
f 3714 3715 3716
f 3714 3716 3676
f 3715 3673 3717
f 3715 3717 3716
f 3716 3717 3718
f 3716 3718 3676
f 3717 3673 3719
f 3717 3719 3718
f 3718 3719 3720
f 3718 3720 3676
f 3719 3673 3721
f 3719 3721 3720
f 3720 3721 3722
f 3720 3722 3676
f 3721 3673 3723
f 3721 3723 3722
f 3722 3723 3724
f 3722 3724 3676
f 3723 3673 3725
f 3723 3725 3724
f 3724 3725 3726
f 3724 3726 3676
f 3725 3673 3727
f 3725 3727 3726
f 3726 3727 3728
f 3726 3728 3676
f 3727 3673 3729
f 3727 3729 3728
f 3728 3729 3730
f 3728 3730 3676
f 3729 3673 3674
f 3729 3674 3730
f 3730 3674 3675
f 3730 3675 3676
o Varny_kruh_stred_6
v 3.229570 0.833097 0.912000
v 3.297070 0.833097 0.912000
v 3.297070 0.833097 0.914000
v 3.229570 0.833097 0.914000
v 3.295378 0.848117 0.912000
v 3.295378 0.848117 0.914000
v 3.290385 0.862384 0.912000
v 3.290385 0.862384 0.914000
v 3.282344 0.875182 0.912000
v 3.282344 0.875182 0.914000
v 3.271656 0.885870 0.912000
v 3.271656 0.885870 0.914000
v 3.258857 0.893912 0.912000
v 3.258857 0.893912 0.914000
v 3.244590 0.898904 0.912000
v 3.244590 0.898904 0.914000
v 3.229570 0.900597 0.912000
v 3.229570 0.900597 0.914000
v 3.214550 0.898904 0.912000
v 3.214550 0.898904 0.914000
v 3.200283 0.893912 0.912000
v 3.200283 0.893912 0.914000
v 3.187484 0.885870 0.912000
v 3.187484 0.885870 0.914000
v 3.176796 0.875182 0.912000
v 3.176796 0.875182 0.914000
v 3.168755 0.862384 0.912000
v 3.168755 0.862384 0.914000
v 3.163762 0.848117 0.912000
v 3.163762 0.848117 0.914000
v 3.162070 0.833097 0.912000
v 3.162070 0.833097 0.914000
v 3.163762 0.818077 0.912000
v 3.163762 0.818077 0.914000
v 3.168755 0.803810 0.912000
v 3.168755 0.803810 0.914000
v 3.176796 0.791011 0.912000
v 3.176796 0.791011 0.914000
v 3.187484 0.780323 0.912000
v 3.187484 0.780323 0.914000
v 3.200283 0.772281 0.912000
v 3.200283 0.772281 0.914000
v 3.214550 0.767289 0.912000
v 3.214550 0.767289 0.914000
v 3.229570 0.765597 0.912000
v 3.229570 0.765597 0.914000
v 3.244590 0.767289 0.912000
v 3.244590 0.767289 0.914000
v 3.258857 0.772281 0.912000
v 3.258857 0.772281 0.914000
v 3.271656 0.780323 0.912000
v 3.271656 0.780323 0.914000
v 3.282344 0.791011 0.912000
v 3.282344 0.791011 0.914000
v 3.290385 0.803810 0.912000
v 3.290385 0.803810 0.914000
v 3.295378 0.818077 0.912000
v 3.295378 0.818077 0.914000
f 3732 3731 3735
f 3732 3735 3733
f 3733 3735 3736
f 3733 3736 3734
f 3735 3731 3737
f 3735 3737 3736
f 3736 3737 3738
f 3736 3738 3734
f 3737 3731 3739
f 3737 3739 3738
f 3738 3739 3740
f 3738 3740 3734
f 3739 3731 3741
f 3739 3741 3740
f 3740 3741 3742
f 3740 3742 3734
f 3741 3731 3743
f 3741 3743 3742
f 3742 3743 3744
f 3742 3744 3734
f 3743 3731 3745
f 3743 3745 3744
f 3744 3745 3746
f 3744 3746 3734
f 3745 3731 3747
f 3745 3747 3746
f 3746 3747 3748
f 3746 3748 3734
f 3747 3731 3749
f 3747 3749 3748
f 3748 3749 3750
f 3748 3750 3734
f 3749 3731 3751
f 3749 3751 3750
f 3750 3751 3752
f 3750 3752 3734
f 3751 3731 3753
f 3751 3753 3752
f 3752 3753 3754
f 3752 3754 3734
f 3753 3731 3755
f 3753 3755 3754
f 3754 3755 3756
f 3754 3756 3734
f 3755 3731 3757
f 3755 3757 3756
f 3756 3757 3758
f 3756 3758 3734
f 3757 3731 3759
f 3757 3759 3758
f 3758 3759 3760
f 3758 3760 3734
f 3759 3731 3761
f 3759 3761 3760
f 3760 3761 3762
f 3760 3762 3734
f 3761 3731 3763
f 3761 3763 3762
f 3762 3763 3764
f 3762 3764 3734
f 3763 3731 3765
f 3763 3765 3764
f 3764 3765 3766
f 3764 3766 3734
f 3765 3731 3767
f 3765 3767 3766
f 3766 3767 3768
f 3766 3768 3734
f 3767 3731 3769
f 3767 3769 3768
f 3768 3769 3770
f 3768 3770 3734
f 3769 3731 3771
f 3769 3771 3770
f 3770 3771 3772
f 3770 3772 3734
f 3771 3731 3773
f 3771 3773 3772
f 3772 3773 3774
f 3772 3774 3734
f 3773 3731 3775
f 3773 3775 3774
f 3774 3775 3776
f 3774 3776 3734
f 3775 3731 3777
f 3775 3777 3776
f 3776 3777 3778
f 3776 3778 3734
f 3777 3731 3779
f 3777 3779 3778
f 3778 3779 3780
f 3778 3780 3734
f 3779 3731 3781
f 3779 3781 3780
f 3780 3781 3782
f 3780 3782 3734
f 3781 3731 3783
f 3781 3783 3782
f 3782 3783 3784
f 3782 3784 3734
f 3783 3731 3785
f 3783 3785 3784
f 3784 3785 3786
f 3784 3786 3734
f 3785 3731 3787
f 3785 3787 3786
f 3786 3787 3788
f 3786 3788 3734
f 3787 3731 3732
f 3787 3732 3788
f 3788 3732 3733
f 3788 3733 3734
o Varny_kruh_8
v 3.449570 0.847097 0.909500
v 3.539570 0.847097 0.909500
v 3.539570 0.847097 0.912500
v 3.449570 0.847097 0.912500
v 3.537313 0.867124 0.909500
v 3.537313 0.867124 0.912500
v 3.530657 0.886146 0.909500
v 3.530657 0.886146 0.912500
v 3.519935 0.903211 0.909500
v 3.519935 0.903211 0.912500
v 3.505684 0.917462 0.909500
v 3.505684 0.917462 0.912500
v 3.488619 0.928184 0.909500
v 3.488619 0.928184 0.912500
v 3.469597 0.934840 0.909500
v 3.469597 0.934840 0.912500
v 3.449570 0.937097 0.909500
v 3.449570 0.937097 0.912500
v 3.429543 0.934840 0.909500
v 3.429543 0.934840 0.912500
v 3.410520 0.928184 0.909500
v 3.410520 0.928184 0.912500
v 3.393456 0.917462 0.909500
v 3.393456 0.917462 0.912500
v 3.379205 0.903211 0.909500
v 3.379205 0.903211 0.912500
v 3.368483 0.886146 0.909500
v 3.368483 0.886146 0.912500
v 3.361826 0.867124 0.909500
v 3.361826 0.867124 0.912500
v 3.359570 0.847097 0.909500
v 3.359570 0.847097 0.912500
v 3.361826 0.827070 0.909500
v 3.361826 0.827070 0.912500
v 3.368483 0.808047 0.909500
v 3.368483 0.808047 0.912500
v 3.379205 0.790983 0.909500
v 3.379205 0.790983 0.912500
v 3.393456 0.776732 0.909500
v 3.393456 0.776732 0.912500
v 3.410520 0.766010 0.909500
v 3.410520 0.766010 0.912500
v 3.429543 0.759353 0.909500
v 3.429543 0.759353 0.912500
v 3.449570 0.757097 0.909500
v 3.449570 0.757097 0.912500
v 3.469597 0.759353 0.909500
v 3.469597 0.759353 0.912500
v 3.488619 0.766010 0.909500
v 3.488619 0.766010 0.912500
v 3.505684 0.776732 0.909500
v 3.505684 0.776732 0.912500
v 3.519935 0.790983 0.909500
v 3.519935 0.790983 0.912500
v 3.530657 0.808047 0.909500
v 3.530657 0.808047 0.912500
v 3.537313 0.827070 0.909500
v 3.537313 0.827070 0.912500
f 3790 3789 3793
f 3790 3793 3791
f 3791 3793 3794
f 3791 3794 3792
f 3793 3789 3795
f 3793 3795 3794
f 3794 3795 3796
f 3794 3796 3792
f 3795 3789 3797
f 3795 3797 3796
f 3796 3797 3798
f 3796 3798 3792
f 3797 3789 3799
f 3797 3799 3798
f 3798 3799 3800
f 3798 3800 3792
f 3799 3789 3801
f 3799 3801 3800
f 3800 3801 3802
f 3800 3802 3792
f 3801 3789 3803
f 3801 3803 3802
f 3802 3803 3804
f 3802 3804 3792
f 3803 3789 3805
f 3803 3805 3804
f 3804 3805 3806
f 3804 3806 3792
f 3805 3789 3807
f 3805 3807 3806
f 3806 3807 3808
f 3806 3808 3792
f 3807 3789 3809
f 3807 3809 3808
f 3808 3809 3810
f 3808 3810 3792
f 3809 3789 3811
f 3809 3811 3810
f 3810 3811 3812
f 3810 3812 3792
f 3811 3789 3813
f 3811 3813 3812
f 3812 3813 3814
f 3812 3814 3792
f 3813 3789 3815
f 3813 3815 3814
f 3814 3815 3816
f 3814 3816 3792
f 3815 3789 3817
f 3815 3817 3816
f 3816 3817 3818
f 3816 3818 3792
f 3817 3789 3819
f 3817 3819 3818
f 3818 3819 3820
f 3818 3820 3792
f 3819 3789 3821
f 3819 3821 3820
f 3820 3821 3822
f 3820 3822 3792
f 3821 3789 3823
f 3821 3823 3822
f 3822 3823 3824
f 3822 3824 3792
f 3823 3789 3825
f 3823 3825 3824
f 3824 3825 3826
f 3824 3826 3792
f 3825 3789 3827
f 3825 3827 3826
f 3826 3827 3828
f 3826 3828 3792
f 3827 3789 3829
f 3827 3829 3828
f 3828 3829 3830
f 3828 3830 3792
f 3829 3789 3831
f 3829 3831 3830
f 3830 3831 3832
f 3830 3832 3792
f 3831 3789 3833
f 3831 3833 3832
f 3832 3833 3834
f 3832 3834 3792
f 3833 3789 3835
f 3833 3835 3834
f 3834 3835 3836
f 3834 3836 3792
f 3835 3789 3837
f 3835 3837 3836
f 3836 3837 3838
f 3836 3838 3792
f 3837 3789 3839
f 3837 3839 3838
f 3838 3839 3840
f 3838 3840 3792
f 3839 3789 3841
f 3839 3841 3840
f 3840 3841 3842
f 3840 3842 3792
f 3841 3789 3843
f 3841 3843 3842
f 3842 3843 3844
f 3842 3844 3792
f 3843 3789 3845
f 3843 3845 3844
f 3844 3845 3846
f 3844 3846 3792
f 3845 3789 3790
f 3845 3790 3846
f 3846 3790 3791
f 3846 3791 3792
o Varny_kruh_stred_8
v 3.449570 0.847097 0.912000
v 3.537070 0.847097 0.912000
v 3.537070 0.847097 0.914000
v 3.449570 0.847097 0.914000
v 3.534876 0.866567 0.912000
v 3.534876 0.866567 0.914000
v 3.528405 0.885062 0.912000
v 3.528405 0.885062 0.914000
v 3.517980 0.901652 0.912000
v 3.517980 0.901652 0.914000
v 3.504125 0.915507 0.912000
v 3.504125 0.915507 0.914000
v 3.487535 0.925932 0.912000
v 3.487535 0.925932 0.914000
v 3.469041 0.932403 0.912000
v 3.469041 0.932403 0.914000
v 3.449570 0.934597 0.912000
v 3.449570 0.934597 0.914000
v 3.430099 0.932403 0.912000
v 3.430099 0.932403 0.914000
v 3.411605 0.925932 0.912000
v 3.411605 0.925932 0.914000
v 3.395015 0.915507 0.912000
v 3.395015 0.915507 0.914000
v 3.381160 0.901652 0.912000
v 3.381160 0.901652 0.914000
v 3.370735 0.885062 0.912000
v 3.370735 0.885062 0.914000
v 3.364264 0.866567 0.912000
v 3.364264 0.866567 0.914000
v 3.362070 0.847097 0.912000
v 3.362070 0.847097 0.914000
v 3.364264 0.827626 0.912000
v 3.364264 0.827626 0.914000
v 3.370735 0.809132 0.912000
v 3.370735 0.809132 0.914000
v 3.381160 0.792541 0.912000
v 3.381160 0.792541 0.914000
v 3.395015 0.778687 0.912000
v 3.395015 0.778687 0.914000
v 3.411605 0.768262 0.912000
v 3.411605 0.768262 0.914000
v 3.430099 0.761791 0.912000
v 3.430099 0.761791 0.914000
v 3.449570 0.759597 0.912000
v 3.449570 0.759597 0.914000
v 3.469041 0.761791 0.912000
v 3.469041 0.761791 0.914000
v 3.487535 0.768262 0.912000
v 3.487535 0.768262 0.914000
v 3.504125 0.778687 0.912000
v 3.504125 0.778687 0.914000
v 3.517980 0.792541 0.912000
v 3.517980 0.792541 0.914000
v 3.528405 0.809132 0.912000
v 3.528405 0.809132 0.914000
v 3.534876 0.827626 0.912000
v 3.534876 0.827626 0.914000
f 3848 3847 3851
f 3848 3851 3849
f 3849 3851 3852
f 3849 3852 3850
f 3851 3847 3853
f 3851 3853 3852
f 3852 3853 3854
f 3852 3854 3850
f 3853 3847 3855
f 3853 3855 3854
f 3854 3855 3856
f 3854 3856 3850
f 3855 3847 3857
f 3855 3857 3856
f 3856 3857 3858
f 3856 3858 3850
f 3857 3847 3859
f 3857 3859 3858
f 3858 3859 3860
f 3858 3860 3850
f 3859 3847 3861
f 3859 3861 3860
f 3860 3861 3862
f 3860 3862 3850
f 3861 3847 3863
f 3861 3863 3862
f 3862 3863 3864
f 3862 3864 3850
f 3863 3847 3865
f 3863 3865 3864
f 3864 3865 3866
f 3864 3866 3850
f 3865 3847 3867
f 3865 3867 3866
f 3866 3867 3868
f 3866 3868 3850
f 3867 3847 3869
f 3867 3869 3868
f 3868 3869 3870
f 3868 3870 3850
f 3869 3847 3871
f 3869 3871 3870
f 3870 3871 3872
f 3870 3872 3850
f 3871 3847 3873
f 3871 3873 3872
f 3872 3873 3874
f 3872 3874 3850
f 3873 3847 3875
f 3873 3875 3874
f 3874 3875 3876
f 3874 3876 3850
f 3875 3847 3877
f 3875 3877 3876
f 3876 3877 3878
f 3876 3878 3850
f 3877 3847 3879
f 3877 3879 3878
f 3878 3879 3880
f 3878 3880 3850
f 3879 3847 3881
f 3879 3881 3880
f 3880 3881 3882
f 3880 3882 3850
f 3881 3847 3883
f 3881 3883 3882
f 3882 3883 3884
f 3882 3884 3850
f 3883 3847 3885
f 3883 3885 3884
f 3884 3885 3886
f 3884 3886 3850
f 3885 3847 3887
f 3885 3887 3886
f 3886 3887 3888
f 3886 3888 3850
f 3887 3847 3889
f 3887 3889 3888
f 3888 3889 3890
f 3888 3890 3850
f 3889 3847 3891
f 3889 3891 3890
f 3890 3891 3892
f 3890 3892 3850
f 3891 3847 3893
f 3891 3893 3892
f 3892 3893 3894
f 3892 3894 3850
f 3893 3847 3895
f 3893 3895 3894
f 3894 3895 3896
f 3894 3896 3850
f 3895 3847 3897
f 3895 3897 3896
f 3896 3897 3898
f 3896 3898 3850
f 3897 3847 3899
f 3897 3899 3898
f 3898 3899 3900
f 3898 3900 3850
f 3899 3847 3901
f 3899 3901 3900
f 3900 3901 3902
f 3900 3902 3850
f 3901 3847 3903
f 3901 3903 3902
f 3902 3903 3904
f 3902 3904 3850
f 3903 3847 3848
f 3903 3848 3904
f 3904 3848 3849
f 3904 3849 3850
o Varny_kruh_10
v 3.454570 1.058097 0.909500
v 3.524570 1.058097 0.909500
v 3.524570 1.058097 0.912500
v 3.454570 1.058097 0.912500
v 3.522815 1.073673 0.909500
v 3.522815 1.073673 0.912500
v 3.517638 1.088469 0.909500
v 3.517638 1.088469 0.912500
v 3.509298 1.101741 0.909500
v 3.509298 1.101741 0.912500
v 3.498214 1.112825 0.909500
v 3.498214 1.112825 0.912500
v 3.484942 1.121165 0.909500
v 3.484942 1.121165 0.912500
v 3.470146 1.126342 0.909500
v 3.470146 1.126342 0.912500
v 3.454570 1.128097 0.909500
v 3.454570 1.128097 0.912500
v 3.438993 1.126342 0.909500
v 3.438993 1.126342 0.912500
v 3.424198 1.121165 0.909500
v 3.424198 1.121165 0.912500
v 3.410926 1.112825 0.909500
v 3.410926 1.112825 0.912500
v 3.399842 1.101741 0.909500
v 3.399842 1.101741 0.912500
v 3.391502 1.088469 0.909500
v 3.391502 1.088469 0.912500
v 3.386325 1.073673 0.909500
v 3.386325 1.073673 0.912500
v 3.384570 1.058097 0.909500
v 3.384570 1.058097 0.912500
v 3.386325 1.042520 0.909500
v 3.386325 1.042520 0.912500
v 3.391502 1.027725 0.909500
v 3.391502 1.027725 0.912500
v 3.399842 1.014452 0.909500
v 3.399842 1.014452 0.912500
v 3.410926 1.003369 0.909500
v 3.410926 1.003369 0.912500
v 3.424198 0.995029 0.909500
v 3.424198 0.995029 0.912500
v 3.438993 0.989852 0.909500
v 3.438993 0.989852 0.912500
v 3.454570 0.988097 0.909500
v 3.454570 0.988097 0.912500
v 3.470146 0.989852 0.909500
v 3.470146 0.989852 0.912500
v 3.484942 0.995029 0.909500
v 3.484942 0.995029 0.912500
v 3.498214 1.003369 0.909500
v 3.498214 1.003369 0.912500
v 3.509298 1.014452 0.909500
v 3.509298 1.014452 0.912500
v 3.517638 1.027725 0.909500
v 3.517638 1.027725 0.912500
v 3.522815 1.042520 0.909500
v 3.522815 1.042520 0.912500
f 3906 3905 3909
f 3906 3909 3907
f 3907 3909 3910
f 3907 3910 3908
f 3909 3905 3911
f 3909 3911 3910
f 3910 3911 3912
f 3910 3912 3908
f 3911 3905 3913
f 3911 3913 3912
f 3912 3913 3914
f 3912 3914 3908
f 3913 3905 3915
f 3913 3915 3914
f 3914 3915 3916
f 3914 3916 3908
f 3915 3905 3917
f 3915 3917 3916
f 3916 3917 3918
f 3916 3918 3908
f 3917 3905 3919
f 3917 3919 3918
f 3918 3919 3920
f 3918 3920 3908
f 3919 3905 3921
f 3919 3921 3920
f 3920 3921 3922
f 3920 3922 3908
f 3921 3905 3923
f 3921 3923 3922
f 3922 3923 3924
f 3922 3924 3908
f 3923 3905 3925
f 3923 3925 3924
f 3924 3925 3926
f 3924 3926 3908
f 3925 3905 3927
f 3925 3927 3926
f 3926 3927 3928
f 3926 3928 3908
f 3927 3905 3929
f 3927 3929 3928
f 3928 3929 3930
f 3928 3930 3908
f 3929 3905 3931
f 3929 3931 3930
f 3930 3931 3932
f 3930 3932 3908
f 3931 3905 3933
f 3931 3933 3932
f 3932 3933 3934
f 3932 3934 3908
f 3933 3905 3935
f 3933 3935 3934
f 3934 3935 3936
f 3934 3936 3908
f 3935 3905 3937
f 3935 3937 3936
f 3936 3937 3938
f 3936 3938 3908
f 3937 3905 3939
f 3937 3939 3938
f 3938 3939 3940
f 3938 3940 3908
f 3939 3905 3941
f 3939 3941 3940
f 3940 3941 3942
f 3940 3942 3908
f 3941 3905 3943
f 3941 3943 3942
f 3942 3943 3944
f 3942 3944 3908
f 3943 3905 3945
f 3943 3945 3944
f 3944 3945 3946
f 3944 3946 3908
f 3945 3905 3947
f 3945 3947 3946
f 3946 3947 3948
f 3946 3948 3908
f 3947 3905 3949
f 3947 3949 3948
f 3948 3949 3950
f 3948 3950 3908
f 3949 3905 3951
f 3949 3951 3950
f 3950 3951 3952
f 3950 3952 3908
f 3951 3905 3953
f 3951 3953 3952
f 3952 3953 3954
f 3952 3954 3908
f 3953 3905 3955
f 3953 3955 3954
f 3954 3955 3956
f 3954 3956 3908
f 3955 3905 3957
f 3955 3957 3956
f 3956 3957 3958
f 3956 3958 3908
f 3957 3905 3959
f 3957 3959 3958
f 3958 3959 3960
f 3958 3960 3908
f 3959 3905 3961
f 3959 3961 3960
f 3960 3961 3962
f 3960 3962 3908
f 3961 3905 3906
f 3961 3906 3962
f 3962 3906 3907
f 3962 3907 3908
o Varny_kruh_stred_10
v 3.454570 1.058097 0.912000
v 3.522070 1.058097 0.912000
v 3.522070 1.058097 0.914000
v 3.454570 1.058097 0.914000
v 3.520378 1.073117 0.912000
v 3.520378 1.073117 0.914000
v 3.515385 1.087384 0.912000
v 3.515385 1.087384 0.914000
v 3.507344 1.100182 0.912000
v 3.507344 1.100182 0.914000
v 3.496656 1.110870 0.912000
v 3.496656 1.110870 0.914000
v 3.483857 1.118912 0.912000
v 3.483857 1.118912 0.914000
v 3.469590 1.123904 0.912000
v 3.469590 1.123904 0.914000
v 3.454570 1.125597 0.912000
v 3.454570 1.125597 0.914000
v 3.439550 1.123904 0.912000
v 3.439550 1.123904 0.914000
v 3.425283 1.118912 0.912000
v 3.425283 1.118912 0.914000
v 3.412484 1.110870 0.912000
v 3.412484 1.110870 0.914000
v 3.401796 1.100182 0.912000
v 3.401796 1.100182 0.914000
v 3.393755 1.087384 0.912000
v 3.393755 1.087384 0.914000
v 3.388762 1.073117 0.912000
v 3.388762 1.073117 0.914000
v 3.387070 1.058097 0.912000
v 3.387070 1.058097 0.914000
v 3.388762 1.043077 0.912000
v 3.388762 1.043077 0.914000
v 3.393755 1.028810 0.912000
v 3.393755 1.028810 0.914000
v 3.401796 1.016011 0.912000
v 3.401796 1.016011 0.914000
v 3.412484 1.005323 0.912000
v 3.412484 1.005323 0.914000
v 3.425283 0.997281 0.912000
v 3.425283 0.997281 0.914000
v 3.439550 0.992289 0.912000
v 3.439550 0.992289 0.914000
v 3.454570 0.990597 0.912000
v 3.454570 0.990597 0.914000
v 3.469590 0.992289 0.912000
v 3.469590 0.992289 0.914000
v 3.483857 0.997281 0.912000
v 3.483857 0.997281 0.914000
v 3.496656 1.005323 0.912000
v 3.496656 1.005323 0.914000
v 3.507344 1.016011 0.912000
v 3.507344 1.016011 0.914000
v 3.515385 1.028810 0.912000
v 3.515385 1.028810 0.914000
v 3.520378 1.043077 0.912000
v 3.520378 1.043077 0.914000
f 3964 3963 3967
f 3964 3967 3965
f 3965 3967 3968
f 3965 3968 3966
f 3967 3963 3969
f 3967 3969 3968
f 3968 3969 3970
f 3968 3970 3966
f 3969 3963 3971
f 3969 3971 3970
f 3970 3971 3972
f 3970 3972 3966
f 3971 3963 3973
f 3971 3973 3972
f 3972 3973 3974
f 3972 3974 3966
f 3973 3963 3975
f 3973 3975 3974
f 3974 3975 3976
f 3974 3976 3966
f 3975 3963 3977
f 3975 3977 3976
f 3976 3977 3978
f 3976 3978 3966
f 3977 3963 3979
f 3977 3979 3978
f 3978 3979 3980
f 3978 3980 3966
f 3979 3963 3981
f 3979 3981 3980
f 3980 3981 3982
f 3980 3982 3966
f 3981 3963 3983
f 3981 3983 3982
f 3982 3983 3984
f 3982 3984 3966
f 3983 3963 3985
f 3983 3985 3984
f 3984 3985 3986
f 3984 3986 3966
f 3985 3963 3987
f 3985 3987 3986
f 3986 3987 3988
f 3986 3988 3966
f 3987 3963 3989
f 3987 3989 3988
f 3988 3989 3990
f 3988 3990 3966
f 3989 3963 3991
f 3989 3991 3990
f 3990 3991 3992
f 3990 3992 3966
f 3991 3963 3993
f 3991 3993 3992
f 3992 3993 3994
f 3992 3994 3966
f 3993 3963 3995
f 3993 3995 3994
f 3994 3995 3996
f 3994 3996 3966
f 3995 3963 3997
f 3995 3997 3996
f 3996 3997 3998
f 3996 3998 3966
f 3997 3963 3999
f 3997 3999 3998
f 3998 3999 4000
f 3998 4000 3966
f 3999 3963 4001
f 3999 4001 4000
f 4000 4001 4002
f 4000 4002 3966
f 4001 3963 4003
f 4001 4003 4002
f 4002 4003 4004
f 4002 4004 3966
f 4003 3963 4005
f 4003 4005 4004
f 4004 4005 4006
f 4004 4006 3966
f 4005 3963 4007
f 4005 4007 4006
f 4006 4007 4008
f 4006 4008 3966
f 4007 3963 4009
f 4007 4009 4008
f 4008 4009 4010
f 4008 4010 3966
f 4009 3963 4011
f 4009 4011 4010
f 4010 4011 4012
f 4010 4012 3966
f 4011 3963 4013
f 4011 4013 4012
f 4012 4013 4014
f 4012 4014 3966
f 4013 3963 4015
f 4013 4015 4014
f 4014 4015 4016
f 4014 4016 3966
f 4015 3963 4017
f 4015 4017 4016
f 4016 4017 4018
f 4016 4018 3966
f 4017 3963 4019
f 4017 4019 4018
f 4018 4019 4020
f 4018 4020 3966
f 4019 3963 3964
f 4019 3964 4020
f 4020 3964 3965
f 4020 3965 3966
o Varny_kruh_12
v 3.172770 0.678897 0.909500
v 3.198170 0.678897 0.909500
v 3.198170 0.678897 0.912500
v 3.172770 0.678897 0.912500
v 3.197533 0.684549 0.909500
v 3.197533 0.684549 0.912500
v 3.195655 0.689917 0.909500
v 3.195655 0.689917 0.912500
v 3.192628 0.694733 0.909500
v 3.192628 0.694733 0.912500
v 3.188607 0.698755 0.909500
v 3.188607 0.698755 0.912500
v 3.183791 0.701781 0.909500
v 3.183791 0.701781 0.912500
v 3.178422 0.703660 0.909500
v 3.178422 0.703660 0.912500
v 3.172770 0.704297 0.909500
v 3.172770 0.704297 0.912500
v 3.167118 0.703660 0.909500
v 3.167118 0.703660 0.912500
v 3.161749 0.701781 0.909500
v 3.161749 0.701781 0.912500
v 3.156933 0.698755 0.909500
v 3.156933 0.698755 0.912500
v 3.152911 0.694733 0.909500
v 3.152911 0.694733 0.912500
v 3.149885 0.689917 0.909500
v 3.149885 0.689917 0.912500
v 3.148007 0.684549 0.909500
v 3.148007 0.684549 0.912500
v 3.147370 0.678897 0.909500
v 3.147370 0.678897 0.912500
v 3.148007 0.673245 0.909500
v 3.148007 0.673245 0.912500
v 3.149885 0.667876 0.909500
v 3.149885 0.667876 0.912500
v 3.152911 0.663060 0.909500
v 3.152911 0.663060 0.912500
v 3.156933 0.659038 0.909500
v 3.156933 0.659038 0.912500
v 3.161749 0.656012 0.909500
v 3.161749 0.656012 0.912500
v 3.167118 0.654134 0.909500
v 3.167118 0.654134 0.912500
v 3.172770 0.653497 0.909500
v 3.172770 0.653497 0.912500
v 3.178422 0.654134 0.909500
v 3.178422 0.654134 0.912500
v 3.183791 0.656012 0.909500
v 3.183791 0.656012 0.912500
v 3.188607 0.659038 0.909500
v 3.188607 0.659038 0.912500
v 3.192628 0.663060 0.909500
v 3.192628 0.663060 0.912500
v 3.195655 0.667876 0.909500
v 3.195655 0.667876 0.912500
v 3.197533 0.673245 0.909500
v 3.197533 0.673245 0.912500
f 4022 4021 4025
f 4022 4025 4023
f 4023 4025 4026
f 4023 4026 4024
f 4025 4021 4027
f 4025 4027 4026
f 4026 4027 4028
f 4026 4028 4024
f 4027 4021 4029
f 4027 4029 4028
f 4028 4029 4030
f 4028 4030 4024
f 4029 4021 4031
f 4029 4031 4030
f 4030 4031 4032
f 4030 4032 4024
f 4031 4021 4033
f 4031 4033 4032
f 4032 4033 4034
f 4032 4034 4024
f 4033 4021 4035
f 4033 4035 4034
f 4034 4035 4036
f 4034 4036 4024
f 4035 4021 4037
f 4035 4037 4036
f 4036 4037 4038
f 4036 4038 4024
f 4037 4021 4039
f 4037 4039 4038
f 4038 4039 4040
f 4038 4040 4024
f 4039 4021 4041
f 4039 4041 4040
f 4040 4041 4042
f 4040 4042 4024
f 4041 4021 4043
f 4041 4043 4042
f 4042 4043 4044
f 4042 4044 4024
f 4043 4021 4045
f 4043 4045 4044
f 4044 4045 4046
f 4044 4046 4024
f 4045 4021 4047
f 4045 4047 4046
f 4046 4047 4048
f 4046 4048 4024
f 4047 4021 4049
f 4047 4049 4048
f 4048 4049 4050
f 4048 4050 4024
f 4049 4021 4051
f 4049 4051 4050
f 4050 4051 4052
f 4050 4052 4024
f 4051 4021 4053
f 4051 4053 4052
f 4052 4053 4054
f 4052 4054 4024
f 4053 4021 4055
f 4053 4055 4054
f 4054 4055 4056
f 4054 4056 4024
f 4055 4021 4057
f 4055 4057 4056
f 4056 4057 4058
f 4056 4058 4024
f 4057 4021 4059
f 4057 4059 4058
f 4058 4059 4060
f 4058 4060 4024
f 4059 4021 4061
f 4059 4061 4060
f 4060 4061 4062
f 4060 4062 4024
f 4061 4021 4063
f 4061 4063 4062
f 4062 4063 4064
f 4062 4064 4024
f 4063 4021 4065
f 4063 4065 4064
f 4064 4065 4066
f 4064 4066 4024
f 4065 4021 4067
f 4065 4067 4066
f 4066 4067 4068
f 4066 4068 4024
f 4067 4021 4069
f 4067 4069 4068
f 4068 4069 4070
f 4068 4070 4024
f 4069 4021 4071
f 4069 4071 4070
f 4070 4071 4072
f 4070 4072 4024
f 4071 4021 4073
f 4071 4073 4072
f 4072 4073 4074
f 4072 4074 4024
f 4073 4021 4075
f 4073 4075 4074
f 4074 4075 4076
f 4074 4076 4024
f 4075 4021 4077
f 4075 4077 4076
f 4076 4077 4078
f 4076 4078 4024
f 4077 4021 4022
f 4077 4022 4078
f 4078 4022 4023
f 4078 4023 4024
o Varny_kruh_stred_12
v 3.172770 0.678897 0.912000
v 3.195670 0.678897 0.912000
v 3.195670 0.678897 0.914000
v 3.172770 0.678897 0.914000
v 3.195096 0.683993 0.912000
v 3.195096 0.683993 0.914000
v 3.193402 0.688833 0.912000
v 3.193402 0.688833 0.914000
v 3.190674 0.693175 0.912000
v 3.190674 0.693175 0.914000
v 3.187048 0.696801 0.912000
v 3.187048 0.696801 0.914000
v 3.182706 0.699529 0.912000
v 3.182706 0.699529 0.914000
v 3.177866 0.701223 0.912000
v 3.177866 0.701223 0.914000
v 3.172770 0.701797 0.912000
v 3.172770 0.701797 0.914000
v 3.167674 0.701223 0.912000
v 3.167674 0.701223 0.914000
v 3.162834 0.699529 0.912000
v 3.162834 0.699529 0.914000
v 3.158492 0.696801 0.912000
v 3.158492 0.696801 0.914000
v 3.154866 0.693175 0.912000
v 3.154866 0.693175 0.914000
v 3.152138 0.688833 0.912000
v 3.152138 0.688833 0.914000
v 3.150444 0.683993 0.912000
v 3.150444 0.683993 0.914000
v 3.149870 0.678897 0.912000
v 3.149870 0.678897 0.914000
v 3.150444 0.673801 0.912000
v 3.150444 0.673801 0.914000
v 3.152138 0.668961 0.912000
v 3.152138 0.668961 0.914000
v 3.154866 0.664619 0.912000
v 3.154866 0.664619 0.914000
v 3.158492 0.660993 0.912000
v 3.158492 0.660993 0.914000
v 3.162834 0.658265 0.912000
v 3.162834 0.658265 0.914000
v 3.167674 0.656571 0.912000
v 3.167674 0.656571 0.914000
v 3.172770 0.655997 0.912000
v 3.172770 0.655997 0.914000
v 3.177866 0.656571 0.912000
v 3.177866 0.656571 0.914000
v 3.182706 0.658265 0.912000
v 3.182706 0.658265 0.914000
v 3.187048 0.660993 0.912000
v 3.187048 0.660993 0.914000
v 3.190674 0.664619 0.912000
v 3.190674 0.664619 0.914000
v 3.193402 0.668961 0.912000
v 3.193402 0.668961 0.914000
v 3.195096 0.673801 0.912000
v 3.195096 0.673801 0.914000
f 4080 4079 4083
f 4080 4083 4081
f 4081 4083 4084
f 4081 4084 4082
f 4083 4079 4085
f 4083 4085 4084
f 4084 4085 4086
f 4084 4086 4082
f 4085 4079 4087
f 4085 4087 4086
f 4086 4087 4088
f 4086 4088 4082
f 4087 4079 4089
f 4087 4089 4088
f 4088 4089 4090
f 4088 4090 4082
f 4089 4079 4091
f 4089 4091 4090
f 4090 4091 4092
f 4090 4092 4082
f 4091 4079 4093
f 4091 4093 4092
f 4092 4093 4094
f 4092 4094 4082
f 4093 4079 4095
f 4093 4095 4094
f 4094 4095 4096
f 4094 4096 4082
f 4095 4079 4097
f 4095 4097 4096
f 4096 4097 4098
f 4096 4098 4082
f 4097 4079 4099
f 4097 4099 4098
f 4098 4099 4100
f 4098 4100 4082
f 4099 4079 4101
f 4099 4101 4100
f 4100 4101 4102
f 4100 4102 4082
f 4101 4079 4103
f 4101 4103 4102
f 4102 4103 4104
f 4102 4104 4082
f 4103 4079 4105
f 4103 4105 4104
f 4104 4105 4106
f 4104 4106 4082
f 4105 4079 4107
f 4105 4107 4106
f 4106 4107 4108
f 4106 4108 4082
f 4107 4079 4109
f 4107 4109 4108
f 4108 4109 4110
f 4108 4110 4082
f 4109 4079 4111
f 4109 4111 4110
f 4110 4111 4112
f 4110 4112 4082
f 4111 4079 4113
f 4111 4113 4112
f 4112 4113 4114
f 4112 4114 4082
f 4113 4079 4115
f 4113 4115 4114
f 4114 4115 4116
f 4114 4116 4082
f 4115 4079 4117
f 4115 4117 4116
f 4116 4117 4118
f 4116 4118 4082
f 4117 4079 4119
f 4117 4119 4118
f 4118 4119 4120
f 4118 4120 4082
f 4119 4079 4121
f 4119 4121 4120
f 4120 4121 4122
f 4120 4122 4082
f 4121 4079 4123
f 4121 4123 4122
f 4122 4123 4124
f 4122 4124 4082
f 4123 4079 4125
f 4123 4125 4124
f 4124 4125 4126
f 4124 4126 4082
f 4125 4079 4127
f 4125 4127 4126
f 4126 4127 4128
f 4126 4128 4082
f 4127 4079 4129
f 4127 4129 4128
f 4128 4129 4130
f 4128 4130 4082
f 4129 4079 4131
f 4129 4131 4130
f 4130 4131 4132
f 4130 4132 4082
f 4131 4079 4133
f 4131 4133 4132
f 4132 4133 4134
f 4132 4134 4082
f 4133 4079 4135
f 4133 4135 4134
f 4134 4135 4136
f 4134 4136 4082
f 4135 4079 4080
f 4135 4080 4136
f 4136 4080 4081
f 4136 4081 4082
o Varny_kruh_13
v 3.248970 0.678897 0.909500
v 3.274370 0.678897 0.909500
v 3.274370 0.678897 0.912500
v 3.248970 0.678897 0.912500
v 3.273733 0.684549 0.909500
v 3.273733 0.684549 0.912500
v 3.271855 0.689917 0.909500
v 3.271855 0.689917 0.912500
v 3.268828 0.694733 0.909500
v 3.268828 0.694733 0.912500
v 3.264807 0.698755 0.909500
v 3.264807 0.698755 0.912500
v 3.259991 0.701781 0.909500
v 3.259991 0.701781 0.912500
v 3.254622 0.703660 0.909500
v 3.254622 0.703660 0.912500
v 3.248970 0.704297 0.909500
v 3.248970 0.704297 0.912500
v 3.243318 0.703660 0.909500
v 3.243318 0.703660 0.912500
v 3.237949 0.701781 0.909500
v 3.237949 0.701781 0.912500
v 3.233133 0.698755 0.909500
v 3.233133 0.698755 0.912500
v 3.229111 0.694733 0.909500
v 3.229111 0.694733 0.912500
v 3.226085 0.689917 0.909500
v 3.226085 0.689917 0.912500
v 3.224207 0.684549 0.909500
v 3.224207 0.684549 0.912500
v 3.223570 0.678897 0.909500
v 3.223570 0.678897 0.912500
v 3.224207 0.673245 0.909500
v 3.224207 0.673245 0.912500
v 3.226085 0.667876 0.909500
v 3.226085 0.667876 0.912500
v 3.229111 0.663060 0.909500
v 3.229111 0.663060 0.912500
v 3.233133 0.659038 0.909500
v 3.233133 0.659038 0.912500
v 3.237949 0.656012 0.909500
v 3.237949 0.656012 0.912500
v 3.243318 0.654134 0.909500
v 3.243318 0.654134 0.912500
v 3.248970 0.653497 0.909500
v 3.248970 0.653497 0.912500
v 3.254622 0.654134 0.909500
v 3.254622 0.654134 0.912500
v 3.259991 0.656012 0.909500
v 3.259991 0.656012 0.912500
v 3.264807 0.659038 0.909500
v 3.264807 0.659038 0.912500
v 3.268828 0.663060 0.909500
v 3.268828 0.663060 0.912500
v 3.271855 0.667876 0.909500
v 3.271855 0.667876 0.912500
v 3.273733 0.673245 0.909500
v 3.273733 0.673245 0.912500
f 4138 4137 4141
f 4138 4141 4139
f 4139 4141 4142
f 4139 4142 4140
f 4141 4137 4143
f 4141 4143 4142
f 4142 4143 4144
f 4142 4144 4140
f 4143 4137 4145
f 4143 4145 4144
f 4144 4145 4146
f 4144 4146 4140
f 4145 4137 4147
f 4145 4147 4146
f 4146 4147 4148
f 4146 4148 4140
f 4147 4137 4149
f 4147 4149 4148
f 4148 4149 4150
f 4148 4150 4140
f 4149 4137 4151
f 4149 4151 4150
f 4150 4151 4152
f 4150 4152 4140
f 4151 4137 4153
f 4151 4153 4152
f 4152 4153 4154
f 4152 4154 4140
f 4153 4137 4155
f 4153 4155 4154
f 4154 4155 4156
f 4154 4156 4140
f 4155 4137 4157
f 4155 4157 4156
f 4156 4157 4158
f 4156 4158 4140
f 4157 4137 4159
f 4157 4159 4158
f 4158 4159 4160
f 4158 4160 4140
f 4159 4137 4161
f 4159 4161 4160
f 4160 4161 4162
f 4160 4162 4140
f 4161 4137 4163
f 4161 4163 4162
f 4162 4163 4164
f 4162 4164 4140
f 4163 4137 4165
f 4163 4165 4164
f 4164 4165 4166
f 4164 4166 4140
f 4165 4137 4167
f 4165 4167 4166
f 4166 4167 4168
f 4166 4168 4140
f 4167 4137 4169
f 4167 4169 4168
f 4168 4169 4170
f 4168 4170 4140
f 4169 4137 4171
f 4169 4171 4170
f 4170 4171 4172
f 4170 4172 4140
f 4171 4137 4173
f 4171 4173 4172
f 4172 4173 4174
f 4172 4174 4140
f 4173 4137 4175
f 4173 4175 4174
f 4174 4175 4176
f 4174 4176 4140
f 4175 4137 4177
f 4175 4177 4176
f 4176 4177 4178
f 4176 4178 4140
f 4177 4137 4179
f 4177 4179 4178
f 4178 4179 4180
f 4178 4180 4140
f 4179 4137 4181
f 4179 4181 4180
f 4180 4181 4182
f 4180 4182 4140
f 4181 4137 4183
f 4181 4183 4182
f 4182 4183 4184
f 4182 4184 4140
f 4183 4137 4185
f 4183 4185 4184
f 4184 4185 4186
f 4184 4186 4140
f 4185 4137 4187
f 4185 4187 4186
f 4186 4187 4188
f 4186 4188 4140
f 4187 4137 4189
f 4187 4189 4188
f 4188 4189 4190
f 4188 4190 4140
f 4189 4137 4191
f 4189 4191 4190
f 4190 4191 4192
f 4190 4192 4140
f 4191 4137 4193
f 4191 4193 4192
f 4192 4193 4194
f 4192 4194 4140
f 4193 4137 4138
f 4193 4138 4194
f 4194 4138 4139
f 4194 4139 4140
o Varny_kruh_stred_13
v 3.248970 0.678897 0.912000
v 3.271870 0.678897 0.912000
v 3.271870 0.678897 0.914000
v 3.248970 0.678897 0.914000
v 3.271296 0.683993 0.912000
v 3.271296 0.683993 0.914000
v 3.269602 0.688833 0.912000
v 3.269602 0.688833 0.914000
v 3.266874 0.693175 0.912000
v 3.266874 0.693175 0.914000
v 3.263248 0.696801 0.912000
v 3.263248 0.696801 0.914000
v 3.258906 0.699529 0.912000
v 3.258906 0.699529 0.914000
v 3.254066 0.701223 0.912000
v 3.254066 0.701223 0.914000
v 3.248970 0.701797 0.912000
v 3.248970 0.701797 0.914000
v 3.243874 0.701223 0.912000
v 3.243874 0.701223 0.914000
v 3.239034 0.699529 0.912000
v 3.239034 0.699529 0.914000
v 3.234692 0.696801 0.912000
v 3.234692 0.696801 0.914000
v 3.231066 0.693175 0.912000
v 3.231066 0.693175 0.914000
v 3.228338 0.688833 0.912000
v 3.228338 0.688833 0.914000
v 3.226644 0.683993 0.912000
v 3.226644 0.683993 0.914000
v 3.226070 0.678897 0.912000
v 3.226070 0.678897 0.914000
v 3.226644 0.673801 0.912000
v 3.226644 0.673801 0.914000
v 3.228338 0.668961 0.912000
v 3.228338 0.668961 0.914000
v 3.231066 0.664619 0.912000
v 3.231066 0.664619 0.914000
v 3.234692 0.660993 0.912000
v 3.234692 0.660993 0.914000
v 3.239034 0.658265 0.912000
v 3.239034 0.658265 0.914000
v 3.243874 0.656571 0.912000
v 3.243874 0.656571 0.914000
v 3.248970 0.655997 0.912000
v 3.248970 0.655997 0.914000
v 3.254066 0.656571 0.912000
v 3.254066 0.656571 0.914000
v 3.258906 0.658265 0.912000
v 3.258906 0.658265 0.914000
v 3.263248 0.660993 0.912000
v 3.263248 0.660993 0.914000
v 3.266874 0.664619 0.912000
v 3.266874 0.664619 0.914000
v 3.269602 0.668961 0.912000
v 3.269602 0.668961 0.914000
v 3.271296 0.673801 0.912000
v 3.271296 0.673801 0.914000
f 4196 4195 4199
f 4196 4199 4197
f 4197 4199 4200
f 4197 4200 4198
f 4199 4195 4201
f 4199 4201 4200
f 4200 4201 4202
f 4200 4202 4198
f 4201 4195 4203
f 4201 4203 4202
f 4202 4203 4204
f 4202 4204 4198
f 4203 4195 4205
f 4203 4205 4204
f 4204 4205 4206
f 4204 4206 4198
f 4205 4195 4207
f 4205 4207 4206
f 4206 4207 4208
f 4206 4208 4198
f 4207 4195 4209
f 4207 4209 4208
f 4208 4209 4210
f 4208 4210 4198
f 4209 4195 4211
f 4209 4211 4210
f 4210 4211 4212
f 4210 4212 4198
f 4211 4195 4213
f 4211 4213 4212
f 4212 4213 4214
f 4212 4214 4198
f 4213 4195 4215
f 4213 4215 4214
f 4214 4215 4216
f 4214 4216 4198
f 4215 4195 4217
f 4215 4217 4216
f 4216 4217 4218
f 4216 4218 4198
f 4217 4195 4219
f 4217 4219 4218
f 4218 4219 4220
f 4218 4220 4198
f 4219 4195 4221
f 4219 4221 4220
f 4220 4221 4222
f 4220 4222 4198
f 4221 4195 4223
f 4221 4223 4222
f 4222 4223 4224
f 4222 4224 4198
f 4223 4195 4225
f 4223 4225 4224
f 4224 4225 4226
f 4224 4226 4198
f 4225 4195 4227
f 4225 4227 4226
f 4226 4227 4228
f 4226 4228 4198
f 4227 4195 4229
f 4227 4229 4228
f 4228 4229 4230
f 4228 4230 4198
f 4229 4195 4231
f 4229 4231 4230
f 4230 4231 4232
f 4230 4232 4198
f 4231 4195 4233
f 4231 4233 4232
f 4232 4233 4234
f 4232 4234 4198
f 4233 4195 4235
f 4233 4235 4234
f 4234 4235 4236
f 4234 4236 4198
f 4235 4195 4237
f 4235 4237 4236
f 4236 4237 4238
f 4236 4238 4198
f 4237 4195 4239
f 4237 4239 4238
f 4238 4239 4240
f 4238 4240 4198
f 4239 4195 4241
f 4239 4241 4240
f 4240 4241 4242
f 4240 4242 4198
f 4241 4195 4243
f 4241 4243 4242
f 4242 4243 4244
f 4242 4244 4198
f 4243 4195 4245
f 4243 4245 4244
f 4244 4245 4246
f 4244 4246 4198
f 4245 4195 4247
f 4245 4247 4246
f 4246 4247 4248
f 4246 4248 4198
f 4247 4195 4249
f 4247 4249 4248
f 4248 4249 4250
f 4248 4250 4198
f 4249 4195 4251
f 4249 4251 4250
f 4250 4251 4252
f 4250 4252 4198
f 4251 4195 4196
f 4251 4196 4252
f 4252 4196 4197
f 4252 4197 4198
o Varny_kruh_14
v 3.325170 0.678897 0.909500
v 3.350570 0.678897 0.909500
v 3.350570 0.678897 0.912500
v 3.325170 0.678897 0.912500
v 3.349933 0.684549 0.909500
v 3.349933 0.684549 0.912500
v 3.348055 0.689917 0.909500
v 3.348055 0.689917 0.912500
v 3.345028 0.694733 0.909500
v 3.345028 0.694733 0.912500
v 3.341007 0.698755 0.909500
v 3.341007 0.698755 0.912500
v 3.336191 0.701781 0.909500
v 3.336191 0.701781 0.912500
v 3.330822 0.703660 0.909500
v 3.330822 0.703660 0.912500
v 3.325170 0.704297 0.909500
v 3.325170 0.704297 0.912500
v 3.319518 0.703660 0.909500
v 3.319518 0.703660 0.912500
v 3.314149 0.701781 0.909500
v 3.314149 0.701781 0.912500
v 3.309333 0.698755 0.909500
v 3.309333 0.698755 0.912500
v 3.305311 0.694733 0.909500
v 3.305311 0.694733 0.912500
v 3.302285 0.689917 0.909500
v 3.302285 0.689917 0.912500
v 3.300407 0.684549 0.909500
v 3.300407 0.684549 0.912500
v 3.299770 0.678897 0.909500
v 3.299770 0.678897 0.912500
v 3.300407 0.673245 0.909500
v 3.300407 0.673245 0.912500
v 3.302285 0.667876 0.909500
v 3.302285 0.667876 0.912500
v 3.305311 0.663060 0.909500
v 3.305311 0.663060 0.912500
v 3.309333 0.659038 0.909500
v 3.309333 0.659038 0.912500
v 3.314149 0.656012 0.909500
v 3.314149 0.656012 0.912500
v 3.319518 0.654134 0.909500
v 3.319518 0.654134 0.912500
v 3.325170 0.653497 0.909500
v 3.325170 0.653497 0.912500
v 3.330822 0.654134 0.909500
v 3.330822 0.654134 0.912500
v 3.336191 0.656012 0.909500
v 3.336191 0.656012 0.912500
v 3.341007 0.659038 0.909500
v 3.341007 0.659038 0.912500
v 3.345028 0.663060 0.909500
v 3.345028 0.663060 0.912500
v 3.348055 0.667876 0.909500
v 3.348055 0.667876 0.912500
v 3.349933 0.673245 0.909500
v 3.349933 0.673245 0.912500
f 4254 4253 4257
f 4254 4257 4255
f 4255 4257 4258
f 4255 4258 4256
f 4257 4253 4259
f 4257 4259 4258
f 4258 4259 4260
f 4258 4260 4256
f 4259 4253 4261
f 4259 4261 4260
f 4260 4261 4262
f 4260 4262 4256
f 4261 4253 4263
f 4261 4263 4262
f 4262 4263 4264
f 4262 4264 4256
f 4263 4253 4265
f 4263 4265 4264
f 4264 4265 4266
f 4264 4266 4256
f 4265 4253 4267
f 4265 4267 4266
f 4266 4267 4268
f 4266 4268 4256
f 4267 4253 4269
f 4267 4269 4268
f 4268 4269 4270
f 4268 4270 4256
f 4269 4253 4271
f 4269 4271 4270
f 4270 4271 4272
f 4270 4272 4256
f 4271 4253 4273
f 4271 4273 4272
f 4272 4273 4274
f 4272 4274 4256
f 4273 4253 4275
f 4273 4275 4274
f 4274 4275 4276
f 4274 4276 4256
f 4275 4253 4277
f 4275 4277 4276
f 4276 4277 4278
f 4276 4278 4256
f 4277 4253 4279
f 4277 4279 4278
f 4278 4279 4280
f 4278 4280 4256
f 4279 4253 4281
f 4279 4281 4280
f 4280 4281 4282
f 4280 4282 4256
f 4281 4253 4283
f 4281 4283 4282
f 4282 4283 4284
f 4282 4284 4256
f 4283 4253 4285
f 4283 4285 4284
f 4284 4285 4286
f 4284 4286 4256
f 4285 4253 4287
f 4285 4287 4286
f 4286 4287 4288
f 4286 4288 4256
f 4287 4253 4289
f 4287 4289 4288
f 4288 4289 4290
f 4288 4290 4256
f 4289 4253 4291
f 4289 4291 4290
f 4290 4291 4292
f 4290 4292 4256
f 4291 4253 4293
f 4291 4293 4292
f 4292 4293 4294
f 4292 4294 4256
f 4293 4253 4295
f 4293 4295 4294
f 4294 4295 4296
f 4294 4296 4256
f 4295 4253 4297
f 4295 4297 4296
f 4296 4297 4298
f 4296 4298 4256
f 4297 4253 4299
f 4297 4299 4298
f 4298 4299 4300
f 4298 4300 4256
f 4299 4253 4301
f 4299 4301 4300
f 4300 4301 4302
f 4300 4302 4256
f 4301 4253 4303
f 4301 4303 4302
f 4302 4303 4304
f 4302 4304 4256
f 4303 4253 4305
f 4303 4305 4304
f 4304 4305 4306
f 4304 4306 4256
f 4305 4253 4307
f 4305 4307 4306
f 4306 4307 4308
f 4306 4308 4256
f 4307 4253 4309
f 4307 4309 4308
f 4308 4309 4310
f 4308 4310 4256
f 4309 4253 4254
f 4309 4254 4310
f 4310 4254 4255
f 4310 4255 4256
o Varny_kruh_stred_14
v 3.325170 0.678897 0.912000
v 3.348070 0.678897 0.912000
v 3.348070 0.678897 0.914000
v 3.325170 0.678897 0.914000
v 3.347496 0.683993 0.912000
v 3.347496 0.683993 0.914000
v 3.345802 0.688833 0.912000
v 3.345802 0.688833 0.914000
v 3.343074 0.693175 0.912000
v 3.343074 0.693175 0.914000
v 3.339448 0.696801 0.912000
v 3.339448 0.696801 0.914000
v 3.335106 0.699529 0.912000
v 3.335106 0.699529 0.914000
v 3.330266 0.701223 0.912000
v 3.330266 0.701223 0.914000
v 3.325170 0.701797 0.912000
v 3.325170 0.701797 0.914000
v 3.320074 0.701223 0.912000
v 3.320074 0.701223 0.914000
v 3.315234 0.699529 0.912000
v 3.315234 0.699529 0.914000
v 3.310892 0.696801 0.912000
v 3.310892 0.696801 0.914000
v 3.307266 0.693175 0.912000
v 3.307266 0.693175 0.914000
v 3.304538 0.688833 0.912000
v 3.304538 0.688833 0.914000
v 3.302844 0.683993 0.912000
v 3.302844 0.683993 0.914000
v 3.302270 0.678897 0.912000
v 3.302270 0.678897 0.914000
v 3.302844 0.673801 0.912000
v 3.302844 0.673801 0.914000
v 3.304538 0.668961 0.912000
v 3.304538 0.668961 0.914000
v 3.307266 0.664619 0.912000
v 3.307266 0.664619 0.914000
v 3.310892 0.660993 0.912000
v 3.310892 0.660993 0.914000
v 3.315234 0.658265 0.912000
v 3.315234 0.658265 0.914000
v 3.320074 0.656571 0.912000
v 3.320074 0.656571 0.914000
v 3.325170 0.655997 0.912000
v 3.325170 0.655997 0.914000
v 3.330266 0.656571 0.912000
v 3.330266 0.656571 0.914000
v 3.335106 0.658265 0.912000
v 3.335106 0.658265 0.914000
v 3.339448 0.660993 0.912000
v 3.339448 0.660993 0.914000
v 3.343074 0.664619 0.912000
v 3.343074 0.664619 0.914000
v 3.345802 0.668961 0.912000
v 3.345802 0.668961 0.914000
v 3.347496 0.673801 0.912000
v 3.347496 0.673801 0.914000
f 4312 4311 4315
f 4312 4315 4313
f 4313 4315 4316
f 4313 4316 4314
f 4315 4311 4317
f 4315 4317 4316
f 4316 4317 4318
f 4316 4318 4314
f 4317 4311 4319
f 4317 4319 4318
f 4318 4319 4320
f 4318 4320 4314
f 4319 4311 4321
f 4319 4321 4320
f 4320 4321 4322
f 4320 4322 4314
f 4321 4311 4323
f 4321 4323 4322
f 4322 4323 4324
f 4322 4324 4314
f 4323 4311 4325
f 4323 4325 4324
f 4324 4325 4326
f 4324 4326 4314
f 4325 4311 4327
f 4325 4327 4326
f 4326 4327 4328
f 4326 4328 4314
f 4327 4311 4329
f 4327 4329 4328
f 4328 4329 4330
f 4328 4330 4314
f 4329 4311 4331
f 4329 4331 4330
f 4330 4331 4332
f 4330 4332 4314
f 4331 4311 4333
f 4331 4333 4332
f 4332 4333 4334
f 4332 4334 4314
f 4333 4311 4335
f 4333 4335 4334
f 4334 4335 4336
f 4334 4336 4314
f 4335 4311 4337
f 4335 4337 4336
f 4336 4337 4338
f 4336 4338 4314
f 4337 4311 4339
f 4337 4339 4338
f 4338 4339 4340
f 4338 4340 4314
f 4339 4311 4341
f 4339 4341 4340
f 4340 4341 4342
f 4340 4342 4314
f 4341 4311 4343
f 4341 4343 4342
f 4342 4343 4344
f 4342 4344 4314
f 4343 4311 4345
f 4343 4345 4344
f 4344 4345 4346
f 4344 4346 4314
f 4345 4311 4347
f 4345 4347 4346
f 4346 4347 4348
f 4346 4348 4314
f 4347 4311 4349
f 4347 4349 4348
f 4348 4349 4350
f 4348 4350 4314
f 4349 4311 4351
f 4349 4351 4350
f 4350 4351 4352
f 4350 4352 4314
f 4351 4311 4353
f 4351 4353 4352
f 4352 4353 4354
f 4352 4354 4314
f 4353 4311 4355
f 4353 4355 4354
f 4354 4355 4356
f 4354 4356 4314
f 4355 4311 4357
f 4355 4357 4356
f 4356 4357 4358
f 4356 4358 4314
f 4357 4311 4359
f 4357 4359 4358
f 4358 4359 4360
f 4358 4360 4314
f 4359 4311 4361
f 4359 4361 4360
f 4360 4361 4362
f 4360 4362 4314
f 4361 4311 4363
f 4361 4363 4362
f 4362 4363 4364
f 4362 4364 4314
f 4363 4311 4365
f 4363 4365 4364
f 4364 4365 4366
f 4364 4366 4314
f 4365 4311 4367
f 4365 4367 4366
f 4366 4367 4368
f 4366 4368 4314
f 4367 4311 4312
f 4367 4312 4368
f 4368 4312 4313
f 4368 4313 4314
o Varny_kruh_15
v 3.401370 0.678897 0.909500
v 3.426770 0.678897 0.909500
v 3.426770 0.678897 0.912500
v 3.401370 0.678897 0.912500
v 3.426133 0.684549 0.909500
v 3.426133 0.684549 0.912500
v 3.424255 0.689917 0.909500
v 3.424255 0.689917 0.912500
v 3.421228 0.694733 0.909500
v 3.421228 0.694733 0.912500
v 3.417207 0.698755 0.909500
v 3.417207 0.698755 0.912500
v 3.412391 0.701781 0.909500
v 3.412391 0.701781 0.912500
v 3.407022 0.703660 0.909500
v 3.407022 0.703660 0.912500
v 3.401370 0.704297 0.909500
v 3.401370 0.704297 0.912500
v 3.395718 0.703660 0.909500
v 3.395718 0.703660 0.912500
v 3.390349 0.701781 0.909500
v 3.390349 0.701781 0.912500
v 3.385533 0.698755 0.909500
v 3.385533 0.698755 0.912500
v 3.381511 0.694733 0.909500
v 3.381511 0.694733 0.912500
v 3.378485 0.689917 0.909500
v 3.378485 0.689917 0.912500
v 3.376607 0.684549 0.909500
v 3.376607 0.684549 0.912500
v 3.375970 0.678897 0.909500
v 3.375970 0.678897 0.912500
v 3.376607 0.673245 0.909500
v 3.376607 0.673245 0.912500
v 3.378485 0.667876 0.909500
v 3.378485 0.667876 0.912500
v 3.381511 0.663060 0.909500
v 3.381511 0.663060 0.912500
v 3.385533 0.659038 0.909500
v 3.385533 0.659038 0.912500
v 3.390349 0.656012 0.909500
v 3.390349 0.656012 0.912500
v 3.395718 0.654134 0.909500
v 3.395718 0.654134 0.912500
v 3.401370 0.653497 0.909500
v 3.401370 0.653497 0.912500
v 3.407022 0.654134 0.909500
v 3.407022 0.654134 0.912500
v 3.412391 0.656012 0.909500
v 3.412391 0.656012 0.912500
v 3.417207 0.659038 0.909500
v 3.417207 0.659038 0.912500
v 3.421228 0.663060 0.909500
v 3.421228 0.663060 0.912500
v 3.424255 0.667876 0.909500
v 3.424255 0.667876 0.912500
v 3.426133 0.673245 0.909500
v 3.426133 0.673245 0.912500
f 4370 4369 4373
f 4370 4373 4371
f 4371 4373 4374
f 4371 4374 4372
f 4373 4369 4375
f 4373 4375 4374
f 4374 4375 4376
f 4374 4376 4372
f 4375 4369 4377
f 4375 4377 4376
f 4376 4377 4378
f 4376 4378 4372
f 4377 4369 4379
f 4377 4379 4378
f 4378 4379 4380
f 4378 4380 4372
f 4379 4369 4381
f 4379 4381 4380
f 4380 4381 4382
f 4380 4382 4372
f 4381 4369 4383
f 4381 4383 4382
f 4382 4383 4384
f 4382 4384 4372
f 4383 4369 4385
f 4383 4385 4384
f 4384 4385 4386
f 4384 4386 4372
f 4385 4369 4387
f 4385 4387 4386
f 4386 4387 4388
f 4386 4388 4372
f 4387 4369 4389
f 4387 4389 4388
f 4388 4389 4390
f 4388 4390 4372
f 4389 4369 4391
f 4389 4391 4390
f 4390 4391 4392
f 4390 4392 4372
f 4391 4369 4393
f 4391 4393 4392
f 4392 4393 4394
f 4392 4394 4372
f 4393 4369 4395
f 4393 4395 4394
f 4394 4395 4396
f 4394 4396 4372
f 4395 4369 4397
f 4395 4397 4396
f 4396 4397 4398
f 4396 4398 4372
f 4397 4369 4399
f 4397 4399 4398
f 4398 4399 4400
f 4398 4400 4372
f 4399 4369 4401
f 4399 4401 4400
f 4400 4401 4402
f 4400 4402 4372
f 4401 4369 4403
f 4401 4403 4402
f 4402 4403 4404
f 4402 4404 4372
f 4403 4369 4405
f 4403 4405 4404
f 4404 4405 4406
f 4404 4406 4372
f 4405 4369 4407
f 4405 4407 4406
f 4406 4407 4408
f 4406 4408 4372
f 4407 4369 4409
f 4407 4409 4408
f 4408 4409 4410
f 4408 4410 4372
f 4409 4369 4411
f 4409 4411 4410
f 4410 4411 4412
f 4410 4412 4372
f 4411 4369 4413
f 4411 4413 4412
f 4412 4413 4414
f 4412 4414 4372
f 4413 4369 4415
f 4413 4415 4414
f 4414 4415 4416
f 4414 4416 4372
f 4415 4369 4417
f 4415 4417 4416
f 4416 4417 4418
f 4416 4418 4372
f 4417 4369 4419
f 4417 4419 4418
f 4418 4419 4420
f 4418 4420 4372
f 4419 4369 4421
f 4419 4421 4420
f 4420 4421 4422
f 4420 4422 4372
f 4421 4369 4423
f 4421 4423 4422
f 4422 4423 4424
f 4422 4424 4372
f 4423 4369 4425
f 4423 4425 4424
f 4424 4425 4426
f 4424 4426 4372
f 4425 4369 4370
f 4425 4370 4426
f 4426 4370 4371
f 4426 4371 4372
o Varny_kruh_stred_15
v 3.401370 0.678897 0.912000
v 3.424270 0.678897 0.912000
v 3.424270 0.678897 0.914000
v 3.401370 0.678897 0.914000
v 3.423696 0.683993 0.912000
v 3.423696 0.683993 0.914000
v 3.422002 0.688833 0.912000
v 3.422002 0.688833 0.914000
v 3.419274 0.693175 0.912000
v 3.419274 0.693175 0.914000
v 3.415648 0.696801 0.912000
v 3.415648 0.696801 0.914000
v 3.411306 0.699529 0.912000
v 3.411306 0.699529 0.914000
v 3.406466 0.701223 0.912000
v 3.406466 0.701223 0.914000
v 3.401370 0.701797 0.912000
v 3.401370 0.701797 0.914000
v 3.396274 0.701223 0.912000
v 3.396274 0.701223 0.914000
v 3.391434 0.699529 0.912000
v 3.391434 0.699529 0.914000
v 3.387092 0.696801 0.912000
v 3.387092 0.696801 0.914000
v 3.383466 0.693175 0.912000
v 3.383466 0.693175 0.914000
v 3.380738 0.688833 0.912000
v 3.380738 0.688833 0.914000
v 3.379044 0.683993 0.912000
v 3.379044 0.683993 0.914000
v 3.378470 0.678897 0.912000
v 3.378470 0.678897 0.914000
v 3.379044 0.673801 0.912000
v 3.379044 0.673801 0.914000
v 3.380738 0.668961 0.912000
v 3.380738 0.668961 0.914000
v 3.383466 0.664619 0.912000
v 3.383466 0.664619 0.914000
v 3.387092 0.660993 0.912000
v 3.387092 0.660993 0.914000
v 3.391434 0.658265 0.912000
v 3.391434 0.658265 0.914000
v 3.396274 0.656571 0.912000
v 3.396274 0.656571 0.914000
v 3.401370 0.655997 0.912000
v 3.401370 0.655997 0.914000
v 3.406466 0.656571 0.912000
v 3.406466 0.656571 0.914000
v 3.411306 0.658265 0.912000
v 3.411306 0.658265 0.914000
v 3.415648 0.660993 0.912000
v 3.415648 0.660993 0.914000
v 3.419274 0.664619 0.912000
v 3.419274 0.664619 0.914000
v 3.422002 0.668961 0.912000
v 3.422002 0.668961 0.914000
v 3.423696 0.673801 0.912000
v 3.423696 0.673801 0.914000
f 4428 4427 4431
f 4428 4431 4429
f 4429 4431 4432
f 4429 4432 4430
f 4431 4427 4433
f 4431 4433 4432
f 4432 4433 4434
f 4432 4434 4430
f 4433 4427 4435
f 4433 4435 4434
f 4434 4435 4436
f 4434 4436 4430
f 4435 4427 4437
f 4435 4437 4436
f 4436 4437 4438
f 4436 4438 4430
f 4437 4427 4439
f 4437 4439 4438
f 4438 4439 4440
f 4438 4440 4430
f 4439 4427 4441
f 4439 4441 4440
f 4440 4441 4442
f 4440 4442 4430
f 4441 4427 4443
f 4441 4443 4442
f 4442 4443 4444
f 4442 4444 4430
f 4443 4427 4445
f 4443 4445 4444
f 4444 4445 4446
f 4444 4446 4430
f 4445 4427 4447
f 4445 4447 4446
f 4446 4447 4448
f 4446 4448 4430
f 4447 4427 4449
f 4447 4449 4448
f 4448 4449 4450
f 4448 4450 4430
f 4449 4427 4451
f 4449 4451 4450
f 4450 4451 4452
f 4450 4452 4430
f 4451 4427 4453
f 4451 4453 4452
f 4452 4453 4454
f 4452 4454 4430
f 4453 4427 4455
f 4453 4455 4454
f 4454 4455 4456
f 4454 4456 4430
f 4455 4427 4457
f 4455 4457 4456
f 4456 4457 4458
f 4456 4458 4430
f 4457 4427 4459
f 4457 4459 4458
f 4458 4459 4460
f 4458 4460 4430
f 4459 4427 4461
f 4459 4461 4460
f 4460 4461 4462
f 4460 4462 4430
f 4461 4427 4463
f 4461 4463 4462
f 4462 4463 4464
f 4462 4464 4430
f 4463 4427 4465
f 4463 4465 4464
f 4464 4465 4466
f 4464 4466 4430
f 4465 4427 4467
f 4465 4467 4466
f 4466 4467 4468
f 4466 4468 4430
f 4467 4427 4469
f 4467 4469 4468
f 4468 4469 4470
f 4468 4470 4430
f 4469 4427 4471
f 4469 4471 4470
f 4470 4471 4472
f 4470 4472 4430
f 4471 4427 4473
f 4471 4473 4472
f 4472 4473 4474
f 4472 4474 4430
f 4473 4427 4475
f 4473 4475 4474
f 4474 4475 4476
f 4474 4476 4430
f 4475 4427 4477
f 4475 4477 4476
f 4476 4477 4478
f 4476 4478 4430
f 4477 4427 4479
f 4477 4479 4478
f 4478 4479 4480
f 4478 4480 4430
f 4479 4427 4481
f 4479 4481 4480
f 4480 4481 4482
f 4480 4482 4430
f 4481 4427 4483
f 4481 4483 4482
f 4482 4483 4484
f 4482 4484 4430
f 4483 4427 4428
f 4483 4428 4484
f 4484 4428 4429
f 4484 4429 4430
o Ulozny_prostor_pod_varnou_deskou_0
v 3.055909 0.608000 0.104000
v 3.055909 0.608000 0.335000
v 3.055909 1.196000 0.104000
v 3.055909 1.196000 0.335000
v 3.080909 0.608000 0.104000
v 3.080909 0.608000 0.335000
v 3.080909 1.196000 0.104000
v 3.080909 1.196000 0.335000
f 4486 4488 4485
f 4489 4486 4485
f 4485 4488 4487
f 4487 4489 4485
f 4486 4492 4488
f 4490 4486 4489
f 4490 4492 4486
f 4488 4492 4487
f 4491 4489 4487
f 4487 4492 4491
f 4491 4490 4489
f 4492 4490 4491
o Madlo_pod_varnou_deskou_0
v 3.033909 0.780000 0.287000
v 3.033909 0.780000 0.303000
v 3.033909 1.020000 0.287000
v 3.033909 1.020000 0.303000
v 3.051909 0.780000 0.287000
v 3.051909 0.780000 0.303000
v 3.051909 1.020000 0.287000
v 3.051909 1.020000 0.303000
f 4494 4496 4493
f 4497 4494 4493
f 4493 4496 4495
f 4495 4497 4493
f 4494 4500 4496
f 4498 4494 4497
f 4498 4500 4494
f 4496 4500 4495
f 4499 4497 4495
f 4495 4500 4499
f 4499 4498 4497
f 4500 4498 4499
o Ulozny_prostor_pod_varnou_deskou_1
v 3.055909 0.608000 0.341000
v 3.055909 0.608000 0.585000
v 3.055909 1.196000 0.341000
v 3.055909 1.196000 0.585000
v 3.080909 0.608000 0.341000
v 3.080909 0.608000 0.585000
v 3.080909 1.196000 0.341000
v 3.080909 1.196000 0.585000
f 4502 4504 4501
f 4505 4502 4501
f 4501 4504 4503
f 4503 4505 4501
f 4502 4508 4504
f 4506 4502 4505
f 4506 4508 4502
f 4504 4508 4503
f 4507 4505 4503
f 4503 4508 4507
f 4507 4506 4505
f 4508 4506 4507
o Madlo_pod_varnou_deskou_1
v 3.033909 0.780000 0.537000
v 3.033909 0.780000 0.553000
v 3.033909 1.020000 0.537000
v 3.033909 1.020000 0.553000
v 3.051909 0.780000 0.537000
v 3.051909 0.780000 0.553000
v 3.051909 1.020000 0.537000
v 3.051909 1.020000 0.553000
f 4510 4512 4509
f 4513 4510 4509
f 4509 4512 4511
f 4511 4513 4509
f 4510 4516 4512
f 4514 4510 4513
f 4514 4516 4510
f 4512 4516 4511
f 4515 4513 4511
f 4511 4516 4515
f 4515 4514 4513
f 4516 4514 4515
o Ulozny_prostor_pod_varnou_deskou_2
v 3.055909 0.608000 0.591000
v 3.055909 0.608000 0.854000
v 3.055909 1.196000 0.591000
v 3.055909 1.196000 0.854000
v 3.080909 0.608000 0.591000
v 3.080909 0.608000 0.854000
v 3.080909 1.196000 0.591000
v 3.080909 1.196000 0.854000
f 4518 4520 4517
f 4521 4518 4517
f 4517 4520 4519
f 4519 4521 4517
f 4518 4524 4520
f 4522 4518 4521
f 4522 4524 4518
f 4520 4524 4519
f 4523 4521 4519
f 4519 4524 4523
f 4523 4522 4521
f 4524 4522 4523
o Madlo_pod_varnou_deskou_2
v 3.033909 0.780000 0.806000
v 3.033909 0.780000 0.822000
v 3.033909 1.020000 0.806000
v 3.033909 1.020000 0.822000
v 3.051909 0.780000 0.806000
v 3.051909 0.780000 0.822000
v 3.051909 1.020000 0.806000
v 3.051909 1.020000 0.822000
f 4526 4528 4525
f 4529 4526 4525
f 4525 4528 4527
f 4527 4529 4525
f 4526 4532 4528
f 4530 4526 4529
f 4530 4532 4526
f 4528 4532 4527
f 4531 4529 4527
f 4527 4532 4531
f 4531 4530 4529
f 4532 4530 4531
o Mycka_45_telo_0
v 3.082909 1.236000 0.045000
v 3.082909 1.236000 0.860000
v 3.082909 1.247000 0.045000
v 3.082909 1.247000 0.860000
v 3.632909 1.236000 0.045000
v 3.632909 1.236000 0.860000
v 3.632909 1.247000 0.045000
v 3.632909 1.247000 0.860000
f 4534 4536 4533
f 4537 4534 4533
f 4533 4536 4535
f 4535 4537 4533
f 4534 4540 4536
f 4538 4534 4537
f 4538 4540 4534
f 4536 4540 4535
f 4539 4537 4535
f 4535 4540 4539
f 4539 4538 4537
f 4540 4538 4539
o Mycka_45_telo_1
v 3.082909 1.673000 0.045000
v 3.082909 1.673000 0.860000
v 3.082909 1.684000 0.045000
v 3.082909 1.684000 0.860000
v 3.632909 1.673000 0.045000
v 3.632909 1.673000 0.860000
v 3.632909 1.684000 0.045000
v 3.632909 1.684000 0.860000
f 4542 4544 4541
f 4545 4542 4541
f 4541 4544 4543
f 4543 4545 4541
f 4542 4548 4544
f 4546 4542 4545
f 4546 4548 4542
f 4544 4548 4543
f 4547 4545 4543
f 4543 4548 4547
f 4547 4546 4545
f 4548 4546 4547
o Mycka_45_telo_2
v 3.082909 1.235000 0.045000
v 3.082909 1.235000 0.065000
v 3.082909 1.685000 0.045000
v 3.082909 1.685000 0.065000
v 3.632909 1.235000 0.045000
v 3.632909 1.235000 0.065000
v 3.632909 1.685000 0.045000
v 3.632909 1.685000 0.065000
f 4550 4552 4549
f 4553 4550 4549
f 4549 4552 4551
f 4551 4553 4549
f 4550 4556 4552
f 4554 4550 4553
f 4554 4556 4550
f 4552 4556 4551
f 4555 4553 4551
f 4551 4556 4555
f 4555 4554 4553
f 4556 4554 4555
o Mycka_45_telo_3
v 3.082909 1.235000 0.835000
v 3.082909 1.235000 0.860000
v 3.082909 1.685000 0.835000
v 3.082909 1.685000 0.860000
v 3.632909 1.235000 0.835000
v 3.632909 1.235000 0.860000
v 3.632909 1.685000 0.835000
v 3.632909 1.685000 0.860000
f 4558 4560 4557
f 4561 4558 4557
f 4557 4560 4559
f 4559 4561 4557
f 4558 4564 4560
f 4562 4558 4561
f 4562 4564 4558
f 4560 4564 4559
f 4563 4561 4559
f 4559 4564 4563
f 4563 4562 4561
f 4564 4562 4563
o Mycka_45_telo_4
v 3.612909 1.235000 0.065000
v 3.612909 1.235000 0.835000
v 3.612909 1.685000 0.065000
v 3.612909 1.685000 0.835000
v 3.632909 1.235000 0.065000
v 3.632909 1.235000 0.835000
v 3.632909 1.685000 0.065000
v 3.632909 1.685000 0.835000
f 4566 4568 4565
f 4569 4566 4565
f 4565 4568 4567
f 4567 4569 4565
f 4566 4572 4568
f 4570 4566 4569
f 4570 4572 4566
f 4568 4572 4567
f 4571 4569 4567
f 4567 4572 4571
f 4571 4570 4569
f 4572 4570 4571
o Mycka_kos_0_pricnik_0
v 3.117909 1.257000 0.280000
v 3.117909 1.257000 0.284000
v 3.117909 1.663000 0.280000
v 3.117909 1.663000 0.284000
v 3.121909 1.257000 0.280000
v 3.121909 1.257000 0.284000
v 3.121909 1.663000 0.280000
v 3.121909 1.663000 0.284000
f 4574 4576 4573
f 4577 4574 4573
f 4573 4576 4575
f 4575 4577 4573
f 4574 4580 4576
f 4578 4574 4577
f 4578 4580 4574
f 4576 4580 4575
f 4579 4577 4575
f 4575 4580 4579
f 4579 4578 4577
f 4580 4578 4579
o Mycka_kos_0_pricnik_1
v 3.171909 1.257000 0.280000
v 3.171909 1.257000 0.284000
v 3.171909 1.663000 0.280000
v 3.171909 1.663000 0.284000
v 3.175909 1.257000 0.280000
v 3.175909 1.257000 0.284000
v 3.175909 1.663000 0.280000
v 3.175909 1.663000 0.284000
f 4582 4584 4581
f 4585 4582 4581
f 4581 4584 4583
f 4583 4585 4581
f 4582 4588 4584
f 4586 4582 4585
f 4586 4588 4582
f 4584 4588 4583
f 4587 4585 4583
f 4583 4588 4587
f 4587 4586 4585
f 4588 4586 4587
o Mycka_kos_0_pricnik_2
v 3.225909 1.257000 0.280000
v 3.225909 1.257000 0.284000
v 3.225909 1.663000 0.280000
v 3.225909 1.663000 0.284000
v 3.229909 1.257000 0.280000
v 3.229909 1.257000 0.284000
v 3.229909 1.663000 0.280000
v 3.229909 1.663000 0.284000
f 4590 4592 4589
f 4593 4590 4589
f 4589 4592 4591
f 4591 4593 4589
f 4590 4596 4592
f 4594 4590 4593
f 4594 4596 4590
f 4592 4596 4591
f 4595 4593 4591
f 4591 4596 4595
f 4595 4594 4593
f 4596 4594 4595
o Mycka_kos_0_pricnik_3
v 3.279909 1.257000 0.280000
v 3.279909 1.257000 0.284000
v 3.279909 1.663000 0.280000
v 3.279909 1.663000 0.284000
v 3.283909 1.257000 0.280000
v 3.283909 1.257000 0.284000
v 3.283909 1.663000 0.280000
v 3.283909 1.663000 0.284000
f 4598 4600 4597
f 4601 4598 4597
f 4597 4600 4599
f 4599 4601 4597
f 4598 4604 4600
f 4602 4598 4601
f 4602 4604 4598
f 4600 4604 4599
f 4603 4601 4599
f 4599 4604 4603
f 4603 4602 4601
f 4604 4602 4603
o Mycka_kos_0_pricnik_4
v 3.333909 1.257000 0.280000
v 3.333909 1.257000 0.284000
v 3.333909 1.663000 0.280000
v 3.333909 1.663000 0.284000
v 3.337909 1.257000 0.280000
v 3.337909 1.257000 0.284000
v 3.337909 1.663000 0.280000
v 3.337909 1.663000 0.284000
f 4606 4608 4605
f 4609 4606 4605
f 4605 4608 4607
f 4607 4609 4605
f 4606 4612 4608
f 4610 4606 4609
f 4610 4612 4606
f 4608 4612 4607
f 4611 4609 4607
f 4607 4612 4611
f 4611 4610 4609
f 4612 4610 4611
o Mycka_kos_0_pricnik_5
v 3.387909 1.257000 0.280000
v 3.387909 1.257000 0.284000
v 3.387909 1.663000 0.280000
v 3.387909 1.663000 0.284000
v 3.391909 1.257000 0.280000
v 3.391909 1.257000 0.284000
v 3.391909 1.663000 0.280000
v 3.391909 1.663000 0.284000
f 4614 4616 4613
f 4617 4614 4613
f 4613 4616 4615
f 4615 4617 4613
f 4614 4620 4616
f 4618 4614 4617
f 4618 4620 4614
f 4616 4620 4615
f 4619 4617 4615
f 4615 4620 4619
f 4619 4618 4617
f 4620 4618 4619
o Mycka_kos_0_pricnik_6
v 3.441909 1.257000 0.280000
v 3.441909 1.257000 0.284000
v 3.441909 1.663000 0.280000
v 3.441909 1.663000 0.284000
v 3.445909 1.257000 0.280000
v 3.445909 1.257000 0.284000
v 3.445909 1.663000 0.280000
v 3.445909 1.663000 0.284000
f 4622 4624 4621
f 4625 4622 4621
f 4621 4624 4623
f 4623 4625 4621
f 4622 4628 4624
f 4626 4622 4625
f 4626 4628 4622
f 4624 4628 4623
f 4627 4625 4623
f 4623 4628 4627
f 4627 4626 4625
f 4628 4626 4627
o Mycka_kos_0_pricnik_7
v 3.495909 1.257000 0.280000
v 3.495909 1.257000 0.284000
v 3.495909 1.663000 0.280000
v 3.495909 1.663000 0.284000
v 3.499909 1.257000 0.280000
v 3.499909 1.257000 0.284000
v 3.499909 1.663000 0.280000
v 3.499909 1.663000 0.284000
f 4630 4632 4629
f 4633 4630 4629
f 4629 4632 4631
f 4631 4633 4629
f 4630 4636 4632
f 4634 4630 4633
f 4634 4636 4630
f 4632 4636 4631
f 4635 4633 4631
f 4631 4636 4635
f 4635 4634 4633
f 4636 4634 4635
o Mycka_kos_0_pricnik_8
v 3.549909 1.257000 0.280000
v 3.549909 1.257000 0.284000
v 3.549909 1.663000 0.280000
v 3.549909 1.663000 0.284000
v 3.553909 1.257000 0.280000
v 3.553909 1.257000 0.284000
v 3.553909 1.663000 0.280000
v 3.553909 1.663000 0.284000
f 4638 4640 4637
f 4641 4638 4637
f 4637 4640 4639
f 4639 4641 4637
f 4638 4644 4640
f 4642 4638 4641
f 4642 4644 4638
f 4640 4644 4639
f 4643 4641 4639
f 4639 4644 4643
f 4643 4642 4641
f 4644 4642 4643
o Mycka_kos_0_podelnik_0
v 3.104909 1.265000 0.284000
v 3.104909 1.265000 0.288000
v 3.104909 1.269000 0.284000
v 3.104909 1.269000 0.288000
v 3.607909 1.265000 0.284000
v 3.607909 1.265000 0.288000
v 3.607909 1.269000 0.284000
v 3.607909 1.269000 0.288000
f 4646 4648 4645
f 4649 4646 4645
f 4645 4648 4647
f 4647 4649 4645
f 4646 4652 4648
f 4650 4646 4649
f 4650 4652 4646
f 4648 4652 4647
f 4651 4649 4647
f 4647 4652 4651
f 4651 4650 4649
f 4652 4650 4651
o Mycka_kos_0_podelnik_1
v 3.104909 1.360000 0.284000
v 3.104909 1.360000 0.288000
v 3.104909 1.364000 0.284000
v 3.104909 1.364000 0.288000
v 3.607909 1.360000 0.284000
v 3.607909 1.360000 0.288000
v 3.607909 1.364000 0.284000
v 3.607909 1.364000 0.288000
f 4654 4656 4653
f 4657 4654 4653
f 4653 4656 4655
f 4655 4657 4653
f 4654 4660 4656
f 4658 4654 4657
f 4658 4660 4654
f 4656 4660 4655
f 4659 4657 4655
f 4655 4660 4659
f 4659 4658 4657
f 4660 4658 4659
o Mycka_kos_0_podelnik_2
v 3.104909 1.455000 0.284000
v 3.104909 1.455000 0.288000
v 3.104909 1.459000 0.284000
v 3.104909 1.459000 0.288000
v 3.607909 1.455000 0.284000
v 3.607909 1.455000 0.288000
v 3.607909 1.459000 0.284000
v 3.607909 1.459000 0.288000
f 4662 4664 4661
f 4665 4662 4661
f 4661 4664 4663
f 4663 4665 4661
f 4662 4668 4664
f 4666 4662 4665
f 4666 4668 4662
f 4664 4668 4663
f 4667 4665 4663
f 4663 4668 4667
f 4667 4666 4665
f 4668 4666 4667
o Mycka_kos_0_podelnik_3
v 3.104909 1.550000 0.284000
v 3.104909 1.550000 0.288000
v 3.104909 1.554000 0.284000
v 3.104909 1.554000 0.288000
v 3.607909 1.550000 0.284000
v 3.607909 1.550000 0.288000
v 3.607909 1.554000 0.284000
v 3.607909 1.554000 0.288000
f 4670 4672 4669
f 4673 4670 4669
f 4669 4672 4671
f 4671 4673 4669
f 4670 4676 4672
f 4674 4670 4673
f 4674 4676 4670
f 4672 4676 4671
f 4675 4673 4671
f 4671 4676 4675
f 4675 4674 4673
f 4676 4674 4675
o Mycka_kos_0_podelnik_4
v 3.104909 1.645000 0.284000
v 3.104909 1.645000 0.288000
v 3.104909 1.649000 0.284000
v 3.104909 1.649000 0.288000
v 3.607909 1.645000 0.284000
v 3.607909 1.645000 0.288000
v 3.607909 1.649000 0.284000
v 3.607909 1.649000 0.288000
f 4678 4680 4677
f 4681 4678 4677
f 4677 4680 4679
f 4679 4681 4677
f 4678 4684 4680
f 4682 4678 4681
f 4682 4684 4678
f 4680 4684 4679
f 4683 4681 4679
f 4679 4684 4683
f 4683 4682 4681
f 4684 4682 4683
o Mycka_kos_1_pricnik_0
v 3.117909 1.257000 0.570000
v 3.117909 1.257000 0.574000
v 3.117909 1.663000 0.570000
v 3.117909 1.663000 0.574000
v 3.121909 1.257000 0.570000
v 3.121909 1.257000 0.574000
v 3.121909 1.663000 0.570000
v 3.121909 1.663000 0.574000
f 4686 4688 4685
f 4689 4686 4685
f 4685 4688 4687
f 4687 4689 4685
f 4686 4692 4688
f 4690 4686 4689
f 4690 4692 4686
f 4688 4692 4687
f 4691 4689 4687
f 4687 4692 4691
f 4691 4690 4689
f 4692 4690 4691
o Mycka_kos_1_pricnik_1
v 3.171909 1.257000 0.570000
v 3.171909 1.257000 0.574000
v 3.171909 1.663000 0.570000
v 3.171909 1.663000 0.574000
v 3.175909 1.257000 0.570000
v 3.175909 1.257000 0.574000
v 3.175909 1.663000 0.570000
v 3.175909 1.663000 0.574000
f 4694 4696 4693
f 4697 4694 4693
f 4693 4696 4695
f 4695 4697 4693
f 4694 4700 4696
f 4698 4694 4697
f 4698 4700 4694
f 4696 4700 4695
f 4699 4697 4695
f 4695 4700 4699
f 4699 4698 4697
f 4700 4698 4699
o Mycka_kos_1_pricnik_2
v 3.225909 1.257000 0.570000
v 3.225909 1.257000 0.574000
v 3.225909 1.663000 0.570000
v 3.225909 1.663000 0.574000
v 3.229909 1.257000 0.570000
v 3.229909 1.257000 0.574000
v 3.229909 1.663000 0.570000
v 3.229909 1.663000 0.574000
f 4702 4704 4701
f 4705 4702 4701
f 4701 4704 4703
f 4703 4705 4701
f 4702 4708 4704
f 4706 4702 4705
f 4706 4708 4702
f 4704 4708 4703
f 4707 4705 4703
f 4703 4708 4707
f 4707 4706 4705
f 4708 4706 4707
o Mycka_kos_1_pricnik_3
v 3.279909 1.257000 0.570000
v 3.279909 1.257000 0.574000
v 3.279909 1.663000 0.570000
v 3.279909 1.663000 0.574000
v 3.283909 1.257000 0.570000
v 3.283909 1.257000 0.574000
v 3.283909 1.663000 0.570000
v 3.283909 1.663000 0.574000
f 4710 4712 4709
f 4713 4710 4709
f 4709 4712 4711
f 4711 4713 4709
f 4710 4716 4712
f 4714 4710 4713
f 4714 4716 4710
f 4712 4716 4711
f 4715 4713 4711
f 4711 4716 4715
f 4715 4714 4713
f 4716 4714 4715
o Mycka_kos_1_pricnik_4
v 3.333909 1.257000 0.570000
v 3.333909 1.257000 0.574000
v 3.333909 1.663000 0.570000
v 3.333909 1.663000 0.574000
v 3.337909 1.257000 0.570000
v 3.337909 1.257000 0.574000
v 3.337909 1.663000 0.570000
v 3.337909 1.663000 0.574000
f 4718 4720 4717
f 4721 4718 4717
f 4717 4720 4719
f 4719 4721 4717
f 4718 4724 4720
f 4722 4718 4721
f 4722 4724 4718
f 4720 4724 4719
f 4723 4721 4719
f 4719 4724 4723
f 4723 4722 4721
f 4724 4722 4723
o Mycka_kos_1_pricnik_5
v 3.387909 1.257000 0.570000
v 3.387909 1.257000 0.574000
v 3.387909 1.663000 0.570000
v 3.387909 1.663000 0.574000
v 3.391909 1.257000 0.570000
v 3.391909 1.257000 0.574000
v 3.391909 1.663000 0.570000
v 3.391909 1.663000 0.574000
f 4726 4728 4725
f 4729 4726 4725
f 4725 4728 4727
f 4727 4729 4725
f 4726 4732 4728
f 4730 4726 4729
f 4730 4732 4726
f 4728 4732 4727
f 4731 4729 4727
f 4727 4732 4731
f 4731 4730 4729
f 4732 4730 4731
o Mycka_kos_1_pricnik_6
v 3.441909 1.257000 0.570000
v 3.441909 1.257000 0.574000
v 3.441909 1.663000 0.570000
v 3.441909 1.663000 0.574000
v 3.445909 1.257000 0.570000
v 3.445909 1.257000 0.574000
v 3.445909 1.663000 0.570000
v 3.445909 1.663000 0.574000
f 4734 4736 4733
f 4737 4734 4733
f 4733 4736 4735
f 4735 4737 4733
f 4734 4740 4736
f 4738 4734 4737
f 4738 4740 4734
f 4736 4740 4735
f 4739 4737 4735
f 4735 4740 4739
f 4739 4738 4737
f 4740 4738 4739
o Mycka_kos_1_pricnik_7
v 3.495909 1.257000 0.570000
v 3.495909 1.257000 0.574000
v 3.495909 1.663000 0.570000
v 3.495909 1.663000 0.574000
v 3.499909 1.257000 0.570000
v 3.499909 1.257000 0.574000
v 3.499909 1.663000 0.570000
v 3.499909 1.663000 0.574000
f 4742 4744 4741
f 4745 4742 4741
f 4741 4744 4743
f 4743 4745 4741
f 4742 4748 4744
f 4746 4742 4745
f 4746 4748 4742
f 4744 4748 4743
f 4747 4745 4743
f 4743 4748 4747
f 4747 4746 4745
f 4748 4746 4747
o Mycka_kos_1_pricnik_8
v 3.549909 1.257000 0.570000
v 3.549909 1.257000 0.574000
v 3.549909 1.663000 0.570000
v 3.549909 1.663000 0.574000
v 3.553909 1.257000 0.570000
v 3.553909 1.257000 0.574000
v 3.553909 1.663000 0.570000
v 3.553909 1.663000 0.574000
f 4750 4752 4749
f 4753 4750 4749
f 4749 4752 4751
f 4751 4753 4749
f 4750 4756 4752
f 4754 4750 4753
f 4754 4756 4750
f 4752 4756 4751
f 4755 4753 4751
f 4751 4756 4755
f 4755 4754 4753
f 4756 4754 4755
o Mycka_kos_1_podelnik_0
v 3.104909 1.265000 0.574000
v 3.104909 1.265000 0.578000
v 3.104909 1.269000 0.574000
v 3.104909 1.269000 0.578000
v 3.607909 1.265000 0.574000
v 3.607909 1.265000 0.578000
v 3.607909 1.269000 0.574000
v 3.607909 1.269000 0.578000
f 4758 4760 4757
f 4761 4758 4757
f 4757 4760 4759
f 4759 4761 4757
f 4758 4764 4760
f 4762 4758 4761
f 4762 4764 4758
f 4760 4764 4759
f 4763 4761 4759
f 4759 4764 4763
f 4763 4762 4761
f 4764 4762 4763
o Mycka_kos_1_podelnik_1
v 3.104909 1.360000 0.574000
v 3.104909 1.360000 0.578000
v 3.104909 1.364000 0.574000
v 3.104909 1.364000 0.578000
v 3.607909 1.360000 0.574000
v 3.607909 1.360000 0.578000
v 3.607909 1.364000 0.574000
v 3.607909 1.364000 0.578000
f 4766 4768 4765
f 4769 4766 4765
f 4765 4768 4767
f 4767 4769 4765
f 4766 4772 4768
f 4770 4766 4769
f 4770 4772 4766
f 4768 4772 4767
f 4771 4769 4767
f 4767 4772 4771
f 4771 4770 4769
f 4772 4770 4771
o Mycka_kos_1_podelnik_2
v 3.104909 1.455000 0.574000
v 3.104909 1.455000 0.578000
v 3.104909 1.459000 0.574000
v 3.104909 1.459000 0.578000
v 3.607909 1.455000 0.574000
v 3.607909 1.455000 0.578000
v 3.607909 1.459000 0.574000
v 3.607909 1.459000 0.578000
f 4774 4776 4773
f 4777 4774 4773
f 4773 4776 4775
f 4775 4777 4773
f 4774 4780 4776
f 4778 4774 4777
f 4778 4780 4774
f 4776 4780 4775
f 4779 4777 4775
f 4775 4780 4779
f 4779 4778 4777
f 4780 4778 4779
o Mycka_kos_1_podelnik_3
v 3.104909 1.550000 0.574000
v 3.104909 1.550000 0.578000
v 3.104909 1.554000 0.574000
v 3.104909 1.554000 0.578000
v 3.607909 1.550000 0.574000
v 3.607909 1.550000 0.578000
v 3.607909 1.554000 0.574000
v 3.607909 1.554000 0.578000
f 4782 4784 4781
f 4785 4782 4781
f 4781 4784 4783
f 4783 4785 4781
f 4782 4788 4784
f 4786 4782 4785
f 4786 4788 4782
f 4784 4788 4783
f 4787 4785 4783
f 4783 4788 4787
f 4787 4786 4785
f 4788 4786 4787
o Mycka_kos_1_podelnik_4
v 3.104909 1.645000 0.574000
v 3.104909 1.645000 0.578000
v 3.104909 1.649000 0.574000
v 3.104909 1.649000 0.578000
v 3.607909 1.645000 0.574000
v 3.607909 1.645000 0.578000
v 3.607909 1.649000 0.574000
v 3.607909 1.649000 0.578000
f 4790 4792 4789
f 4793 4790 4789
f 4789 4792 4791
f 4791 4793 4789
f 4790 4796 4792
f 4794 4790 4793
f 4794 4796 4790
f 4792 4796 4791
f 4795 4793 4791
f 4791 4796 4795
f 4795 4794 4793
f 4796 4794 4795
o Mycka_dubove_celo
v 3.059909 1.237000 0.045000
v 3.059909 1.237000 0.840000
v 3.059909 1.683000 0.045000
v 3.059909 1.683000 0.840000
v 3.080909 1.237000 0.045000
v 3.080909 1.237000 0.840000
v 3.080909 1.683000 0.045000
v 3.080909 1.683000 0.840000
f 4798 4800 4797
f 4801 4798 4797
f 4797 4800 4799
f 4799 4801 4797
f 4798 4804 4800
f 4802 4798 4801
f 4802 4804 4798
f 4800 4804 4799
f 4803 4801 4799
f 4799 4804 4803
f 4803 4802 4801
f 4804 4802 4803
o Mycka_madlo
v 3.035909 1.350000 0.785000
v 3.035909 1.350000 0.801000
v 3.035909 1.570000 0.785000
v 3.035909 1.570000 0.801000
v 3.055909 1.350000 0.785000
v 3.055909 1.350000 0.801000
v 3.055909 1.570000 0.785000
v 3.055909 1.570000 0.801000
f 4806 4808 4805
f 4809 4806 4805
f 4805 4808 4807
f 4807 4809 4805
f 4806 4812 4808
f 4810 4806 4809
f 4810 4812 4806
f 4808 4812 4807
f 4811 4809 4807
f 4807 4812 4811
f 4811 4810 4809
f 4812 4810 4811
o Mycka_ovladani_na_horni_hrane
v 3.080909 1.270000 0.817000
v 3.080909 1.270000 0.839000
v 3.080909 1.650000 0.817000
v 3.080909 1.650000 0.839000
v 3.084909 1.270000 0.817000
v 3.084909 1.270000 0.839000
v 3.084909 1.650000 0.817000
v 3.084909 1.650000 0.839000
f 4814 4816 4813
f 4817 4814 4813
f 4813 4816 4815
f 4815 4817 4813
f 4814 4820 4816
f 4818 4814 4817
f 4818 4820 4814
f 4816 4820 4815
f 4819 4817 4815
f 4815 4820 4819
f 4819 4818 4817
f 4820 4818 4819
o Pricka_za_myckou
v 3.082909 1.695000 0.020000
v 3.082909 1.695000 0.860000
v 3.082909 1.715000 0.020000
v 3.082909 1.715000 0.860000
v 3.632909 1.695000 0.020000
v 3.632909 1.695000 0.860000
v 3.632909 1.715000 0.020000
v 3.632909 1.715000 0.860000
f 4822 4824 4821
f 4825 4822 4821
f 4821 4824 4823
f 4823 4825 4821
f 4822 4828 4824
f 4826 4822 4825
f 4826 4828 4822
f 4824 4828 4823
f 4827 4825 4823
f 4823 4828 4827
f 4827 4826 4825
f 4828 4826 4827
o Uzky_ulozny_modul_na_konci
v 3.055909 1.720000 0.104000
v 3.055909 1.720000 0.854000
v 3.055909 1.903000 0.104000
v 3.055909 1.903000 0.854000
v 3.080909 1.720000 0.104000
v 3.080909 1.720000 0.854000
v 3.080909 1.903000 0.104000
v 3.080909 1.903000 0.854000
f 4830 4832 4829
f 4833 4830 4829
f 4829 4832 4831
f 4831 4833 4829
f 4830 4836 4832
f 4834 4830 4833
f 4834 4836 4830
f 4832 4836 4831
f 4835 4833 4831
f 4831 4836 4835
f 4835 4834 4833
f 4836 4834 4835
o Madlo_uzkeho_modulu
v 3.033909 1.760000 0.807000
v 3.033909 1.760000 0.823000
v 3.033909 1.860000 0.807000
v 3.033909 1.860000 0.823000
v 3.051909 1.760000 0.807000
v 3.051909 1.760000 0.823000
v 3.051909 1.860000 0.807000
v 3.051909 1.860000 0.823000
f 4838 4840 4837
f 4841 4838 4837
f 4837 4840 4839
f 4839 4841 4837
f 4838 4844 4840
f 4842 4838 4841
f 4842 4844 4838
f 4840 4844 4839
f 4843 4841 4839
f 4839 4844 4843
f 4843 4842 4841
f 4844 4842 4843
o Luxfery_sokl
v 3.057909 1.910000 0.015000
v 3.057909 1.910000 0.050000
v 3.057909 1.990000 0.015000
v 3.057909 1.990000 0.050000
v 3.647909 1.910000 0.015000
v 3.647909 1.910000 0.050000
v 3.647909 1.990000 0.015000
v 3.647909 1.990000 0.050000
f 4846 4848 4845
f 4849 4846 4845
f 4845 4848 4847
f 4847 4849 4845
f 4846 4852 4848
f 4850 4846 4849
f 4850 4852 4846
f 4848 4852 4847
f 4851 4849 4847
f 4847 4852 4851
f 4851 4850 4849
f 4852 4850 4851
o Luxfera_1-1
v 3.243009 1.985000 0.050000
v 3.242728 1.986050 0.050000
v 3.241959 1.986819 0.050000
v 3.064909 1.987100 0.050000
v 3.063859 1.986819 0.050000
v 3.063090 1.986050 0.050000
v 3.062809 1.919000 0.050000
v 3.063090 1.917950 0.050000
v 3.063859 1.917181 0.050000
v 3.240909 1.916900 0.050000
v 3.241959 1.917181 0.050000
v 3.242728 1.917950 0.050000
v 3.247909 1.985000 0.054900
v 3.246971 1.988500 0.054900
v 3.244409 1.991062 0.054900
v 3.064909 1.992000 0.054900
v 3.061409 1.991062 0.054900
v 3.058847 1.988500 0.054900
v 3.057909 1.919000 0.054900
v 3.058847 1.915500 0.054900
v 3.061409 1.912938 0.054900
v 3.240909 1.912000 0.054900
v 3.244409 1.912938 0.054900
v 3.246971 1.915500 0.054900
v 3.247909 1.985000 0.235100
v 3.246971 1.988500 0.235100
v 3.244409 1.991062 0.235100
v 3.064909 1.992000 0.235100
v 3.061409 1.991062 0.235100
v 3.058847 1.988500 0.235100
v 3.057909 1.919000 0.235100
v 3.058847 1.915500 0.235100
v 3.061409 1.912938 0.235100
v 3.240909 1.912000 0.235100
v 3.244409 1.912938 0.235100
v 3.246971 1.915500 0.235100
v 3.243009 1.985000 0.240000
v 3.242728 1.986050 0.240000
v 3.241959 1.986819 0.240000
v 3.064909 1.987100 0.240000
v 3.063859 1.986819 0.240000
v 3.063090 1.986050 0.240000
v 3.062809 1.919000 0.240000
v 3.063090 1.917950 0.240000
v 3.063859 1.917181 0.240000
v 3.240909 1.916900 0.240000
v 3.241959 1.917181 0.240000
v 3.242728 1.917950 0.240000
f 4853 4854 4866
f 4853 4866 4865
f 4854 4855 4867
f 4854 4867 4866
f 4855 4856 4868
f 4855 4868 4867
f 4856 4857 4869
f 4856 4869 4868
f 4857 4858 4870
f 4857 4870 4869
f 4858 4859 4871
f 4858 4871 4870
f 4859 4860 4872
f 4859 4872 4871
f 4860 4861 4873
f 4860 4873 4872
f 4861 4862 4874
f 4861 4874 4873
f 4862 4863 4875
f 4862 4875 4874
f 4863 4864 4876
f 4863 4876 4875
f 4864 4853 4865
f 4864 4865 4876
f 4865 4866 4878
f 4865 4878 4877
f 4866 4867 4879
f 4866 4879 4878
f 4867 4868 4880
f 4867 4880 4879
f 4868 4869 4881
f 4868 4881 4880
f 4869 4870 4882
f 4869 4882 4881
f 4870 4871 4883
f 4870 4883 4882
f 4871 4872 4884
f 4871 4884 4883
f 4872 4873 4885
f 4872 4885 4884
f 4873 4874 4886
f 4873 4886 4885
f 4874 4875 4887
f 4874 4887 4886
f 4875 4876 4888
f 4875 4888 4887
f 4876 4865 4877
f 4876 4877 4888
f 4877 4878 4890
f 4877 4890 4889
f 4878 4879 4891
f 4878 4891 4890
f 4879 4880 4892
f 4879 4892 4891
f 4880 4881 4893
f 4880 4893 4892
f 4881 4882 4894
f 4881 4894 4893
f 4882 4883 4895
f 4882 4895 4894
f 4883 4884 4896
f 4883 4896 4895
f 4884 4885 4897
f 4884 4897 4896
f 4885 4886 4898
f 4885 4898 4897
f 4886 4887 4899
f 4886 4899 4898
f 4887 4888 4900
f 4887 4900 4899
f 4888 4877 4889
f 4888 4889 4900
f 4853 4855 4854
f 4889 4890 4891
f 4853 4856 4855
f 4889 4891 4892
f 4853 4857 4856
f 4889 4892 4893
f 4853 4858 4857
f 4889 4893 4894
f 4853 4859 4858
f 4889 4894 4895
f 4853 4860 4859
f 4889 4895 4896
f 4853 4861 4860
f 4889 4896 4897
f 4853 4862 4861
f 4889 4897 4898
f 4853 4863 4862
f 4889 4898 4899
f 4853 4864 4863
f 4889 4899 4900
o Luxfera_odlesk_0-0
v 3.072909 1.992100 0.072000
v 3.072909 1.992100 0.215000
v 3.072909 1.992700 0.072000
v 3.072909 1.992700 0.215000
v 3.080909 1.992100 0.072000
v 3.080909 1.992100 0.215000
v 3.080909 1.992700 0.072000
v 3.080909 1.992700 0.215000
f 4902 4904 4901
f 4905 4902 4901
f 4901 4904 4903
f 4903 4905 4901
f 4902 4908 4904
f 4906 4902 4905
f 4906 4908 4902
f 4904 4908 4903
f 4907 4905 4903
f 4903 4908 4907
f 4907 4906 4905
f 4908 4906 4907
o Luxfera_1-2
v 3.243009 1.985000 0.250000
v 3.242728 1.986050 0.250000
v 3.241959 1.986819 0.250000
v 3.064909 1.987100 0.250000
v 3.063859 1.986819 0.250000
v 3.063090 1.986050 0.250000
v 3.062809 1.919000 0.250000
v 3.063090 1.917950 0.250000
v 3.063859 1.917181 0.250000
v 3.240909 1.916900 0.250000
v 3.241959 1.917181 0.250000
v 3.242728 1.917950 0.250000
v 3.247909 1.985000 0.254900
v 3.246971 1.988500 0.254900
v 3.244409 1.991062 0.254900
v 3.064909 1.992000 0.254900
v 3.061409 1.991062 0.254900
v 3.058847 1.988500 0.254900
v 3.057909 1.919000 0.254900
v 3.058847 1.915500 0.254900
v 3.061409 1.912938 0.254900
v 3.240909 1.912000 0.254900
v 3.244409 1.912938 0.254900
v 3.246971 1.915500 0.254900
v 3.247909 1.985000 0.435100
v 3.246971 1.988500 0.435100
v 3.244409 1.991062 0.435100
v 3.064909 1.992000 0.435100
v 3.061409 1.991062 0.435100
v 3.058847 1.988500 0.435100
v 3.057909 1.919000 0.435100
v 3.058847 1.915500 0.435100
v 3.061409 1.912938 0.435100
v 3.240909 1.912000 0.435100
v 3.244409 1.912938 0.435100
v 3.246971 1.915500 0.435100
v 3.243009 1.985000 0.440000
v 3.242728 1.986050 0.440000
v 3.241959 1.986819 0.440000
v 3.064909 1.987100 0.440000
v 3.063859 1.986819 0.440000
v 3.063090 1.986050 0.440000
v 3.062809 1.919000 0.440000
v 3.063090 1.917950 0.440000
v 3.063859 1.917181 0.440000
v 3.240909 1.916900 0.440000
v 3.241959 1.917181 0.440000
v 3.242728 1.917950 0.440000
f 4909 4910 4922
f 4909 4922 4921
f 4910 4911 4923
f 4910 4923 4922
f 4911 4912 4924
f 4911 4924 4923
f 4912 4913 4925
f 4912 4925 4924
f 4913 4914 4926
f 4913 4926 4925
f 4914 4915 4927
f 4914 4927 4926
f 4915 4916 4928
f 4915 4928 4927
f 4916 4917 4929
f 4916 4929 4928
f 4917 4918 4930
f 4917 4930 4929
f 4918 4919 4931
f 4918 4931 4930
f 4919 4920 4932
f 4919 4932 4931
f 4920 4909 4921
f 4920 4921 4932
f 4921 4922 4934
f 4921 4934 4933
f 4922 4923 4935
f 4922 4935 4934
f 4923 4924 4936
f 4923 4936 4935
f 4924 4925 4937
f 4924 4937 4936
f 4925 4926 4938
f 4925 4938 4937
f 4926 4927 4939
f 4926 4939 4938
f 4927 4928 4940
f 4927 4940 4939
f 4928 4929 4941
f 4928 4941 4940
f 4929 4930 4942
f 4929 4942 4941
f 4930 4931 4943
f 4930 4943 4942
f 4931 4932 4944
f 4931 4944 4943
f 4932 4921 4933
f 4932 4933 4944
f 4933 4934 4946
f 4933 4946 4945
f 4934 4935 4947
f 4934 4947 4946
f 4935 4936 4948
f 4935 4948 4947
f 4936 4937 4949
f 4936 4949 4948
f 4937 4938 4950
f 4937 4950 4949
f 4938 4939 4951
f 4938 4951 4950
f 4939 4940 4952
f 4939 4952 4951
f 4940 4941 4953
f 4940 4953 4952
f 4941 4942 4954
f 4941 4954 4953
f 4942 4943 4955
f 4942 4955 4954
f 4943 4944 4956
f 4943 4956 4955
f 4944 4933 4945
f 4944 4945 4956
f 4909 4911 4910
f 4945 4946 4947
f 4909 4912 4911
f 4945 4947 4948
f 4909 4913 4912
f 4945 4948 4949
f 4909 4914 4913
f 4945 4949 4950
f 4909 4915 4914
f 4945 4950 4951
f 4909 4916 4915
f 4945 4951 4952
f 4909 4917 4916
f 4945 4952 4953
f 4909 4918 4917
f 4945 4953 4954
f 4909 4919 4918
f 4945 4954 4955
f 4909 4920 4919
f 4945 4955 4956
o Luxfera_odlesk_0-1
v 3.072909 1.992100 0.272000
v 3.072909 1.992100 0.415000
v 3.072909 1.992700 0.272000
v 3.072909 1.992700 0.415000
v 3.080909 1.992100 0.272000
v 3.080909 1.992100 0.415000
v 3.080909 1.992700 0.272000
v 3.080909 1.992700 0.415000
f 4958 4960 4957
f 4961 4958 4957
f 4957 4960 4959
f 4959 4961 4957
f 4958 4964 4960
f 4962 4958 4961
f 4962 4964 4958
f 4960 4964 4959
f 4963 4961 4959
f 4959 4964 4963
f 4963 4962 4961
f 4964 4962 4963
o Luxfera_1-3
v 3.243009 1.985000 0.450000
v 3.242728 1.986050 0.450000
v 3.241959 1.986819 0.450000
v 3.064909 1.987100 0.450000
v 3.063859 1.986819 0.450000
v 3.063090 1.986050 0.450000
v 3.062809 1.919000 0.450000
v 3.063090 1.917950 0.450000
v 3.063859 1.917181 0.450000
v 3.240909 1.916900 0.450000
v 3.241959 1.917181 0.450000
v 3.242728 1.917950 0.450000
v 3.247909 1.985000 0.454900
v 3.246971 1.988500 0.454900
v 3.244409 1.991062 0.454900
v 3.064909 1.992000 0.454900
v 3.061409 1.991062 0.454900
v 3.058847 1.988500 0.454900
v 3.057909 1.919000 0.454900
v 3.058847 1.915500 0.454900
v 3.061409 1.912938 0.454900
v 3.240909 1.912000 0.454900
v 3.244409 1.912938 0.454900
v 3.246971 1.915500 0.454900
v 3.247909 1.985000 0.635100
v 3.246971 1.988500 0.635100
v 3.244409 1.991062 0.635100
v 3.064909 1.992000 0.635100
v 3.061409 1.991062 0.635100
v 3.058847 1.988500 0.635100
v 3.057909 1.919000 0.635100
v 3.058847 1.915500 0.635100
v 3.061409 1.912938 0.635100
v 3.240909 1.912000 0.635100
v 3.244409 1.912938 0.635100
v 3.246971 1.915500 0.635100
v 3.243009 1.985000 0.640000
v 3.242728 1.986050 0.640000
v 3.241959 1.986819 0.640000
v 3.064909 1.987100 0.640000
v 3.063859 1.986819 0.640000
v 3.063090 1.986050 0.640000
v 3.062809 1.919000 0.640000
v 3.063090 1.917950 0.640000
v 3.063859 1.917181 0.640000
v 3.240909 1.916900 0.640000
v 3.241959 1.917181 0.640000
v 3.242728 1.917950 0.640000
f 4965 4966 4978
f 4965 4978 4977
f 4966 4967 4979
f 4966 4979 4978
f 4967 4968 4980
f 4967 4980 4979
f 4968 4969 4981
f 4968 4981 4980
f 4969 4970 4982
f 4969 4982 4981
f 4970 4971 4983
f 4970 4983 4982
f 4971 4972 4984
f 4971 4984 4983
f 4972 4973 4985
f 4972 4985 4984
f 4973 4974 4986
f 4973 4986 4985
f 4974 4975 4987
f 4974 4987 4986
f 4975 4976 4988
f 4975 4988 4987
f 4976 4965 4977
f 4976 4977 4988
f 4977 4978 4990
f 4977 4990 4989
f 4978 4979 4991
f 4978 4991 4990
f 4979 4980 4992
f 4979 4992 4991
f 4980 4981 4993
f 4980 4993 4992
f 4981 4982 4994
f 4981 4994 4993
f 4982 4983 4995
f 4982 4995 4994
f 4983 4984 4996
f 4983 4996 4995
f 4984 4985 4997
f 4984 4997 4996
f 4985 4986 4998
f 4985 4998 4997
f 4986 4987 4999
f 4986 4999 4998
f 4987 4988 5000
f 4987 5000 4999
f 4988 4977 4989
f 4988 4989 5000
f 4989 4990 5002
f 4989 5002 5001
f 4990 4991 5003
f 4990 5003 5002
f 4991 4992 5004
f 4991 5004 5003
f 4992 4993 5005
f 4992 5005 5004
f 4993 4994 5006
f 4993 5006 5005
f 4994 4995 5007
f 4994 5007 5006
f 4995 4996 5008
f 4995 5008 5007
f 4996 4997 5009
f 4996 5009 5008
f 4997 4998 5010
f 4997 5010 5009
f 4998 4999 5011
f 4998 5011 5010
f 4999 5000 5012
f 4999 5012 5011
f 5000 4989 5001
f 5000 5001 5012
f 4965 4967 4966
f 5001 5002 5003
f 4965 4968 4967
f 5001 5003 5004
f 4965 4969 4968
f 5001 5004 5005
f 4965 4970 4969
f 5001 5005 5006
f 4965 4971 4970
f 5001 5006 5007
f 4965 4972 4971
f 5001 5007 5008
f 4965 4973 4972
f 5001 5008 5009
f 4965 4974 4973
f 5001 5009 5010
f 4965 4975 4974
f 5001 5010 5011
f 4965 4976 4975
f 5001 5011 5012
o Luxfera_odlesk_0-2
v 3.072909 1.992100 0.472000
v 3.072909 1.992100 0.615000
v 3.072909 1.992700 0.472000
v 3.072909 1.992700 0.615000
v 3.080909 1.992100 0.472000
v 3.080909 1.992100 0.615000
v 3.080909 1.992700 0.472000
v 3.080909 1.992700 0.615000
f 5014 5016 5013
f 5017 5014 5013
f 5013 5016 5015
f 5015 5017 5013
f 5014 5020 5016
f 5018 5014 5017
f 5018 5020 5014
f 5016 5020 5015
f 5019 5017 5015
f 5015 5020 5019
f 5019 5018 5017
f 5020 5018 5019
o Luxfera_1-4
v 3.243009 1.985000 0.650000
v 3.242728 1.986050 0.650000
v 3.241959 1.986819 0.650000
v 3.064909 1.987100 0.650000
v 3.063859 1.986819 0.650000
v 3.063090 1.986050 0.650000
v 3.062809 1.919000 0.650000
v 3.063090 1.917950 0.650000
v 3.063859 1.917181 0.650000
v 3.240909 1.916900 0.650000
v 3.241959 1.917181 0.650000
v 3.242728 1.917950 0.650000
v 3.247909 1.985000 0.654900
v 3.246971 1.988500 0.654900
v 3.244409 1.991062 0.654900
v 3.064909 1.992000 0.654900
v 3.061409 1.991062 0.654900
v 3.058847 1.988500 0.654900
v 3.057909 1.919000 0.654900
v 3.058847 1.915500 0.654900
v 3.061409 1.912938 0.654900
v 3.240909 1.912000 0.654900
v 3.244409 1.912938 0.654900
v 3.246971 1.915500 0.654900
v 3.247909 1.985000 0.835100
v 3.246971 1.988500 0.835100
v 3.244409 1.991062 0.835100
v 3.064909 1.992000 0.835100
v 3.061409 1.991062 0.835100
v 3.058847 1.988500 0.835100
v 3.057909 1.919000 0.835100
v 3.058847 1.915500 0.835100
v 3.061409 1.912938 0.835100
v 3.240909 1.912000 0.835100
v 3.244409 1.912938 0.835100
v 3.246971 1.915500 0.835100
v 3.243009 1.985000 0.840000
v 3.242728 1.986050 0.840000
v 3.241959 1.986819 0.840000
v 3.064909 1.987100 0.840000
v 3.063859 1.986819 0.840000
v 3.063090 1.986050 0.840000
v 3.062809 1.919000 0.840000
v 3.063090 1.917950 0.840000
v 3.063859 1.917181 0.840000
v 3.240909 1.916900 0.840000
v 3.241959 1.917181 0.840000
v 3.242728 1.917950 0.840000
f 5021 5022 5034
f 5021 5034 5033
f 5022 5023 5035
f 5022 5035 5034
f 5023 5024 5036
f 5023 5036 5035
f 5024 5025 5037
f 5024 5037 5036
f 5025 5026 5038
f 5025 5038 5037
f 5026 5027 5039
f 5026 5039 5038
f 5027 5028 5040
f 5027 5040 5039
f 5028 5029 5041
f 5028 5041 5040
f 5029 5030 5042
f 5029 5042 5041
f 5030 5031 5043
f 5030 5043 5042
f 5031 5032 5044
f 5031 5044 5043
f 5032 5021 5033
f 5032 5033 5044
f 5033 5034 5046
f 5033 5046 5045
f 5034 5035 5047
f 5034 5047 5046
f 5035 5036 5048
f 5035 5048 5047
f 5036 5037 5049
f 5036 5049 5048
f 5037 5038 5050
f 5037 5050 5049
f 5038 5039 5051
f 5038 5051 5050
f 5039 5040 5052
f 5039 5052 5051
f 5040 5041 5053
f 5040 5053 5052
f 5041 5042 5054
f 5041 5054 5053
f 5042 5043 5055
f 5042 5055 5054
f 5043 5044 5056
f 5043 5056 5055
f 5044 5033 5045
f 5044 5045 5056
f 5045 5046 5058
f 5045 5058 5057
f 5046 5047 5059
f 5046 5059 5058
f 5047 5048 5060
f 5047 5060 5059
f 5048 5049 5061
f 5048 5061 5060
f 5049 5050 5062
f 5049 5062 5061
f 5050 5051 5063
f 5050 5063 5062
f 5051 5052 5064
f 5051 5064 5063
f 5052 5053 5065
f 5052 5065 5064
f 5053 5054 5066
f 5053 5066 5065
f 5054 5055 5067
f 5054 5067 5066
f 5055 5056 5068
f 5055 5068 5067
f 5056 5045 5057
f 5056 5057 5068
f 5021 5023 5022
f 5057 5058 5059
f 5021 5024 5023
f 5057 5059 5060
f 5021 5025 5024
f 5057 5060 5061
f 5021 5026 5025
f 5057 5061 5062
f 5021 5027 5026
f 5057 5062 5063
f 5021 5028 5027
f 5057 5063 5064
f 5021 5029 5028
f 5057 5064 5065
f 5021 5030 5029
f 5057 5065 5066
f 5021 5031 5030
f 5057 5066 5067
f 5021 5032 5031
f 5057 5067 5068
o Luxfera_odlesk_0-3
v 3.072909 1.992100 0.672000
v 3.072909 1.992100 0.815000
v 3.072909 1.992700 0.672000
v 3.072909 1.992700 0.815000
v 3.080909 1.992100 0.672000
v 3.080909 1.992100 0.815000
v 3.080909 1.992700 0.672000
v 3.080909 1.992700 0.815000
f 5070 5072 5069
f 5073 5070 5069
f 5069 5072 5071
f 5071 5073 5069
f 5070 5076 5072
f 5074 5070 5073
f 5074 5076 5070
f 5072 5076 5071
f 5075 5073 5071
f 5071 5076 5075
f 5075 5074 5073
f 5076 5074 5075
o Luxfera_2-1
v 3.443009 1.985000 0.050000
v 3.442728 1.986050 0.050000
v 3.441959 1.986819 0.050000
v 3.264909 1.987100 0.050000
v 3.263859 1.986819 0.050000
v 3.263090 1.986050 0.050000
v 3.262809 1.919000 0.050000
v 3.263090 1.917950 0.050000
v 3.263859 1.917181 0.050000
v 3.440909 1.916900 0.050000
v 3.441959 1.917181 0.050000
v 3.442728 1.917950 0.050000
v 3.447909 1.985000 0.054900
v 3.446971 1.988500 0.054900
v 3.444409 1.991062 0.054900
v 3.264909 1.992000 0.054900
v 3.261409 1.991062 0.054900
v 3.258847 1.988500 0.054900
v 3.257909 1.919000 0.054900
v 3.258847 1.915500 0.054900
v 3.261409 1.912938 0.054900
v 3.440909 1.912000 0.054900
v 3.444409 1.912938 0.054900
v 3.446971 1.915500 0.054900
v 3.447909 1.985000 0.235100
v 3.446971 1.988500 0.235100
v 3.444409 1.991062 0.235100
v 3.264909 1.992000 0.235100
v 3.261409 1.991062 0.235100
v 3.258847 1.988500 0.235100
v 3.257909 1.919000 0.235100
v 3.258847 1.915500 0.235100
v 3.261409 1.912938 0.235100
v 3.440909 1.912000 0.235100
v 3.444409 1.912938 0.235100
v 3.446971 1.915500 0.235100
v 3.443009 1.985000 0.240000
v 3.442728 1.986050 0.240000
v 3.441959 1.986819 0.240000
v 3.264909 1.987100 0.240000
v 3.263859 1.986819 0.240000
v 3.263090 1.986050 0.240000
v 3.262809 1.919000 0.240000
v 3.263090 1.917950 0.240000
v 3.263859 1.917181 0.240000
v 3.440909 1.916900 0.240000
v 3.441959 1.917181 0.240000
v 3.442728 1.917950 0.240000
f 5077 5078 5090
f 5077 5090 5089
f 5078 5079 5091
f 5078 5091 5090
f 5079 5080 5092
f 5079 5092 5091
f 5080 5081 5093
f 5080 5093 5092
f 5081 5082 5094
f 5081 5094 5093
f 5082 5083 5095
f 5082 5095 5094
f 5083 5084 5096
f 5083 5096 5095
f 5084 5085 5097
f 5084 5097 5096
f 5085 5086 5098
f 5085 5098 5097
f 5086 5087 5099
f 5086 5099 5098
f 5087 5088 5100
f 5087 5100 5099
f 5088 5077 5089
f 5088 5089 5100
f 5089 5090 5102
f 5089 5102 5101
f 5090 5091 5103
f 5090 5103 5102
f 5091 5092 5104
f 5091 5104 5103
f 5092 5093 5105
f 5092 5105 5104
f 5093 5094 5106
f 5093 5106 5105
f 5094 5095 5107
f 5094 5107 5106
f 5095 5096 5108
f 5095 5108 5107
f 5096 5097 5109
f 5096 5109 5108
f 5097 5098 5110
f 5097 5110 5109
f 5098 5099 5111
f 5098 5111 5110
f 5099 5100 5112
f 5099 5112 5111
f 5100 5089 5101
f 5100 5101 5112
f 5101 5102 5114
f 5101 5114 5113
f 5102 5103 5115
f 5102 5115 5114
f 5103 5104 5116
f 5103 5116 5115
f 5104 5105 5117
f 5104 5117 5116
f 5105 5106 5118
f 5105 5118 5117
f 5106 5107 5119
f 5106 5119 5118
f 5107 5108 5120
f 5107 5120 5119
f 5108 5109 5121
f 5108 5121 5120
f 5109 5110 5122
f 5109 5122 5121
f 5110 5111 5123
f 5110 5123 5122
f 5111 5112 5124
f 5111 5124 5123
f 5112 5101 5113
f 5112 5113 5124
f 5077 5079 5078
f 5113 5114 5115
f 5077 5080 5079
f 5113 5115 5116
f 5077 5081 5080
f 5113 5116 5117
f 5077 5082 5081
f 5113 5117 5118
f 5077 5083 5082
f 5113 5118 5119
f 5077 5084 5083
f 5113 5119 5120
f 5077 5085 5084
f 5113 5120 5121
f 5077 5086 5085
f 5113 5121 5122
f 5077 5087 5086
f 5113 5122 5123
f 5077 5088 5087
f 5113 5123 5124
o Luxfera_odlesk_1-0
v 3.272909 1.992100 0.072000
v 3.272909 1.992100 0.215000
v 3.272909 1.992700 0.072000
v 3.272909 1.992700 0.215000
v 3.280909 1.992100 0.072000
v 3.280909 1.992100 0.215000
v 3.280909 1.992700 0.072000
v 3.280909 1.992700 0.215000
f 5126 5128 5125
f 5129 5126 5125
f 5125 5128 5127
f 5127 5129 5125
f 5126 5132 5128
f 5130 5126 5129
f 5130 5132 5126
f 5128 5132 5127
f 5131 5129 5127
f 5127 5132 5131
f 5131 5130 5129
f 5132 5130 5131
o Luxfera_2-2
v 3.443009 1.985000 0.250000
v 3.442728 1.986050 0.250000
v 3.441959 1.986819 0.250000
v 3.264909 1.987100 0.250000
v 3.263859 1.986819 0.250000
v 3.263090 1.986050 0.250000
v 3.262809 1.919000 0.250000
v 3.263090 1.917950 0.250000
v 3.263859 1.917181 0.250000
v 3.440909 1.916900 0.250000
v 3.441959 1.917181 0.250000
v 3.442728 1.917950 0.250000
v 3.447909 1.985000 0.254900
v 3.446971 1.988500 0.254900
v 3.444409 1.991062 0.254900
v 3.264909 1.992000 0.254900
v 3.261409 1.991062 0.254900
v 3.258847 1.988500 0.254900
v 3.257909 1.919000 0.254900
v 3.258847 1.915500 0.254900
v 3.261409 1.912938 0.254900
v 3.440909 1.912000 0.254900
v 3.444409 1.912938 0.254900
v 3.446971 1.915500 0.254900
v 3.447909 1.985000 0.435100
v 3.446971 1.988500 0.435100
v 3.444409 1.991062 0.435100
v 3.264909 1.992000 0.435100
v 3.261409 1.991062 0.435100
v 3.258847 1.988500 0.435100
v 3.257909 1.919000 0.435100
v 3.258847 1.915500 0.435100
v 3.261409 1.912938 0.435100
v 3.440909 1.912000 0.435100
v 3.444409 1.912938 0.435100
v 3.446971 1.915500 0.435100
v 3.443009 1.985000 0.440000
v 3.442728 1.986050 0.440000
v 3.441959 1.986819 0.440000
v 3.264909 1.987100 0.440000
v 3.263859 1.986819 0.440000
v 3.263090 1.986050 0.440000
v 3.262809 1.919000 0.440000
v 3.263090 1.917950 0.440000
v 3.263859 1.917181 0.440000
v 3.440909 1.916900 0.440000
v 3.441959 1.917181 0.440000
v 3.442728 1.917950 0.440000
f 5133 5134 5146
f 5133 5146 5145
f 5134 5135 5147
f 5134 5147 5146
f 5135 5136 5148
f 5135 5148 5147
f 5136 5137 5149
f 5136 5149 5148
f 5137 5138 5150
f 5137 5150 5149
f 5138 5139 5151
f 5138 5151 5150
f 5139 5140 5152
f 5139 5152 5151
f 5140 5141 5153
f 5140 5153 5152
f 5141 5142 5154
f 5141 5154 5153
f 5142 5143 5155
f 5142 5155 5154
f 5143 5144 5156
f 5143 5156 5155
f 5144 5133 5145
f 5144 5145 5156
f 5145 5146 5158
f 5145 5158 5157
f 5146 5147 5159
f 5146 5159 5158
f 5147 5148 5160
f 5147 5160 5159
f 5148 5149 5161
f 5148 5161 5160
f 5149 5150 5162
f 5149 5162 5161
f 5150 5151 5163
f 5150 5163 5162
f 5151 5152 5164
f 5151 5164 5163
f 5152 5153 5165
f 5152 5165 5164
f 5153 5154 5166
f 5153 5166 5165
f 5154 5155 5167
f 5154 5167 5166
f 5155 5156 5168
f 5155 5168 5167
f 5156 5145 5157
f 5156 5157 5168
f 5157 5158 5170
f 5157 5170 5169
f 5158 5159 5171
f 5158 5171 5170
f 5159 5160 5172
f 5159 5172 5171
f 5160 5161 5173
f 5160 5173 5172
f 5161 5162 5174
f 5161 5174 5173
f 5162 5163 5175
f 5162 5175 5174
f 5163 5164 5176
f 5163 5176 5175
f 5164 5165 5177
f 5164 5177 5176
f 5165 5166 5178
f 5165 5178 5177
f 5166 5167 5179
f 5166 5179 5178
f 5167 5168 5180
f 5167 5180 5179
f 5168 5157 5169
f 5168 5169 5180
f 5133 5135 5134
f 5169 5170 5171
f 5133 5136 5135
f 5169 5171 5172
f 5133 5137 5136
f 5169 5172 5173
f 5133 5138 5137
f 5169 5173 5174
f 5133 5139 5138
f 5169 5174 5175
f 5133 5140 5139
f 5169 5175 5176
f 5133 5141 5140
f 5169 5176 5177
f 5133 5142 5141
f 5169 5177 5178
f 5133 5143 5142
f 5169 5178 5179
f 5133 5144 5143
f 5169 5179 5180
o Luxfera_odlesk_1-1
v 3.272909 1.992100 0.272000
v 3.272909 1.992100 0.415000
v 3.272909 1.992700 0.272000
v 3.272909 1.992700 0.415000
v 3.280909 1.992100 0.272000
v 3.280909 1.992100 0.415000
v 3.280909 1.992700 0.272000
v 3.280909 1.992700 0.415000
f 5182 5184 5181
f 5185 5182 5181
f 5181 5184 5183
f 5183 5185 5181
f 5182 5188 5184
f 5186 5182 5185
f 5186 5188 5182
f 5184 5188 5183
f 5187 5185 5183
f 5183 5188 5187
f 5187 5186 5185
f 5188 5186 5187
o Luxfera_2-3
v 3.443009 1.985000 0.450000
v 3.442728 1.986050 0.450000
v 3.441959 1.986819 0.450000
v 3.264909 1.987100 0.450000
v 3.263859 1.986819 0.450000
v 3.263090 1.986050 0.450000
v 3.262809 1.919000 0.450000
v 3.263090 1.917950 0.450000
v 3.263859 1.917181 0.450000
v 3.440909 1.916900 0.450000
v 3.441959 1.917181 0.450000
v 3.442728 1.917950 0.450000
v 3.447909 1.985000 0.454900
v 3.446971 1.988500 0.454900
v 3.444409 1.991062 0.454900
v 3.264909 1.992000 0.454900
v 3.261409 1.991062 0.454900
v 3.258847 1.988500 0.454900
v 3.257909 1.919000 0.454900
v 3.258847 1.915500 0.454900
v 3.261409 1.912938 0.454900
v 3.440909 1.912000 0.454900
v 3.444409 1.912938 0.454900
v 3.446971 1.915500 0.454900
v 3.447909 1.985000 0.635100
v 3.446971 1.988500 0.635100
v 3.444409 1.991062 0.635100
v 3.264909 1.992000 0.635100
v 3.261409 1.991062 0.635100
v 3.258847 1.988500 0.635100
v 3.257909 1.919000 0.635100
v 3.258847 1.915500 0.635100
v 3.261409 1.912938 0.635100
v 3.440909 1.912000 0.635100
v 3.444409 1.912938 0.635100
v 3.446971 1.915500 0.635100
v 3.443009 1.985000 0.640000
v 3.442728 1.986050 0.640000
v 3.441959 1.986819 0.640000
v 3.264909 1.987100 0.640000
v 3.263859 1.986819 0.640000
v 3.263090 1.986050 0.640000
v 3.262809 1.919000 0.640000
v 3.263090 1.917950 0.640000
v 3.263859 1.917181 0.640000
v 3.440909 1.916900 0.640000
v 3.441959 1.917181 0.640000
v 3.442728 1.917950 0.640000
f 5189 5190 5202
f 5189 5202 5201
f 5190 5191 5203
f 5190 5203 5202
f 5191 5192 5204
f 5191 5204 5203
f 5192 5193 5205
f 5192 5205 5204
f 5193 5194 5206
f 5193 5206 5205
f 5194 5195 5207
f 5194 5207 5206
f 5195 5196 5208
f 5195 5208 5207
f 5196 5197 5209
f 5196 5209 5208
f 5197 5198 5210
f 5197 5210 5209
f 5198 5199 5211
f 5198 5211 5210
f 5199 5200 5212
f 5199 5212 5211
f 5200 5189 5201
f 5200 5201 5212
f 5201 5202 5214
f 5201 5214 5213
f 5202 5203 5215
f 5202 5215 5214
f 5203 5204 5216
f 5203 5216 5215
f 5204 5205 5217
f 5204 5217 5216
f 5205 5206 5218
f 5205 5218 5217
f 5206 5207 5219
f 5206 5219 5218
f 5207 5208 5220
f 5207 5220 5219
f 5208 5209 5221
f 5208 5221 5220
f 5209 5210 5222
f 5209 5222 5221
f 5210 5211 5223
f 5210 5223 5222
f 5211 5212 5224
f 5211 5224 5223
f 5212 5201 5213
f 5212 5213 5224
f 5213 5214 5226
f 5213 5226 5225
f 5214 5215 5227
f 5214 5227 5226
f 5215 5216 5228
f 5215 5228 5227
f 5216 5217 5229
f 5216 5229 5228
f 5217 5218 5230
f 5217 5230 5229
f 5218 5219 5231
f 5218 5231 5230
f 5219 5220 5232
f 5219 5232 5231
f 5220 5221 5233
f 5220 5233 5232
f 5221 5222 5234
f 5221 5234 5233
f 5222 5223 5235
f 5222 5235 5234
f 5223 5224 5236
f 5223 5236 5235
f 5224 5213 5225
f 5224 5225 5236
f 5189 5191 5190
f 5225 5226 5227
f 5189 5192 5191
f 5225 5227 5228
f 5189 5193 5192
f 5225 5228 5229
f 5189 5194 5193
f 5225 5229 5230
f 5189 5195 5194
f 5225 5230 5231
f 5189 5196 5195
f 5225 5231 5232
f 5189 5197 5196
f 5225 5232 5233
f 5189 5198 5197
f 5225 5233 5234
f 5189 5199 5198
f 5225 5234 5235
f 5189 5200 5199
f 5225 5235 5236
o Luxfera_odlesk_1-2
v 3.272909 1.992100 0.472000
v 3.272909 1.992100 0.615000
v 3.272909 1.992700 0.472000
v 3.272909 1.992700 0.615000
v 3.280909 1.992100 0.472000
v 3.280909 1.992100 0.615000
v 3.280909 1.992700 0.472000
v 3.280909 1.992700 0.615000
f 5238 5240 5237
f 5241 5238 5237
f 5237 5240 5239
f 5239 5241 5237
f 5238 5244 5240
f 5242 5238 5241
f 5242 5244 5238
f 5240 5244 5239
f 5243 5241 5239
f 5239 5244 5243
f 5243 5242 5241
f 5244 5242 5243
o Luxfera_2-4
v 3.443009 1.985000 0.650000
v 3.442728 1.986050 0.650000
v 3.441959 1.986819 0.650000
v 3.264909 1.987100 0.650000
v 3.263859 1.986819 0.650000
v 3.263090 1.986050 0.650000
v 3.262809 1.919000 0.650000
v 3.263090 1.917950 0.650000
v 3.263859 1.917181 0.650000
v 3.440909 1.916900 0.650000
v 3.441959 1.917181 0.650000
v 3.442728 1.917950 0.650000
v 3.447909 1.985000 0.654900
v 3.446971 1.988500 0.654900
v 3.444409 1.991062 0.654900
v 3.264909 1.992000 0.654900
v 3.261409 1.991062 0.654900
v 3.258847 1.988500 0.654900
v 3.257909 1.919000 0.654900
v 3.258847 1.915500 0.654900
v 3.261409 1.912938 0.654900
v 3.440909 1.912000 0.654900
v 3.444409 1.912938 0.654900
v 3.446971 1.915500 0.654900
v 3.447909 1.985000 0.835100
v 3.446971 1.988500 0.835100
v 3.444409 1.991062 0.835100
v 3.264909 1.992000 0.835100
v 3.261409 1.991062 0.835100
v 3.258847 1.988500 0.835100
v 3.257909 1.919000 0.835100
v 3.258847 1.915500 0.835100
v 3.261409 1.912938 0.835100
v 3.440909 1.912000 0.835100
v 3.444409 1.912938 0.835100
v 3.446971 1.915500 0.835100
v 3.443009 1.985000 0.840000
v 3.442728 1.986050 0.840000
v 3.441959 1.986819 0.840000
v 3.264909 1.987100 0.840000
v 3.263859 1.986819 0.840000
v 3.263090 1.986050 0.840000
v 3.262809 1.919000 0.840000
v 3.263090 1.917950 0.840000
v 3.263859 1.917181 0.840000
v 3.440909 1.916900 0.840000
v 3.441959 1.917181 0.840000
v 3.442728 1.917950 0.840000
f 5245 5246 5258
f 5245 5258 5257
f 5246 5247 5259
f 5246 5259 5258
f 5247 5248 5260
f 5247 5260 5259
f 5248 5249 5261
f 5248 5261 5260
f 5249 5250 5262
f 5249 5262 5261
f 5250 5251 5263
f 5250 5263 5262
f 5251 5252 5264
f 5251 5264 5263
f 5252 5253 5265
f 5252 5265 5264
f 5253 5254 5266
f 5253 5266 5265
f 5254 5255 5267
f 5254 5267 5266
f 5255 5256 5268
f 5255 5268 5267
f 5256 5245 5257
f 5256 5257 5268
f 5257 5258 5270
f 5257 5270 5269
f 5258 5259 5271
f 5258 5271 5270
f 5259 5260 5272
f 5259 5272 5271
f 5260 5261 5273
f 5260 5273 5272
f 5261 5262 5274
f 5261 5274 5273
f 5262 5263 5275
f 5262 5275 5274
f 5263 5264 5276
f 5263 5276 5275
f 5264 5265 5277
f 5264 5277 5276
f 5265 5266 5278
f 5265 5278 5277
f 5266 5267 5279
f 5266 5279 5278
f 5267 5268 5280
f 5267 5280 5279
f 5268 5257 5269
f 5268 5269 5280
f 5269 5270 5282
f 5269 5282 5281
f 5270 5271 5283
f 5270 5283 5282
f 5271 5272 5284
f 5271 5284 5283
f 5272 5273 5285
f 5272 5285 5284
f 5273 5274 5286
f 5273 5286 5285
f 5274 5275 5287
f 5274 5287 5286
f 5275 5276 5288
f 5275 5288 5287
f 5276 5277 5289
f 5276 5289 5288
f 5277 5278 5290
f 5277 5290 5289
f 5278 5279 5291
f 5278 5291 5290
f 5279 5280 5292
f 5279 5292 5291
f 5280 5269 5281
f 5280 5281 5292
f 5245 5247 5246
f 5281 5282 5283
f 5245 5248 5247
f 5281 5283 5284
f 5245 5249 5248
f 5281 5284 5285
f 5245 5250 5249
f 5281 5285 5286
f 5245 5251 5250
f 5281 5286 5287
f 5245 5252 5251
f 5281 5287 5288
f 5245 5253 5252
f 5281 5288 5289
f 5245 5254 5253
f 5281 5289 5290
f 5245 5255 5254
f 5281 5290 5291
f 5245 5256 5255
f 5281 5291 5292
o Luxfera_odlesk_1-3
v 3.272909 1.992100 0.672000
v 3.272909 1.992100 0.815000
v 3.272909 1.992700 0.672000
v 3.272909 1.992700 0.815000
v 3.280909 1.992100 0.672000
v 3.280909 1.992100 0.815000
v 3.280909 1.992700 0.672000
v 3.280909 1.992700 0.815000
f 5294 5296 5293
f 5297 5294 5293
f 5293 5296 5295
f 5295 5297 5293
f 5294 5300 5296
f 5298 5294 5297
f 5298 5300 5294
f 5296 5300 5295
f 5299 5297 5295
f 5295 5300 5299
f 5299 5298 5297
f 5300 5298 5299
o Luxfera_3-1
v 3.643009 1.985000 0.050000
v 3.642728 1.986050 0.050000
v 3.641959 1.986819 0.050000
v 3.464909 1.987100 0.050000
v 3.463859 1.986819 0.050000
v 3.463090 1.986050 0.050000
v 3.462809 1.919000 0.050000
v 3.463090 1.917950 0.050000
v 3.463859 1.917181 0.050000
v 3.640909 1.916900 0.050000
v 3.641959 1.917181 0.050000
v 3.642728 1.917950 0.050000
v 3.647909 1.985000 0.054900
v 3.646971 1.988500 0.054900
v 3.644409 1.991062 0.054900
v 3.464909 1.992000 0.054900
v 3.461409 1.991062 0.054900
v 3.458847 1.988500 0.054900
v 3.457909 1.919000 0.054900
v 3.458847 1.915500 0.054900
v 3.461409 1.912938 0.054900
v 3.640909 1.912000 0.054900
v 3.644409 1.912938 0.054900
v 3.646971 1.915500 0.054900
v 3.647909 1.985000 0.235100
v 3.646971 1.988500 0.235100
v 3.644409 1.991062 0.235100
v 3.464909 1.992000 0.235100
v 3.461409 1.991062 0.235100
v 3.458847 1.988500 0.235100
v 3.457909 1.919000 0.235100
v 3.458847 1.915500 0.235100
v 3.461409 1.912938 0.235100
v 3.640909 1.912000 0.235100
v 3.644409 1.912938 0.235100
v 3.646971 1.915500 0.235100
v 3.643009 1.985000 0.240000
v 3.642728 1.986050 0.240000
v 3.641959 1.986819 0.240000
v 3.464909 1.987100 0.240000
v 3.463859 1.986819 0.240000
v 3.463090 1.986050 0.240000
v 3.462809 1.919000 0.240000
v 3.463090 1.917950 0.240000
v 3.463859 1.917181 0.240000
v 3.640909 1.916900 0.240000
v 3.641959 1.917181 0.240000
v 3.642728 1.917950 0.240000
f 5301 5302 5314
f 5301 5314 5313
f 5302 5303 5315
f 5302 5315 5314
f 5303 5304 5316
f 5303 5316 5315
f 5304 5305 5317
f 5304 5317 5316
f 5305 5306 5318
f 5305 5318 5317
f 5306 5307 5319
f 5306 5319 5318
f 5307 5308 5320
f 5307 5320 5319
f 5308 5309 5321
f 5308 5321 5320
f 5309 5310 5322
f 5309 5322 5321
f 5310 5311 5323
f 5310 5323 5322
f 5311 5312 5324
f 5311 5324 5323
f 5312 5301 5313
f 5312 5313 5324
f 5313 5314 5326
f 5313 5326 5325
f 5314 5315 5327
f 5314 5327 5326
f 5315 5316 5328
f 5315 5328 5327
f 5316 5317 5329
f 5316 5329 5328
f 5317 5318 5330
f 5317 5330 5329
f 5318 5319 5331
f 5318 5331 5330
f 5319 5320 5332
f 5319 5332 5331
f 5320 5321 5333
f 5320 5333 5332
f 5321 5322 5334
f 5321 5334 5333
f 5322 5323 5335
f 5322 5335 5334
f 5323 5324 5336
f 5323 5336 5335
f 5324 5313 5325
f 5324 5325 5336
f 5325 5326 5338
f 5325 5338 5337
f 5326 5327 5339
f 5326 5339 5338
f 5327 5328 5340
f 5327 5340 5339
f 5328 5329 5341
f 5328 5341 5340
f 5329 5330 5342
f 5329 5342 5341
f 5330 5331 5343
f 5330 5343 5342
f 5331 5332 5344
f 5331 5344 5343
f 5332 5333 5345
f 5332 5345 5344
f 5333 5334 5346
f 5333 5346 5345
f 5334 5335 5347
f 5334 5347 5346
f 5335 5336 5348
f 5335 5348 5347
f 5336 5325 5337
f 5336 5337 5348
f 5301 5303 5302
f 5337 5338 5339
f 5301 5304 5303
f 5337 5339 5340
f 5301 5305 5304
f 5337 5340 5341
f 5301 5306 5305
f 5337 5341 5342
f 5301 5307 5306
f 5337 5342 5343
f 5301 5308 5307
f 5337 5343 5344
f 5301 5309 5308
f 5337 5344 5345
f 5301 5310 5309
f 5337 5345 5346
f 5301 5311 5310
f 5337 5346 5347
f 5301 5312 5311
f 5337 5347 5348
o Luxfera_odlesk_2-0
v 3.472909 1.992100 0.072000
v 3.472909 1.992100 0.215000
v 3.472909 1.992700 0.072000
v 3.472909 1.992700 0.215000
v 3.480909 1.992100 0.072000
v 3.480909 1.992100 0.215000
v 3.480909 1.992700 0.072000
v 3.480909 1.992700 0.215000
f 5350 5352 5349
f 5353 5350 5349
f 5349 5352 5351
f 5351 5353 5349
f 5350 5356 5352
f 5354 5350 5353
f 5354 5356 5350
f 5352 5356 5351
f 5355 5353 5351
f 5351 5356 5355
f 5355 5354 5353
f 5356 5354 5355
o Luxfera_3-2
v 3.643009 1.985000 0.250000
v 3.642728 1.986050 0.250000
v 3.641959 1.986819 0.250000
v 3.464909 1.987100 0.250000
v 3.463859 1.986819 0.250000
v 3.463090 1.986050 0.250000
v 3.462809 1.919000 0.250000
v 3.463090 1.917950 0.250000
v 3.463859 1.917181 0.250000
v 3.640909 1.916900 0.250000
v 3.641959 1.917181 0.250000
v 3.642728 1.917950 0.250000
v 3.647909 1.985000 0.254900
v 3.646971 1.988500 0.254900
v 3.644409 1.991062 0.254900
v 3.464909 1.992000 0.254900
v 3.461409 1.991062 0.254900
v 3.458847 1.988500 0.254900
v 3.457909 1.919000 0.254900
v 3.458847 1.915500 0.254900
v 3.461409 1.912938 0.254900
v 3.640909 1.912000 0.254900
v 3.644409 1.912938 0.254900
v 3.646971 1.915500 0.254900
v 3.647909 1.985000 0.435100
v 3.646971 1.988500 0.435100
v 3.644409 1.991062 0.435100
v 3.464909 1.992000 0.435100
v 3.461409 1.991062 0.435100
v 3.458847 1.988500 0.435100
v 3.457909 1.919000 0.435100
v 3.458847 1.915500 0.435100
v 3.461409 1.912938 0.435100
v 3.640909 1.912000 0.435100
v 3.644409 1.912938 0.435100
v 3.646971 1.915500 0.435100
v 3.643009 1.985000 0.440000
v 3.642728 1.986050 0.440000
v 3.641959 1.986819 0.440000
v 3.464909 1.987100 0.440000
v 3.463859 1.986819 0.440000
v 3.463090 1.986050 0.440000
v 3.462809 1.919000 0.440000
v 3.463090 1.917950 0.440000
v 3.463859 1.917181 0.440000
v 3.640909 1.916900 0.440000
v 3.641959 1.917181 0.440000
v 3.642728 1.917950 0.440000
f 5357 5358 5370
f 5357 5370 5369
f 5358 5359 5371
f 5358 5371 5370
f 5359 5360 5372
f 5359 5372 5371
f 5360 5361 5373
f 5360 5373 5372
f 5361 5362 5374
f 5361 5374 5373
f 5362 5363 5375
f 5362 5375 5374
f 5363 5364 5376
f 5363 5376 5375
f 5364 5365 5377
f 5364 5377 5376
f 5365 5366 5378
f 5365 5378 5377
f 5366 5367 5379
f 5366 5379 5378
f 5367 5368 5380
f 5367 5380 5379
f 5368 5357 5369
f 5368 5369 5380
f 5369 5370 5382
f 5369 5382 5381
f 5370 5371 5383
f 5370 5383 5382
f 5371 5372 5384
f 5371 5384 5383
f 5372 5373 5385
f 5372 5385 5384
f 5373 5374 5386
f 5373 5386 5385
f 5374 5375 5387
f 5374 5387 5386
f 5375 5376 5388
f 5375 5388 5387
f 5376 5377 5389
f 5376 5389 5388
f 5377 5378 5390
f 5377 5390 5389
f 5378 5379 5391
f 5378 5391 5390
f 5379 5380 5392
f 5379 5392 5391
f 5380 5369 5381
f 5380 5381 5392
f 5381 5382 5394
f 5381 5394 5393
f 5382 5383 5395
f 5382 5395 5394
f 5383 5384 5396
f 5383 5396 5395
f 5384 5385 5397
f 5384 5397 5396
f 5385 5386 5398
f 5385 5398 5397
f 5386 5387 5399
f 5386 5399 5398
f 5387 5388 5400
f 5387 5400 5399
f 5388 5389 5401
f 5388 5401 5400
f 5389 5390 5402
f 5389 5402 5401
f 5390 5391 5403
f 5390 5403 5402
f 5391 5392 5404
f 5391 5404 5403
f 5392 5381 5393
f 5392 5393 5404
f 5357 5359 5358
f 5393 5394 5395
f 5357 5360 5359
f 5393 5395 5396
f 5357 5361 5360
f 5393 5396 5397
f 5357 5362 5361
f 5393 5397 5398
f 5357 5363 5362
f 5393 5398 5399
f 5357 5364 5363
f 5393 5399 5400
f 5357 5365 5364
f 5393 5400 5401
f 5357 5366 5365
f 5393 5401 5402
f 5357 5367 5366
f 5393 5402 5403
f 5357 5368 5367
f 5393 5403 5404
o Luxfera_odlesk_2-1
v 3.472909 1.992100 0.272000
v 3.472909 1.992100 0.415000
v 3.472909 1.992700 0.272000
v 3.472909 1.992700 0.415000
v 3.480909 1.992100 0.272000
v 3.480909 1.992100 0.415000
v 3.480909 1.992700 0.272000
v 3.480909 1.992700 0.415000
f 5406 5408 5405
f 5409 5406 5405
f 5405 5408 5407
f 5407 5409 5405
f 5406 5412 5408
f 5410 5406 5409
f 5410 5412 5406
f 5408 5412 5407
f 5411 5409 5407
f 5407 5412 5411
f 5411 5410 5409
f 5412 5410 5411
o Luxfera_3-3
v 3.643009 1.985000 0.450000
v 3.642728 1.986050 0.450000
v 3.641959 1.986819 0.450000
v 3.464909 1.987100 0.450000
v 3.463859 1.986819 0.450000
v 3.463090 1.986050 0.450000
v 3.462809 1.919000 0.450000
v 3.463090 1.917950 0.450000
v 3.463859 1.917181 0.450000
v 3.640909 1.916900 0.450000
v 3.641959 1.917181 0.450000
v 3.642728 1.917950 0.450000
v 3.647909 1.985000 0.454900
v 3.646971 1.988500 0.454900
v 3.644409 1.991062 0.454900
v 3.464909 1.992000 0.454900
v 3.461409 1.991062 0.454900
v 3.458847 1.988500 0.454900
v 3.457909 1.919000 0.454900
v 3.458847 1.915500 0.454900
v 3.461409 1.912938 0.454900
v 3.640909 1.912000 0.454900
v 3.644409 1.912938 0.454900
v 3.646971 1.915500 0.454900
v 3.647909 1.985000 0.635100
v 3.646971 1.988500 0.635100
v 3.644409 1.991062 0.635100
v 3.464909 1.992000 0.635100
v 3.461409 1.991062 0.635100
v 3.458847 1.988500 0.635100
v 3.457909 1.919000 0.635100
v 3.458847 1.915500 0.635100
v 3.461409 1.912938 0.635100
v 3.640909 1.912000 0.635100
v 3.644409 1.912938 0.635100
v 3.646971 1.915500 0.635100
v 3.643009 1.985000 0.640000
v 3.642728 1.986050 0.640000
v 3.641959 1.986819 0.640000
v 3.464909 1.987100 0.640000
v 3.463859 1.986819 0.640000
v 3.463090 1.986050 0.640000
v 3.462809 1.919000 0.640000
v 3.463090 1.917950 0.640000
v 3.463859 1.917181 0.640000
v 3.640909 1.916900 0.640000
v 3.641959 1.917181 0.640000
v 3.642728 1.917950 0.640000
f 5413 5414 5426
f 5413 5426 5425
f 5414 5415 5427
f 5414 5427 5426
f 5415 5416 5428
f 5415 5428 5427
f 5416 5417 5429
f 5416 5429 5428
f 5417 5418 5430
f 5417 5430 5429
f 5418 5419 5431
f 5418 5431 5430
f 5419 5420 5432
f 5419 5432 5431
f 5420 5421 5433
f 5420 5433 5432
f 5421 5422 5434
f 5421 5434 5433
f 5422 5423 5435
f 5422 5435 5434
f 5423 5424 5436
f 5423 5436 5435
f 5424 5413 5425
f 5424 5425 5436
f 5425 5426 5438
f 5425 5438 5437
f 5426 5427 5439
f 5426 5439 5438
f 5427 5428 5440
f 5427 5440 5439
f 5428 5429 5441
f 5428 5441 5440
f 5429 5430 5442
f 5429 5442 5441
f 5430 5431 5443
f 5430 5443 5442
f 5431 5432 5444
f 5431 5444 5443
f 5432 5433 5445
f 5432 5445 5444
f 5433 5434 5446
f 5433 5446 5445
f 5434 5435 5447
f 5434 5447 5446
f 5435 5436 5448
f 5435 5448 5447
f 5436 5425 5437
f 5436 5437 5448
f 5437 5438 5450
f 5437 5450 5449
f 5438 5439 5451
f 5438 5451 5450
f 5439 5440 5452
f 5439 5452 5451
f 5440 5441 5453
f 5440 5453 5452
f 5441 5442 5454
f 5441 5454 5453
f 5442 5443 5455
f 5442 5455 5454
f 5443 5444 5456
f 5443 5456 5455
f 5444 5445 5457
f 5444 5457 5456
f 5445 5446 5458
f 5445 5458 5457
f 5446 5447 5459
f 5446 5459 5458
f 5447 5448 5460
f 5447 5460 5459
f 5448 5437 5449
f 5448 5449 5460
f 5413 5415 5414
f 5449 5450 5451
f 5413 5416 5415
f 5449 5451 5452
f 5413 5417 5416
f 5449 5452 5453
f 5413 5418 5417
f 5449 5453 5454
f 5413 5419 5418
f 5449 5454 5455
f 5413 5420 5419
f 5449 5455 5456
f 5413 5421 5420
f 5449 5456 5457
f 5413 5422 5421
f 5449 5457 5458
f 5413 5423 5422
f 5449 5458 5459
f 5413 5424 5423
f 5449 5459 5460
o Luxfera_odlesk_2-2
v 3.472909 1.992100 0.472000
v 3.472909 1.992100 0.615000
v 3.472909 1.992700 0.472000
v 3.472909 1.992700 0.615000
v 3.480909 1.992100 0.472000
v 3.480909 1.992100 0.615000
v 3.480909 1.992700 0.472000
v 3.480909 1.992700 0.615000
f 5462 5464 5461
f 5465 5462 5461
f 5461 5464 5463
f 5463 5465 5461
f 5462 5468 5464
f 5466 5462 5465
f 5466 5468 5462
f 5464 5468 5463
f 5467 5465 5463
f 5463 5468 5467
f 5467 5466 5465
f 5468 5466 5467
o Luxfera_3-4
v 3.643009 1.985000 0.650000
v 3.642728 1.986050 0.650000
v 3.641959 1.986819 0.650000
v 3.464909 1.987100 0.650000
v 3.463859 1.986819 0.650000
v 3.463090 1.986050 0.650000
v 3.462809 1.919000 0.650000
v 3.463090 1.917950 0.650000
v 3.463859 1.917181 0.650000
v 3.640909 1.916900 0.650000
v 3.641959 1.917181 0.650000
v 3.642728 1.917950 0.650000
v 3.647909 1.985000 0.654900
v 3.646971 1.988500 0.654900
v 3.644409 1.991062 0.654900
v 3.464909 1.992000 0.654900
v 3.461409 1.991062 0.654900
v 3.458847 1.988500 0.654900
v 3.457909 1.919000 0.654900
v 3.458847 1.915500 0.654900
v 3.461409 1.912938 0.654900
v 3.640909 1.912000 0.654900
v 3.644409 1.912938 0.654900
v 3.646971 1.915500 0.654900
v 3.647909 1.985000 0.835100
v 3.646971 1.988500 0.835100
v 3.644409 1.991062 0.835100
v 3.464909 1.992000 0.835100
v 3.461409 1.991062 0.835100
v 3.458847 1.988500 0.835100
v 3.457909 1.919000 0.835100
v 3.458847 1.915500 0.835100
v 3.461409 1.912938 0.835100
v 3.640909 1.912000 0.835100
v 3.644409 1.912938 0.835100
v 3.646971 1.915500 0.835100
v 3.643009 1.985000 0.840000
v 3.642728 1.986050 0.840000
v 3.641959 1.986819 0.840000
v 3.464909 1.987100 0.840000
v 3.463859 1.986819 0.840000
v 3.463090 1.986050 0.840000
v 3.462809 1.919000 0.840000
v 3.463090 1.917950 0.840000
v 3.463859 1.917181 0.840000
v 3.640909 1.916900 0.840000
v 3.641959 1.917181 0.840000
v 3.642728 1.917950 0.840000
f 5469 5470 5482
f 5469 5482 5481
f 5470 5471 5483
f 5470 5483 5482
f 5471 5472 5484
f 5471 5484 5483
f 5472 5473 5485
f 5472 5485 5484
f 5473 5474 5486
f 5473 5486 5485
f 5474 5475 5487
f 5474 5487 5486
f 5475 5476 5488
f 5475 5488 5487
f 5476 5477 5489
f 5476 5489 5488
f 5477 5478 5490
f 5477 5490 5489
f 5478 5479 5491
f 5478 5491 5490
f 5479 5480 5492
f 5479 5492 5491
f 5480 5469 5481
f 5480 5481 5492
f 5481 5482 5494
f 5481 5494 5493
f 5482 5483 5495
f 5482 5495 5494
f 5483 5484 5496
f 5483 5496 5495
f 5484 5485 5497
f 5484 5497 5496
f 5485 5486 5498
f 5485 5498 5497
f 5486 5487 5499
f 5486 5499 5498
f 5487 5488 5500
f 5487 5500 5499
f 5488 5489 5501
f 5488 5501 5500
f 5489 5490 5502
f 5489 5502 5501
f 5490 5491 5503
f 5490 5503 5502
f 5491 5492 5504
f 5491 5504 5503
f 5492 5481 5493
f 5492 5493 5504
f 5493 5494 5506
f 5493 5506 5505
f 5494 5495 5507
f 5494 5507 5506
f 5495 5496 5508
f 5495 5508 5507
f 5496 5497 5509
f 5496 5509 5508
f 5497 5498 5510
f 5497 5510 5509
f 5498 5499 5511
f 5498 5511 5510
f 5499 5500 5512
f 5499 5512 5511
f 5500 5501 5513
f 5500 5513 5512
f 5501 5502 5514
f 5501 5514 5513
f 5502 5503 5515
f 5502 5515 5514
f 5503 5504 5516
f 5503 5516 5515
f 5504 5493 5505
f 5504 5505 5516
f 5469 5471 5470
f 5505 5506 5507
f 5469 5472 5471
f 5505 5507 5508
f 5469 5473 5472
f 5505 5508 5509
f 5469 5474 5473
f 5505 5509 5510
f 5469 5475 5474
f 5505 5510 5511
f 5469 5476 5475
f 5505 5511 5512
f 5469 5477 5476
f 5505 5512 5513
f 5469 5478 5477
f 5505 5513 5514
f 5469 5479 5478
f 5505 5514 5515
f 5469 5480 5479
f 5505 5515 5516
o Luxfera_odlesk_2-3
v 3.472909 1.992100 0.672000
v 3.472909 1.992100 0.815000
v 3.472909 1.992700 0.672000
v 3.472909 1.992700 0.815000
v 3.480909 1.992100 0.672000
v 3.480909 1.992100 0.815000
v 3.480909 1.992700 0.672000
v 3.480909 1.992700 0.815000
f 5518 5520 5517
f 5521 5518 5517
f 5517 5520 5519
f 5519 5521 5517
f 5518 5524 5520
f 5522 5518 5521
f 5522 5524 5518
f 5520 5524 5519
f 5523 5521 5519
f 5519 5524 5523
f 5523 5522 5521
f 5524 5522 5523
o Spara_luxfer_vodorovna_0
v 3.057909 1.920000 0.240000
v 3.057909 1.920000 0.250000
v 3.057909 1.984000 0.240000
v 3.057909 1.984000 0.250000
v 3.647909 1.920000 0.240000
v 3.647909 1.920000 0.250000
v 3.647909 1.984000 0.240000
v 3.647909 1.984000 0.250000
f 5526 5528 5525
f 5529 5526 5525
f 5525 5528 5527
f 5527 5529 5525
f 5526 5532 5528
f 5530 5526 5529
f 5530 5532 5526
f 5528 5532 5527
f 5531 5529 5527
f 5527 5532 5531
f 5531 5530 5529
f 5532 5530 5531
o Spara_luxfer_vodorovna_1
v 3.057909 1.920000 0.440000
v 3.057909 1.920000 0.450000
v 3.057909 1.984000 0.440000
v 3.057909 1.984000 0.450000
v 3.647909 1.920000 0.440000
v 3.647909 1.920000 0.450000
v 3.647909 1.984000 0.440000
v 3.647909 1.984000 0.450000
f 5534 5536 5533
f 5537 5534 5533
f 5533 5536 5535
f 5535 5537 5533
f 5534 5540 5536
f 5538 5534 5537
f 5538 5540 5534
f 5536 5540 5535
f 5539 5537 5535
f 5535 5540 5539
f 5539 5538 5537
f 5540 5538 5539
o Spara_luxfer_vodorovna_2
v 3.057909 1.920000 0.640000
v 3.057909 1.920000 0.650000
v 3.057909 1.984000 0.640000
v 3.057909 1.984000 0.650000
v 3.647909 1.920000 0.640000
v 3.647909 1.920000 0.650000
v 3.647909 1.984000 0.640000
v 3.647909 1.984000 0.650000
f 5542 5544 5541
f 5545 5542 5541
f 5541 5544 5543
f 5543 5545 5541
f 5542 5548 5544
f 5546 5542 5545
f 5546 5548 5542
f 5544 5548 5543
f 5547 5545 5543
f 5543 5548 5547
f 5547 5546 5545
f 5548 5546 5547
o Spara_luxfer_vodorovna_3
v 3.057909 1.920000 0.840000
v 3.057909 1.920000 0.850000
v 3.057909 1.984000 0.840000
v 3.057909 1.984000 0.850000
v 3.647909 1.920000 0.840000
v 3.647909 1.920000 0.850000
v 3.647909 1.984000 0.840000
v 3.647909 1.984000 0.850000
f 5550 5552 5549
f 5553 5550 5549
f 5549 5552 5551
f 5551 5553 5549
f 5550 5556 5552
f 5554 5550 5553
f 5554 5556 5550
f 5552 5556 5551
f 5555 5553 5551
f 5551 5556 5555
f 5555 5554 5553
f 5556 5554 5555
o Spara_luxfer_svisla_0
v 3.247909 1.920000 0.050000
v 3.247909 1.920000 0.840000
v 3.247909 1.984000 0.050000
v 3.247909 1.984000 0.840000
v 3.257909 1.920000 0.050000
v 3.257909 1.920000 0.840000
v 3.257909 1.984000 0.050000
v 3.257909 1.984000 0.840000
f 5558 5560 5557
f 5561 5558 5557
f 5557 5560 5559
f 5559 5561 5557
f 5558 5564 5560
f 5562 5558 5561
f 5562 5564 5558
f 5560 5564 5559
f 5563 5561 5559
f 5559 5564 5563
f 5563 5562 5561
f 5564 5562 5563
o Spara_luxfer_svisla_1
v 3.447909 1.920000 0.050000
v 3.447909 1.920000 0.840000
v 3.447909 1.984000 0.050000
v 3.447909 1.984000 0.840000
v 3.457909 1.920000 0.050000
v 3.457909 1.920000 0.840000
v 3.457909 1.984000 0.050000
v 3.457909 1.984000 0.840000
f 5566 5568 5565
f 5569 5566 5565
f 5565 5568 5567
f 5567 5569 5565
f 5566 5572 5568
f 5570 5566 5569
f 5570 5572 5566
f 5568 5572 5567
f 5571 5569 5567
f 5567 5572 5571
f 5571 5570 5569
f 5572 5570 5571
o Podpora_desky_u_luxfer_-_horni_profil
v 3.077909 1.882000 0.835000
v 3.077909 1.882000 0.860000
v 3.077909 1.906000 0.835000
v 3.077909 1.906000 0.860000
v 3.627909 1.882000 0.835000
v 3.627909 1.882000 0.860000
v 3.627909 1.906000 0.835000
v 3.627909 1.906000 0.860000
f 5574 5576 5573
f 5577 5574 5573
f 5573 5576 5575
f 5575 5577 5573
f 5574 5580 5576
f 5578 5574 5577
f 5578 5580 5574
f 5576 5580 5575
f 5579 5577 5575
f 5575 5580 5579
f 5579 5578 5577
f 5580 5578 5579
o Podpora_desky_u_luxfer_-_stojka_3.08290898202353
v 3.082909 1.884000 0.050000
v 3.082909 1.884000 0.855000
v 3.082909 1.904000 0.050000
v 3.082909 1.904000 0.855000
v 3.102909 1.884000 0.050000
v 3.102909 1.884000 0.855000
v 3.102909 1.904000 0.050000
v 3.102909 1.904000 0.855000
f 5582 5584 5581
f 5585 5582 5581
f 5581 5584 5583
f 5583 5585 5581
f 5582 5588 5584
f 5586 5582 5585
f 5586 5588 5582
f 5584 5588 5583
f 5587 5585 5583
f 5583 5588 5587
f 5587 5586 5585
f 5588 5586 5587
o Podpora_desky_u_luxfer_-_stojka_3.6029089820235303
v 3.602909 1.884000 0.050000
v 3.602909 1.884000 0.855000
v 3.602909 1.904000 0.050000
v 3.602909 1.904000 0.855000
v 3.622909 1.884000 0.050000
v 3.622909 1.884000 0.855000
v 3.622909 1.904000 0.050000
v 3.622909 1.904000 0.855000
f 5590 5592 5589
f 5593 5590 5589
f 5589 5592 5591
f 5591 5593 5589
f 5590 5596 5592
f 5594 5590 5593
f 5594 5596 5590
f 5592 5596 5591
f 5595 5593 5591
f 5591 5596 5595
f 5595 5594 5593
f 5596 5594 5595
o Zadni_hladky_mineralni_panel
v 3.632909 0.600000 0.050000
v 3.632909 0.600000 0.860000
v 3.632909 1.905000 0.050000
v 3.632909 1.905000 0.860000
v 3.652909 0.600000 0.050000
v 3.652909 0.600000 0.860000
v 3.652909 1.905000 0.050000
v 3.652909 1.905000 0.860000
f 5598 5600 5597
f 5601 5598 5597
f 5597 5600 5599
f 5599 5601 5597
f 5598 5604 5600
f 5602 5598 5601
f 5602 5604 5598
f 5600 5604 5599
f 5603 5601 5599
f 5599 5604 5603
f 5603 5602 5601
f 5604 5602 5603
o Celoplosny_podhled_panel_0-0
v 0.000000 0.000000 2.350000
v 0.000000 0.000000 2.365000
v 0.000000 0.464100 2.350000
v 0.000000 0.464100 2.365000
v 3.097600 0.000000 2.350000
v 3.097600 0.000000 2.365000
v 3.097600 0.464100 2.350000
v 3.097600 0.464100 2.365000
f 5606 5608 5605
f 5609 5606 5605
f 5605 5608 5607
f 5607 5609 5605
f 5606 5612 5608
f 5610 5606 5609
f 5610 5612 5606
f 5608 5612 5607
f 5611 5609 5607
f 5607 5612 5611
f 5611 5610 5609
f 5612 5610 5611
o Celoplosny_podhled_panel_0-1
v 0.000000 0.464100 2.350000
v 0.000000 0.464100 2.365000
v 0.000000 1.364100 2.350000
v 0.000000 1.364100 2.365000
v 3.097600 0.464100 2.350000
v 3.097600 0.464100 2.365000
v 3.097600 1.364100 2.350000
v 3.097600 1.364100 2.365000
f 5614 5616 5613
f 5617 5614 5613
f 5613 5616 5615
f 5615 5617 5613
f 5614 5620 5616
f 5618 5614 5617
f 5618 5620 5614
f 5616 5620 5615
f 5619 5617 5615
f 5615 5620 5619
f 5619 5618 5617
f 5620 5618 5619
o Celoplosny_podhled_panel_0-2
v 0.000000 1.364100 2.350000
v 0.000000 1.364100 2.365000
v 0.000000 3.449656 2.350000
v 0.000000 3.449656 2.365000
v 3.097600 1.364100 2.350000
v 3.097600 1.364100 2.365000
v 3.097600 3.449656 2.350000
v 3.097600 3.449656 2.365000
f 5622 5624 5621
f 5625 5622 5621
f 5621 5624 5623
f 5623 5625 5621
f 5622 5628 5624
f 5626 5622 5625
f 5626 5628 5622
f 5624 5628 5623
f 5627 5625 5623
f 5623 5628 5627
f 5627 5626 5625
f 5628 5626 5627
o Celoplosny_podhled_panel_1-0
v 3.097600 0.000000 2.350000
v 3.097600 0.000000 2.365000
v 3.097600 0.464100 2.350000
v 3.097600 0.464100 2.365000
v 3.597600 0.000000 2.350000
v 3.597600 0.000000 2.365000
v 3.597600 0.464100 2.350000
v 3.597600 0.464100 2.365000
f 5630 5632 5629
f 5633 5630 5629
f 5629 5632 5631
f 5631 5633 5629
f 5630 5636 5632
f 5634 5630 5633
f 5634 5636 5630
f 5632 5636 5631
f 5635 5633 5631
f 5631 5636 5635
f 5635 5634 5633
f 5636 5634 5635
o Celoplosny_podhled_panel_1-2
v 3.097600 1.364100 2.350000
v 3.097600 1.364100 2.365000
v 3.097600 3.449656 2.350000
v 3.097600 3.449656 2.365000
v 3.597600 1.364100 2.350000
v 3.597600 1.364100 2.365000
v 3.597600 3.449656 2.350000
v 3.597600 3.449656 2.365000
f 5638 5640 5637
f 5641 5638 5637
f 5637 5640 5639
f 5639 5641 5637
f 5638 5644 5640
f 5642 5638 5641
f 5642 5644 5638
f 5640 5644 5639
f 5643 5641 5639
f 5639 5644 5643
f 5643 5642 5641
f 5644 5642 5643
o Celoplosny_podhled_panel_2-0
v 3.597600 0.000000 2.350000
v 3.597600 0.000000 2.365000
v 3.597600 0.464100 2.350000
v 3.597600 0.464100 2.365000
v 5.869999 0.000000 2.350000
v 5.869999 0.000000 2.365000
v 5.869999 0.464100 2.350000
v 5.869999 0.464100 2.365000
f 5646 5648 5645
f 5649 5646 5645
f 5645 5648 5647
f 5647 5649 5645
f 5646 5652 5648
f 5650 5646 5649
f 5650 5652 5646
f 5648 5652 5647
f 5651 5649 5647
f 5647 5652 5651
f 5651 5650 5649
f 5652 5650 5651
o Celoplosny_podhled_panel_2-1
v 3.597600 0.464100 2.350000
v 3.597600 0.464100 2.365000
v 3.597600 1.364100 2.350000
v 3.597600 1.364100 2.365000
v 5.869999 0.464100 2.350000
v 5.869999 0.464100 2.365000
v 5.869999 1.364100 2.350000
v 5.869999 1.364100 2.365000
f 5654 5656 5653
f 5657 5654 5653
f 5653 5656 5655
f 5655 5657 5653
f 5654 5660 5656
f 5658 5654 5657
f 5658 5660 5654
f 5656 5660 5655
f 5659 5657 5655
f 5655 5660 5659
f 5659 5658 5657
f 5660 5658 5659
o Celoplosny_podhled_panel_2-2
v 3.597600 1.364100 2.350000
v 3.597600 1.364100 2.365000
v 3.597600 3.449656 2.350000
v 3.597600 3.449656 2.365000
v 5.869999 1.364100 2.350000
v 5.869999 1.364100 2.365000
v 5.869999 3.449656 2.350000
v 5.869999 3.449656 2.365000
f 5662 5664 5661
f 5665 5662 5661
f 5661 5664 5663
f 5663 5665 5661
f 5662 5668 5664
f 5666 5662 5665
f 5666 5668 5662
f 5664 5668 5663
f 5667 5665 5663
f 5663 5668 5667
f 5667 5666 5665
f 5668 5666 5667
o Podhled_obvod_sever
v 0.000000 3.414656 2.350000
v 0.000000 3.414656 2.380000
v 0.000000 3.449656 2.350000
v 0.000000 3.449656 2.380000
v 5.869999 3.414656 2.350000
v 5.869999 3.414656 2.380000
v 5.869999 3.449656 2.350000
v 5.869999 3.449656 2.380000
f 5670 5672 5669
f 5673 5670 5669
f 5669 5672 5671
f 5671 5673 5669
f 5670 5676 5672
f 5674 5670 5673
f 5674 5676 5670
f 5672 5676 5671
f 5675 5673 5671
f 5671 5676 5675
f 5675 5674 5673
f 5676 5674 5675
o Podhled_obvod_jih
v 0.000000 0.000000 2.350000
v 0.000000 0.000000 2.380000
v 0.000000 0.035000 2.350000
v 0.000000 0.035000 2.380000
v 5.869999 0.000000 2.350000
v 5.869999 0.000000 2.380000
v 5.869999 0.035000 2.350000
v 5.869999 0.035000 2.380000
f 5678 5680 5677
f 5681 5678 5677
f 5677 5680 5679
f 5679 5681 5677
f 5678 5684 5680
f 5682 5678 5681
f 5682 5684 5678
f 5680 5684 5679
f 5683 5681 5679
f 5679 5684 5683
f 5683 5682 5681
f 5684 5682 5683
o Podhled_obvod_zapad
v 0.000000 0.000000 2.350000
v 0.000000 0.000000 2.380000
v 0.000000 3.449656 2.350000
v 0.000000 3.449656 2.380000
v 0.035000 0.000000 2.350000
v 0.035000 0.000000 2.380000
v 0.035000 3.449656 2.350000
v 0.035000 3.449656 2.380000
f 5686 5688 5685
f 5689 5686 5685
f 5685 5688 5687
f 5687 5689 5685
f 5686 5692 5688
f 5690 5686 5689
f 5690 5692 5686
f 5688 5692 5687
f 5691 5689 5687
f 5687 5692 5691
f 5691 5690 5689
f 5692 5690 5691
o Podhled_obvod_vychod
v 5.834999 0.000000 2.350000
v 5.834999 0.000000 2.380000
v 5.834999 3.449656 2.350000
v 5.834999 3.449656 2.380000
v 5.869999 0.000000 2.350000
v 5.869999 0.000000 2.380000
v 5.869999 3.449656 2.350000
v 5.869999 3.449656 2.380000
f 5694 5696 5693
f 5697 5694 5693
f 5693 5696 5695
f 5695 5697 5693
f 5694 5700 5696
f 5698 5694 5697
f 5698 5700 5694
f 5696 5700 5695
f 5699 5697 5695
f 5695 5700 5699
f 5699 5698 5697
f 5700 5698 5699
o LuxeAir_navrh_tela
v 3.107600 0.474100 2.354000
v 3.107600 0.474100 2.572000
v 3.107600 1.354100 2.354000
v 3.107600 1.354100 2.572000
v 3.587600 0.474100 2.354000
v 3.587600 0.474100 2.572000
v 3.587600 1.354100 2.354000
v 3.587600 1.354100 2.572000
f 5702 5704 5701
f 5705 5702 5701
f 5701 5704 5703
f 5703 5705 5701
f 5702 5708 5704
f 5706 5702 5705
f 5706 5708 5702
f 5704 5708 5703
f 5707 5705 5703
f 5703 5708 5707
f 5707 5706 5705
f 5708 5706 5707
o Digestor_nasavaci_ramecek
v 3.097600 0.464100 2.344000
v 3.097600 0.464100 2.352000
v 3.097600 1.364100 2.344000
v 3.097600 1.364100 2.352000
v 3.597600 0.464100 2.344000
v 3.597600 0.464100 2.352000
v 3.597600 1.364100 2.344000
v 3.597600 1.364100 2.352000
f 5710 5712 5709
f 5713 5710 5709
f 5709 5712 5711
f 5711 5713 5709
f 5710 5716 5712
f 5714 5710 5713
f 5714 5716 5710
f 5712 5716 5711
f 5715 5713 5711
f 5711 5716 5715
f 5715 5714 5713
f 5716 5714 5715
o Digestor_bily_panel
v 3.109600 0.499100 2.341000
v 3.109600 0.499100 2.349000
v 3.109600 1.329100 2.341000
v 3.109600 1.329100 2.349000
v 3.585600 0.499100 2.341000
v 3.585600 0.499100 2.349000
v 3.585600 1.329100 2.341000
v 3.585600 1.329100 2.349000
f 5718 5720 5717
f 5721 5718 5717
f 5717 5720 5719
f 5719 5721 5717
f 5718 5724 5720
f 5722 5718 5721
f 5722 5724 5718
f 5720 5724 5719
f 5723 5721 5719
f 5719 5724 5723
f 5723 5722 5721
f 5724 5722 5723
o LED_digestore_3.1326
v 3.132600 0.564100 2.339000
v 3.132600 0.564100 2.341000
v 3.132600 1.264100 2.339000
v 3.132600 1.264100 2.341000
v 3.142600 0.564100 2.339000
v 3.142600 0.564100 2.341000
v 3.142600 1.264100 2.339000
v 3.142600 1.264100 2.341000
f 5726 5728 5725
f 5729 5726 5725
f 5725 5728 5727
f 5727 5729 5725
f 5726 5732 5728
f 5730 5726 5729
f 5730 5732 5726
f 5728 5732 5727
f 5731 5729 5727
f 5727 5732 5731
f 5731 5730 5729
f 5732 5730 5731
o LED_digestore_3.5526
v 3.552600 0.564100 2.339000
v 3.552600 0.564100 2.341000
v 3.552600 1.264100 2.339000
v 3.552600 1.264100 2.341000
v 3.562600 0.564100 2.339000
v 3.562600 0.564100 2.341000
v 3.562600 1.264100 2.339000
v 3.562600 1.264100 2.341000
f 5734 5736 5733
f 5737 5734 5733
f 5733 5736 5735
f 5735 5737 5733
f 5734 5740 5736
f 5738 5734 5737
f 5738 5740 5734
f 5736 5740 5735
f 5739 5737 5735
f 5735 5740 5739
f 5739 5738 5737
f 5740 5738 5739
o Platno_nastenne_pouzdro
v 3.730000 0.055000 2.200000
v 3.730000 0.055000 2.330000
v 3.730000 0.185000 2.200000
v 3.730000 0.185000 2.330000
v 5.850000 0.055000 2.200000
v 5.850000 0.055000 2.330000
v 5.850000 0.185000 2.200000
v 5.850000 0.185000 2.330000
f 5742 5744 5741
f 5745 5742 5741
f 5741 5744 5743
f 5743 5745 5741
f 5742 5748 5744
f 5746 5742 5745
f 5746 5748 5742
f 5744 5748 5743
f 5747 5745 5743
f 5743 5748 5747
f 5747 5746 5745
f 5748 5746 5747
o Platno_nastenny_drzak_3.8
v 3.800000 0.000000 2.215000
v 3.800000 0.000000 2.315000
v 3.800000 0.080000 2.215000
v 3.800000 0.080000 2.315000
v 3.855000 0.000000 2.215000
v 3.855000 0.000000 2.315000
v 3.855000 0.080000 2.215000
v 3.855000 0.080000 2.315000
f 5750 5752 5749
f 5753 5750 5749
f 5749 5752 5751
f 5751 5753 5749
f 5750 5756 5752
f 5754 5750 5753
f 5754 5756 5750
f 5752 5756 5751
f 5755 5753 5751
f 5751 5756 5755
f 5755 5754 5753
f 5756 5754 5755
o Platno_nastenny_drzak_5.75
v 5.750000 0.000000 2.215000
v 5.750000 0.000000 2.315000
v 5.750000 0.080000 2.215000
v 5.750000 0.080000 2.315000
v 5.805000 0.000000 2.215000
v 5.805000 0.000000 2.315000
v 5.805000 0.080000 2.215000
v 5.805000 0.080000 2.315000
f 5758 5760 5757
f 5761 5758 5757
f 5757 5760 5759
f 5759 5761 5757
f 5758 5764 5760
f 5762 5758 5761
f 5762 5764 5758
f 5760 5764 5759
f 5763 5761 5759
f 5759 5764 5763
f 5763 5762 5761
f 5764 5762 5763
o Platno_vystupni_sterbina
v 3.850000 0.163000 2.195000
v 3.850000 0.163000 2.200000
v 3.850000 0.177000 2.195000
v 3.850000 0.177000 2.200000
v 5.770000 0.163000 2.195000
v 5.770000 0.163000 2.200000
v 5.770000 0.177000 2.195000
v 5.770000 0.177000 2.200000
f 5766 5768 5765
f 5769 5766 5765
f 5765 5768 5767
f 5767 5769 5765
f 5766 5772 5768
f 5770 5766 5769
f 5770 5772 5766
f 5768 5772 5767
f 5771 5769 5767
f 5767 5772 5771
f 5771 5770 5769
f 5772 5770 5771
o Platno_cerna_zadni_plocha
v 3.895000 0.170000 1.022500
v 3.895000 0.170000 2.195000
v 3.895000 0.175000 1.022500
v 3.895000 0.175000 2.195000
v 5.745000 0.170000 1.022500
v 5.745000 0.170000 2.195000
v 5.745000 0.175000 1.022500
v 5.745000 0.175000 2.195000
f 5774 5776 5773
f 5777 5774 5773
f 5773 5776 5775
f 5775 5777 5773
f 5774 5780 5776
f 5778 5774 5777
f 5778 5780 5774
f 5776 5780 5775
f 5779 5777 5775
f 5775 5780 5779
f 5779 5778 5777
f 5780 5778 5779
o Platno_bila_projekcni_plocha_16-9
v 3.920000 0.175000 1.047500
v 3.920000 0.175000 2.060000
v 3.920000 0.178000 1.047500
v 3.920000 0.178000 2.060000
v 5.720000 0.175000 1.047500
v 5.720000 0.175000 2.060000
v 5.720000 0.178000 1.047500
v 5.720000 0.178000 2.060000
f 5782 5784 5781
f 5785 5782 5781
f 5781 5784 5783
f 5783 5785 5781
f 5782 5788 5784
f 5786 5782 5785
f 5786 5788 5782
f 5784 5788 5783
f 5787 5785 5783
f 5783 5788 5787
f 5787 5786 5785
f 5788 5786 5787
o Platno_spodni_zavazi
v 3.880000 0.150000 1.007500
v 3.880000 0.150000 1.030000
v 3.880000 0.195000 1.007500
v 3.880000 0.195000 1.030000
v 5.760000 0.150000 1.007500
v 5.760000 0.150000 1.030000
v 5.760000 0.195000 1.007500
v 5.760000 0.195000 1.030000
f 5790 5792 5789
f 5793 5790 5789
f 5789 5792 5791
f 5791 5793 5789
f 5790 5796 5792
f 5794 5790 5793
f 5794 5796 5790
f 5792 5796 5791
f 5795 5793 5791
f 5791 5796 5795
f 5795 5794 5793
f 5796 5794 5795
o Projektor_bile_telo
v 4.945000 3.298000 2.060000
v 4.949017 3.297364 2.060000
v 4.952641 3.295517 2.060000
v 4.955517 3.292641 2.060000
v 4.957364 3.289017 2.060000
v 4.958000 3.075000 2.060000
v 4.957364 3.070983 2.060000
v 4.955517 3.067359 2.060000
v 4.952641 3.064483 2.060000
v 4.949017 3.062636 2.060000
v 4.695000 3.062000 2.060000
v 4.690983 3.062636 2.060000
v 4.687359 3.064483 2.060000
v 4.684483 3.067359 2.060000
v 4.682636 3.070983 2.060000
v 4.682000 3.285000 2.060000
v 4.682636 3.289017 2.060000
v 4.684483 3.292641 2.060000
v 4.687359 3.295517 2.060000
v 4.690983 3.297364 2.060000
v 4.945000 3.310000 2.072000
v 4.952725 3.308776 2.072000
v 4.959695 3.305225 2.072000
v 4.965225 3.299695 2.072000
v 4.968776 3.292725 2.072000
v 4.970000 3.075000 2.072000
v 4.968776 3.067275 2.072000
v 4.965225 3.060305 2.072000
v 4.959695 3.054775 2.072000
v 4.952725 3.051224 2.072000
v 4.695000 3.050000 2.072000
v 4.687275 3.051224 2.072000
v 4.680305 3.054775 2.072000
v 4.674775 3.060305 2.072000
v 4.671224 3.067275 2.072000
v 4.670000 3.285000 2.072000
v 4.671224 3.292725 2.072000
v 4.674775 3.299695 2.072000
v 4.680305 3.305225 2.072000
v 4.687275 3.308776 2.072000
v 4.945000 3.310000 2.168000
v 4.952725 3.308776 2.168000
v 4.959695 3.305225 2.168000
v 4.965225 3.299695 2.168000
v 4.968776 3.292725 2.168000
v 4.970000 3.075000 2.168000
v 4.968776 3.067275 2.168000
v 4.965225 3.060305 2.168000
v 4.959695 3.054775 2.168000
v 4.952725 3.051224 2.168000
v 4.695000 3.050000 2.168000
v 4.687275 3.051224 2.168000
v 4.680305 3.054775 2.168000
v 4.674775 3.060305 2.168000
v 4.671224 3.067275 2.168000
v 4.670000 3.285000 2.168000
v 4.671224 3.292725 2.168000
v 4.674775 3.299695 2.168000
v 4.680305 3.305225 2.168000
v 4.687275 3.308776 2.168000
v 4.945000 3.298000 2.180000
v 4.949017 3.297364 2.180000
v 4.952641 3.295517 2.180000
v 4.955517 3.292641 2.180000
v 4.957364 3.289017 2.180000
v 4.958000 3.075000 2.180000
v 4.957364 3.070983 2.180000
v 4.955517 3.067359 2.180000
v 4.952641 3.064483 2.180000
v 4.949017 3.062636 2.180000
v 4.695000 3.062000 2.180000
v 4.690983 3.062636 2.180000
v 4.687359 3.064483 2.180000
v 4.684483 3.067359 2.180000
v 4.682636 3.070983 2.180000
v 4.682000 3.285000 2.180000
v 4.682636 3.289017 2.180000
v 4.684483 3.292641 2.180000
v 4.687359 3.295517 2.180000
v 4.690983 3.297364 2.180000
f 5818 5798 5797
f 5817 5818 5797
f 5819 5799 5798
f 5818 5819 5798
f 5820 5800 5799
f 5819 5820 5799
f 5821 5801 5800
f 5820 5821 5800
f 5822 5802 5801
f 5821 5822 5801
f 5823 5803 5802
f 5822 5823 5802
f 5824 5804 5803
f 5823 5824 5803
f 5825 5805 5804
f 5824 5825 5804
f 5826 5806 5805
f 5825 5826 5805
f 5827 5807 5806
f 5826 5827 5806
f 5828 5808 5807
f 5827 5828 5807
f 5829 5809 5808
f 5828 5829 5808
f 5830 5810 5809
f 5829 5830 5809
f 5831 5811 5810
f 5830 5831 5810
f 5832 5812 5811
f 5831 5832 5811
f 5833 5813 5812
f 5832 5833 5812
f 5834 5814 5813
f 5833 5834 5813
f 5835 5815 5814
f 5834 5835 5814
f 5836 5816 5815
f 5835 5836 5815
f 5817 5797 5816
f 5836 5817 5816
f 5838 5818 5817
f 5837 5838 5817
f 5839 5819 5818
f 5838 5839 5818
f 5840 5820 5819
f 5839 5840 5819
f 5841 5821 5820
f 5840 5841 5820
f 5842 5822 5821
f 5841 5842 5821
f 5843 5823 5822
f 5842 5843 5822
f 5844 5824 5823
f 5843 5844 5823
f 5845 5825 5824
f 5844 5845 5824
f 5846 5826 5825
f 5845 5846 5825
f 5847 5827 5826
f 5846 5847 5826
f 5848 5828 5827
f 5847 5848 5827
f 5849 5829 5828
f 5848 5849 5828
f 5850 5830 5829
f 5849 5850 5829
f 5851 5831 5830
f 5850 5851 5830
f 5852 5832 5831
f 5851 5852 5831
f 5853 5833 5832
f 5852 5853 5832
f 5854 5834 5833
f 5853 5854 5833
f 5855 5835 5834
f 5854 5855 5834
f 5856 5836 5835
f 5855 5856 5835
f 5837 5817 5836
f 5856 5837 5836
f 5858 5838 5837
f 5857 5858 5837
f 5859 5839 5838
f 5858 5859 5838
f 5860 5840 5839
f 5859 5860 5839
f 5861 5841 5840
f 5860 5861 5840
f 5862 5842 5841
f 5861 5862 5841
f 5863 5843 5842
f 5862 5863 5842
f 5864 5844 5843
f 5863 5864 5843
f 5865 5845 5844
f 5864 5865 5844
f 5866 5846 5845
f 5865 5866 5845
f 5867 5847 5846
f 5866 5867 5846
f 5868 5848 5847
f 5867 5868 5847
f 5869 5849 5848
f 5868 5869 5848
f 5870 5850 5849
f 5869 5870 5849
f 5871 5851 5850
f 5870 5871 5850
f 5872 5852 5851
f 5871 5872 5851
f 5873 5853 5852
f 5872 5873 5852
f 5874 5854 5853
f 5873 5874 5853
f 5875 5855 5854
f 5874 5875 5854
f 5876 5856 5855
f 5875 5876 5855
f 5857 5837 5856
f 5876 5857 5856
f 5798 5799 5797
f 5859 5858 5857
f 5799 5800 5797
f 5860 5859 5857
f 5800 5801 5797
f 5861 5860 5857
f 5801 5802 5797
f 5862 5861 5857
f 5802 5803 5797
f 5863 5862 5857
f 5803 5804 5797
f 5864 5863 5857
f 5804 5805 5797
f 5865 5864 5857
f 5805 5806 5797
f 5866 5865 5857
f 5806 5807 5797
f 5867 5866 5857
f 5807 5808 5797
f 5868 5867 5857
f 5808 5809 5797
f 5869 5868 5857
f 5809 5810 5797
f 5870 5869 5857
f 5810 5811 5797
f 5871 5870 5857
f 5811 5812 5797
f 5872 5871 5857
f 5812 5813 5797
f 5873 5872 5857
f 5813 5814 5797
f 5874 5873 5857
f 5814 5815 5797
f 5875 5874 5857
f 5815 5816 5797
f 5876 5875 5857
o Projektor_objektiv
v 4.820000 3.035000 2.095000
v 4.820000 3.035000 2.060000
v 4.820000 3.060000 2.060000
v 4.820000 3.060000 2.095000
v 4.837500 3.035000 2.064689
v 4.837500 3.060000 2.064689
v 4.850311 3.035000 2.077500
v 4.850311 3.060000 2.077500
v 4.855000 3.035000 2.095000
v 4.855000 3.060000 2.095000
v 4.850311 3.035000 2.112500
v 4.850311 3.060000 2.112500
v 4.837500 3.035000 2.125311
v 4.837500 3.060000 2.125311
v 4.820000 3.035000 2.130000
v 4.820000 3.060000 2.130000
v 4.802500 3.035000 2.125311
v 4.802500 3.060000 2.125311
v 4.789689 3.035000 2.112500
v 4.789689 3.060000 2.112500
v 4.785000 3.035000 2.095000
v 4.785000 3.060000 2.095000
v 4.789689 3.035000 2.077500
v 4.789689 3.060000 2.077500
v 4.802500 3.035000 2.064689
v 4.802500 3.060000 2.064689
f 5881 5877 5878
f 5879 5881 5878
f 5882 5881 5879
f 5880 5882 5879
f 5883 5877 5881
f 5882 5883 5881
f 5884 5883 5882
f 5880 5884 5882
f 5885 5877 5883
f 5884 5885 5883
f 5886 5885 5884
f 5880 5886 5884
f 5887 5877 5885
f 5886 5887 5885
f 5888 5887 5886
f 5880 5888 5886
f 5889 5877 5887
f 5888 5889 5887
f 5890 5889 5888
f 5880 5890 5888
f 5891 5877 5889
f 5890 5891 5889
f 5892 5891 5890
f 5880 5892 5890
f 5893 5877 5891
f 5892 5893 5891
f 5894 5893 5892
f 5880 5894 5892
f 5895 5877 5893
f 5894 5895 5893
f 5896 5895 5894
f 5880 5896 5894
f 5897 5877 5895
f 5896 5897 5895
f 5898 5897 5896
f 5880 5898 5896
f 5899 5877 5897
f 5898 5899 5897
f 5900 5899 5898
f 5880 5900 5898
f 5901 5877 5899
f 5900 5901 5899
f 5902 5901 5900
f 5880 5902 5900
f 5878 5877 5901
f 5902 5878 5901
f 5879 5878 5902
f 5880 5879 5902
o Projektor_sklo_objektivu
v 4.820000 3.032000 2.095000
v 4.820000 3.032000 2.069000
v 4.820000 3.035000 2.069000
v 4.820000 3.035000 2.095000
v 4.833000 3.032000 2.072483
v 4.833000 3.035000 2.072483
v 4.842517 3.032000 2.082000
v 4.842517 3.035000 2.082000
v 4.846000 3.032000 2.095000
v 4.846000 3.035000 2.095000
v 4.842517 3.032000 2.108000
v 4.842517 3.035000 2.108000
v 4.833000 3.032000 2.117517
v 4.833000 3.035000 2.117517
v 4.820000 3.032000 2.121000
v 4.820000 3.035000 2.121000
v 4.807000 3.032000 2.117517
v 4.807000 3.035000 2.117517
v 4.797483 3.032000 2.108000
v 4.797483 3.035000 2.108000
v 4.794000 3.032000 2.095000
v 4.794000 3.035000 2.095000
v 4.797483 3.032000 2.082000
v 4.797483 3.035000 2.082000
v 4.807000 3.032000 2.072483
v 4.807000 3.035000 2.072483
f 5907 5903 5904
f 5905 5907 5904
f 5908 5907 5905
f 5906 5908 5905
f 5909 5903 5907
f 5908 5909 5907
f 5910 5909 5908
f 5906 5910 5908
f 5911 5903 5909
f 5910 5911 5909
f 5912 5911 5910
f 5906 5912 5910
f 5913 5903 5911
f 5912 5913 5911
f 5914 5913 5912
f 5906 5914 5912
f 5915 5903 5913
f 5914 5915 5913
f 5916 5915 5914
f 5906 5916 5914
f 5917 5903 5915
f 5916 5917 5915
f 5918 5917 5916
f 5906 5918 5916
f 5919 5903 5917
f 5918 5919 5917
f 5920 5919 5918
f 5906 5920 5918
f 5921 5903 5919
f 5920 5921 5919
f 5922 5921 5920
f 5906 5922 5920
f 5923 5903 5921
f 5922 5923 5921
f 5924 5923 5922
f 5906 5924 5922
f 5925 5903 5923
f 5924 5925 5923
f 5926 5925 5924
f 5906 5926 5924
f 5927 5903 5925
f 5926 5927 5925
f 5928 5927 5926
f 5906 5928 5926
f 5904 5903 5927
f 5928 5904 5927
f 5905 5904 5928
f 5906 5905 5928
o Projektor_vetrani_0
v 4.970100 3.100000 2.085000
v 4.970100 3.100000 2.150000
v 4.971000 3.100000 2.085000
v 4.971000 3.100000 2.150000
v 4.970100 3.110000 2.085000
v 4.970100 3.110000 2.150000
v 4.971000 3.110000 2.085000
v 4.971000 3.110000 2.150000
f 5929 5932 5930
f 5929 5930 5933
f 5931 5932 5929
f 5929 5933 5931
f 5932 5936 5930
f 5933 5930 5934
f 5930 5936 5934
f 5931 5936 5932
f 5931 5933 5935
f 5935 5936 5931
f 5933 5934 5935
f 5935 5934 5936
o Projektor_vetrani_1
v 4.970100 3.125000 2.085000
v 4.970100 3.125000 2.150000
v 4.971000 3.125000 2.085000
v 4.971000 3.125000 2.150000
v 4.970100 3.135000 2.085000
v 4.970100 3.135000 2.150000
v 4.971000 3.135000 2.085000
v 4.971000 3.135000 2.150000
f 5937 5940 5938
f 5937 5938 5941
f 5939 5940 5937
f 5937 5941 5939
f 5940 5944 5938
f 5941 5938 5942
f 5938 5944 5942
f 5939 5944 5940
f 5939 5941 5943
f 5943 5944 5939
f 5941 5942 5943
f 5943 5942 5944
o Projektor_vetrani_2
v 4.970100 3.150000 2.085000
v 4.970100 3.150000 2.150000
v 4.971000 3.150000 2.085000
v 4.971000 3.150000 2.150000
v 4.970100 3.160000 2.085000
v 4.970100 3.160000 2.150000
v 4.971000 3.160000 2.085000
v 4.971000 3.160000 2.150000
f 5945 5948 5946
f 5945 5946 5949
f 5947 5948 5945
f 5945 5949 5947
f 5948 5952 5946
f 5949 5946 5950
f 5946 5952 5950
f 5947 5952 5948
f 5947 5949 5951
f 5951 5952 5947
f 5949 5950 5951
f 5951 5950 5952
o Projektor_vetrani_3
v 4.970100 3.175000 2.085000
v 4.970100 3.175000 2.150000
v 4.971000 3.175000 2.085000
v 4.971000 3.175000 2.150000
v 4.970100 3.185000 2.085000
v 4.970100 3.185000 2.150000
v 4.971000 3.185000 2.085000
v 4.971000 3.185000 2.150000
f 5953 5956 5954
f 5953 5954 5957
f 5955 5956 5953
f 5953 5957 5955
f 5956 5960 5954
f 5957 5954 5958
f 5954 5960 5958
f 5955 5960 5956
f 5955 5957 5959
f 5959 5960 5955
f 5957 5958 5959
f 5959 5958 5960
o Projektor_vetrani_4
v 4.970100 3.200000 2.085000
v 4.970100 3.200000 2.150000
v 4.971000 3.200000 2.085000
v 4.971000 3.200000 2.150000
v 4.970100 3.210000 2.085000
v 4.970100 3.210000 2.150000
v 4.971000 3.210000 2.085000
v 4.971000 3.210000 2.150000
f 5961 5964 5962
f 5961 5962 5965
f 5963 5964 5961
f 5961 5965 5963
f 5964 5968 5962
f 5965 5962 5966
f 5962 5968 5966
f 5963 5968 5964
f 5963 5965 5967
f 5967 5968 5963
f 5965 5966 5967
f 5967 5966 5968
o Horni_skrinka_korpus_0
v 2.254909 0.000000 1.500000
v 2.254909 0.000000 2.200000
v 2.254909 0.360000 1.500000
v 2.254909 0.360000 2.200000
v 3.054909 0.000000 1.500000
v 3.054909 0.000000 2.200000
v 3.054909 0.360000 1.500000
v 3.054909 0.360000 2.200000
f 5970 5972 5969
f 5973 5970 5969
f 5969 5972 5971
f 5971 5973 5969
f 5970 5976 5972
f 5974 5970 5973
f 5974 5976 5970
f 5972 5976 5971
f 5975 5973 5971
f 5971 5976 5975
f 5975 5974 5973
f 5976 5974 5975
o Horni_dubove_celo_0-0
v 2.257909 0.360000 1.504000
v 2.257909 0.360000 2.196000
v 2.257909 0.380000 1.504000
v 2.257909 0.380000 2.196000
v 2.651909 0.360000 1.504000
v 2.651909 0.360000 2.196000
v 2.651909 0.380000 1.504000
v 2.651909 0.380000 2.196000
f 5978 5980 5977
f 5981 5978 5977
f 5977 5980 5979
f 5979 5981 5977
f 5978 5984 5980
f 5982 5978 5981
f 5982 5984 5978
f 5980 5984 5979
f 5983 5981 5979
f 5979 5984 5983
f 5983 5982 5981
f 5984 5982 5983
o Horni_vlakna_0-00
v 2.309129 0.380300 1.529000
v 2.309129 0.380300 2.171000
v 2.309129 0.380700 1.529000
v 2.309129 0.380700 2.171000
v 2.310629 0.380300 1.529000
v 2.310629 0.380300 2.171000
v 2.310629 0.380700 1.529000
v 2.310629 0.380700 2.171000
f 5986 5988 5985
f 5989 5986 5985
f 5985 5988 5987
f 5987 5989 5985
f 5986 5992 5988
f 5990 5986 5989
f 5990 5992 5986
f 5988 5992 5987
f 5991 5989 5987
f 5987 5992 5991
f 5991 5990 5989
f 5992 5990 5991
o Horni_vlakna_0-01
v 2.387929 0.380300 1.529000
v 2.387929 0.380300 2.171000
v 2.387929 0.380700 1.529000
v 2.387929 0.380700 2.171000
v 2.389429 0.380300 1.529000
v 2.389429 0.380300 2.171000
v 2.389429 0.380700 1.529000
v 2.389429 0.380700 2.171000
f 5994 5996 5993
f 5997 5994 5993
f 5993 5996 5995
f 5995 5997 5993
f 5994 6000 5996
f 5998 5994 5997
f 5998 6000 5994
f 5996 6000 5995
f 5999 5997 5995
f 5995 6000 5999
f 5999 5998 5997
f 6000 5998 5999
o Horni_vlakna_0-02
v 2.466729 0.380300 1.529000
v 2.466729 0.380300 2.171000
v 2.466729 0.380700 1.529000
v 2.466729 0.380700 2.171000
v 2.468229 0.380300 1.529000
v 2.468229 0.380300 2.171000
v 2.468229 0.380700 1.529000
v 2.468229 0.380700 2.171000
f 6002 6004 6001
f 6005 6002 6001
f 6001 6004 6003
f 6003 6005 6001
f 6002 6008 6004
f 6006 6002 6005
f 6006 6008 6002
f 6004 6008 6003
f 6007 6005 6003
f 6003 6008 6007
f 6007 6006 6005
f 6008 6006 6007
o Horni_vlakna_0-03
v 2.545529 0.380300 1.529000
v 2.545529 0.380300 2.171000
v 2.545529 0.380700 1.529000
v 2.545529 0.380700 2.171000
v 2.547029 0.380300 1.529000
v 2.547029 0.380300 2.171000
v 2.547029 0.380700 1.529000
v 2.547029 0.380700 2.171000
f 6010 6012 6009
f 6013 6010 6009
f 6009 6012 6011
f 6011 6013 6009
f 6010 6016 6012
f 6014 6010 6013
f 6014 6016 6010
f 6012 6016 6011
f 6015 6013 6011
f 6011 6016 6015
f 6015 6014 6013
f 6016 6014 6015
o Horni_vlakna_0-04
v 2.624329 0.380300 1.529000
v 2.624329 0.380300 2.171000
v 2.624329 0.380700 1.529000
v 2.624329 0.380700 2.171000
v 2.625829 0.380300 1.529000
v 2.625829 0.380300 2.171000
v 2.625829 0.380700 1.529000
v 2.625829 0.380700 2.171000
f 6018 6020 6017
f 6021 6018 6017
f 6017 6020 6019
f 6019 6021 6017
f 6018 6024 6020
f 6022 6018 6021
f 6022 6024 6018
f 6020 6024 6019
f 6023 6021 6019
f 6019 6024 6023
f 6023 6022 6021
f 6024 6022 6023
o Horni_madlo_0-0
v 2.394909 0.381000 1.522000
v 2.394909 0.381000 1.538000
v 2.394909 0.399000 1.522000
v 2.394909 0.399000 1.538000
v 2.514909 0.381000 1.522000
v 2.514909 0.381000 1.538000
v 2.514909 0.399000 1.522000
v 2.514909 0.399000 1.538000
f 6026 6028 6025
f 6029 6026 6025
f 6025 6028 6027
f 6027 6029 6025
f 6026 6032 6028
f 6030 6026 6029
f 6030 6032 6026
f 6028 6032 6027
f 6031 6029 6027
f 6027 6032 6031
f 6031 6030 6029
f 6032 6030 6031
o Horni_dubove_celo_0-1
v 2.657909 0.360000 1.504000
v 2.657909 0.360000 2.196000
v 2.657909 0.380000 1.504000
v 2.657909 0.380000 2.196000
v 3.051909 0.360000 1.504000
v 3.051909 0.360000 2.196000
v 3.051909 0.380000 1.504000
v 3.051909 0.380000 2.196000
f 6034 6036 6033
f 6037 6034 6033
f 6033 6036 6035
f 6035 6037 6033
f 6034 6040 6036
f 6038 6034 6037
f 6038 6040 6034
f 6036 6040 6035
f 6039 6037 6035
f 6035 6040 6039
f 6039 6038 6037
f 6040 6038 6039
o Horni_vlakna_0-10
v 2.709129 0.380300 1.529000
v 2.709129 0.380300 2.171000
v 2.709129 0.380700 1.529000
v 2.709129 0.380700 2.171000
v 2.710629 0.380300 1.529000
v 2.710629 0.380300 2.171000
v 2.710629 0.380700 1.529000
v 2.710629 0.380700 2.171000
f 6042 6044 6041
f 6045 6042 6041
f 6041 6044 6043
f 6043 6045 6041
f 6042 6048 6044
f 6046 6042 6045
f 6046 6048 6042
f 6044 6048 6043
f 6047 6045 6043
f 6043 6048 6047
f 6047 6046 6045
f 6048 6046 6047
o Horni_vlakna_0-11
v 2.787929 0.380300 1.529000
v 2.787929 0.380300 2.171000
v 2.787929 0.380700 1.529000
v 2.787929 0.380700 2.171000
v 2.789429 0.380300 1.529000
v 2.789429 0.380300 2.171000
v 2.789429 0.380700 1.529000
v 2.789429 0.380700 2.171000
f 6050 6052 6049
f 6053 6050 6049
f 6049 6052 6051
f 6051 6053 6049
f 6050 6056 6052
f 6054 6050 6053
f 6054 6056 6050
f 6052 6056 6051
f 6055 6053 6051
f 6051 6056 6055
f 6055 6054 6053
f 6056 6054 6055
o Horni_vlakna_0-12
v 2.866729 0.380300 1.529000
v 2.866729 0.380300 2.171000
v 2.866729 0.380700 1.529000
v 2.866729 0.380700 2.171000
v 2.868229 0.380300 1.529000
v 2.868229 0.380300 2.171000
v 2.868229 0.380700 1.529000
v 2.868229 0.380700 2.171000
f 6058 6060 6057
f 6061 6058 6057
f 6057 6060 6059
f 6059 6061 6057
f 6058 6064 6060
f 6062 6058 6061
f 6062 6064 6058
f 6060 6064 6059
f 6063 6061 6059
f 6059 6064 6063
f 6063 6062 6061
f 6064 6062 6063
o Horni_vlakna_0-13
v 2.945529 0.380300 1.529000
v 2.945529 0.380300 2.171000
v 2.945529 0.380700 1.529000
v 2.945529 0.380700 2.171000
v 2.947029 0.380300 1.529000
v 2.947029 0.380300 2.171000
v 2.947029 0.380700 1.529000
v 2.947029 0.380700 2.171000
f 6066 6068 6065
f 6069 6066 6065
f 6065 6068 6067
f 6067 6069 6065
f 6066 6072 6068
f 6070 6066 6069
f 6070 6072 6066
f 6068 6072 6067
f 6071 6069 6067
f 6067 6072 6071
f 6071 6070 6069
f 6072 6070 6071
o Horni_vlakna_0-14
v 3.024329 0.380300 1.529000
v 3.024329 0.380300 2.171000
v 3.024329 0.380700 1.529000
v 3.024329 0.380700 2.171000
v 3.025829 0.380300 1.529000
v 3.025829 0.380300 2.171000
v 3.025829 0.380700 1.529000
v 3.025829 0.380700 2.171000
f 6074 6076 6073
f 6077 6074 6073
f 6073 6076 6075
f 6075 6077 6073
f 6074 6080 6076
f 6078 6074 6077
f 6078 6080 6074
f 6076 6080 6075
f 6079 6077 6075
f 6075 6080 6079
f 6079 6078 6077
f 6080 6078 6079
o Horni_madlo_0-1
v 2.794909 0.381000 1.522000
v 2.794909 0.381000 1.538000
v 2.794909 0.399000 1.522000
v 2.794909 0.399000 1.538000
v 2.914909 0.381000 1.522000
v 2.914909 0.381000 1.538000
v 2.914909 0.399000 1.522000
v 2.914909 0.399000 1.538000
f 6082 6084 6081
f 6085 6082 6081
f 6081 6084 6083
f 6083 6085 6081
f 6082 6088 6084
f 6086 6082 6085
f 6086 6088 6082
f 6084 6088 6083
f 6087 6085 6083
f 6083 6088 6087
f 6087 6086 6085
f 6088 6086 6087
o Horni_skrinka_korpus_1
v 3.054909 0.000000 1.500000
v 3.054909 0.000000 2.200000
v 3.054909 0.360000 1.500000
v 3.054909 0.360000 2.200000
v 3.654909 0.000000 1.500000
v 3.654909 0.000000 2.200000
v 3.654909 0.360000 1.500000
v 3.654909 0.360000 2.200000
f 6090 6092 6089
f 6093 6090 6089
f 6089 6092 6091
f 6091 6093 6089
f 6090 6096 6092
f 6094 6090 6093
f 6094 6096 6090
f 6092 6096 6091
f 6095 6093 6091
f 6091 6096 6095
f 6095 6094 6093
f 6096 6094 6095
o Horni_dubove_celo_1-0
v 3.057909 0.360000 1.504000
v 3.057909 0.360000 2.196000
v 3.057909 0.380000 1.504000
v 3.057909 0.380000 2.196000
v 3.351909 0.360000 1.504000
v 3.351909 0.360000 2.196000
v 3.351909 0.380000 1.504000
v 3.351909 0.380000 2.196000
f 6098 6100 6097
f 6101 6098 6097
f 6097 6100 6099
f 6099 6101 6097
f 6098 6104 6100
f 6102 6098 6101
f 6102 6104 6098
f 6100 6104 6099
f 6103 6101 6099
f 6099 6104 6103
f 6103 6102 6101
f 6104 6102 6103
o Horni_vlakna_1-00
v 3.096129 0.380300 1.529000
v 3.096129 0.380300 2.171000
v 3.096129 0.380700 1.529000
v 3.096129 0.380700 2.171000
v 3.097629 0.380300 1.529000
v 3.097629 0.380300 2.171000
v 3.097629 0.380700 1.529000
v 3.097629 0.380700 2.171000
f 6106 6108 6105
f 6109 6106 6105
f 6105 6108 6107
f 6107 6109 6105
f 6106 6112 6108
f 6110 6106 6109
f 6110 6112 6106
f 6108 6112 6107
f 6111 6109 6107
f 6107 6112 6111
f 6111 6110 6109
f 6112 6110 6111
o Horni_vlakna_1-01
v 3.154929 0.380300 1.529000
v 3.154929 0.380300 2.171000
v 3.154929 0.380700 1.529000
v 3.154929 0.380700 2.171000
v 3.156429 0.380300 1.529000
v 3.156429 0.380300 2.171000
v 3.156429 0.380700 1.529000
v 3.156429 0.380700 2.171000
f 6114 6116 6113
f 6117 6114 6113
f 6113 6116 6115
f 6115 6117 6113
f 6114 6120 6116
f 6118 6114 6117
f 6118 6120 6114
f 6116 6120 6115
f 6119 6117 6115
f 6115 6120 6119
f 6119 6118 6117
f 6120 6118 6119
o Horni_vlakna_1-02
v 3.213729 0.380300 1.529000
v 3.213729 0.380300 2.171000
v 3.213729 0.380700 1.529000
v 3.213729 0.380700 2.171000
v 3.215229 0.380300 1.529000
v 3.215229 0.380300 2.171000
v 3.215229 0.380700 1.529000
v 3.215229 0.380700 2.171000
f 6122 6124 6121
f 6125 6122 6121
f 6121 6124 6123
f 6123 6125 6121
f 6122 6128 6124
f 6126 6122 6125
f 6126 6128 6122
f 6124 6128 6123
f 6127 6125 6123
f 6123 6128 6127
f 6127 6126 6125
f 6128 6126 6127
o Horni_vlakna_1-03
v 3.272529 0.380300 1.529000
v 3.272529 0.380300 2.171000
v 3.272529 0.380700 1.529000
v 3.272529 0.380700 2.171000
v 3.274029 0.380300 1.529000
v 3.274029 0.380300 2.171000
v 3.274029 0.380700 1.529000
v 3.274029 0.380700 2.171000
f 6130 6132 6129
f 6133 6130 6129
f 6129 6132 6131
f 6131 6133 6129
f 6130 6136 6132
f 6134 6130 6133
f 6134 6136 6130
f 6132 6136 6131
f 6135 6133 6131
f 6131 6136 6135
f 6135 6134 6133
f 6136 6134 6135
o Horni_vlakna_1-04
v 3.331329 0.380300 1.529000
v 3.331329 0.380300 2.171000
v 3.331329 0.380700 1.529000
v 3.331329 0.380700 2.171000
v 3.332829 0.380300 1.529000
v 3.332829 0.380300 2.171000
v 3.332829 0.380700 1.529000
v 3.332829 0.380700 2.171000
f 6138 6140 6137
f 6141 6138 6137
f 6137 6140 6139
f 6139 6141 6137
f 6138 6144 6140
f 6142 6138 6141
f 6142 6144 6138
f 6140 6144 6139
f 6143 6141 6139
f 6139 6144 6143
f 6143 6142 6141
f 6144 6142 6143
o Horni_madlo_1-0
v 3.144909 0.381000 1.522000
v 3.144909 0.381000 1.538000
v 3.144909 0.399000 1.522000
v 3.144909 0.399000 1.538000
v 3.264909 0.381000 1.522000
v 3.264909 0.381000 1.538000
v 3.264909 0.399000 1.522000
v 3.264909 0.399000 1.538000
f 6146 6148 6145
f 6149 6146 6145
f 6145 6148 6147
f 6147 6149 6145
f 6146 6152 6148
f 6150 6146 6149
f 6150 6152 6146
f 6148 6152 6147
f 6151 6149 6147
f 6147 6152 6151
f 6151 6150 6149
f 6152 6150 6151
o Horni_dubove_celo_1-1
v 3.357909 0.360000 1.504000
v 3.357909 0.360000 2.196000
v 3.357909 0.380000 1.504000
v 3.357909 0.380000 2.196000
v 3.651909 0.360000 1.504000
v 3.651909 0.360000 2.196000
v 3.651909 0.380000 1.504000
v 3.651909 0.380000 2.196000
f 6154 6156 6153
f 6157 6154 6153
f 6153 6156 6155
f 6155 6157 6153
f 6154 6160 6156
f 6158 6154 6157
f 6158 6160 6154
f 6156 6160 6155
f 6159 6157 6155
f 6155 6160 6159
f 6159 6158 6157
f 6160 6158 6159
o Horni_vlakna_1-10
v 3.396129 0.380300 1.529000
v 3.396129 0.380300 2.171000
v 3.396129 0.380700 1.529000
v 3.396129 0.380700 2.171000
v 3.397629 0.380300 1.529000
v 3.397629 0.380300 2.171000
v 3.397629 0.380700 1.529000
v 3.397629 0.380700 2.171000
f 6162 6164 6161
f 6165 6162 6161
f 6161 6164 6163
f 6163 6165 6161
f 6162 6168 6164
f 6166 6162 6165
f 6166 6168 6162
f 6164 6168 6163
f 6167 6165 6163
f 6163 6168 6167
f 6167 6166 6165
f 6168 6166 6167
o Horni_vlakna_1-11
v 3.454929 0.380300 1.529000
v 3.454929 0.380300 2.171000
v 3.454929 0.380700 1.529000
v 3.454929 0.380700 2.171000
v 3.456429 0.380300 1.529000
v 3.456429 0.380300 2.171000
v 3.456429 0.380700 1.529000
v 3.456429 0.380700 2.171000
f 6170 6172 6169
f 6173 6170 6169
f 6169 6172 6171
f 6171 6173 6169
f 6170 6176 6172
f 6174 6170 6173
f 6174 6176 6170
f 6172 6176 6171
f 6175 6173 6171
f 6171 6176 6175
f 6175 6174 6173
f 6176 6174 6175
o Horni_vlakna_1-12
v 3.513729 0.380300 1.529000
v 3.513729 0.380300 2.171000
v 3.513729 0.380700 1.529000
v 3.513729 0.380700 2.171000
v 3.515229 0.380300 1.529000
v 3.515229 0.380300 2.171000
v 3.515229 0.380700 1.529000
v 3.515229 0.380700 2.171000
f 6178 6180 6177
f 6181 6178 6177
f 6177 6180 6179
f 6179 6181 6177
f 6178 6184 6180
f 6182 6178 6181
f 6182 6184 6178
f 6180 6184 6179
f 6183 6181 6179
f 6179 6184 6183
f 6183 6182 6181
f 6184 6182 6183
o Horni_vlakna_1-13
v 3.572529 0.380300 1.529000
v 3.572529 0.380300 2.171000
v 3.572529 0.380700 1.529000
v 3.572529 0.380700 2.171000
v 3.574029 0.380300 1.529000
v 3.574029 0.380300 2.171000
v 3.574029 0.380700 1.529000
v 3.574029 0.380700 2.171000
f 6186 6188 6185
f 6189 6186 6185
f 6185 6188 6187
f 6187 6189 6185
f 6186 6192 6188
f 6190 6186 6189
f 6190 6192 6186
f 6188 6192 6187
f 6191 6189 6187
f 6187 6192 6191
f 6191 6190 6189
f 6192 6190 6191
o Horni_vlakna_1-14
v 3.631329 0.380300 1.529000
v 3.631329 0.380300 2.171000
v 3.631329 0.380700 1.529000
v 3.631329 0.380700 2.171000
v 3.632829 0.380300 1.529000
v 3.632829 0.380300 2.171000
v 3.632829 0.380700 1.529000
v 3.632829 0.380700 2.171000
f 6194 6196 6193
f 6197 6194 6193
f 6193 6196 6195
f 6195 6197 6193
f 6194 6200 6196
f 6198 6194 6197
f 6198 6200 6194
f 6196 6200 6195
f 6199 6197 6195
f 6195 6200 6199
f 6199 6198 6197
f 6200 6198 6199
o Horni_madlo_1-1
v 3.444909 0.381000 1.522000
v 3.444909 0.381000 1.538000
v 3.444909 0.399000 1.522000
v 3.444909 0.399000 1.538000
v 3.564909 0.381000 1.522000
v 3.564909 0.381000 1.538000
v 3.564909 0.399000 1.522000
v 3.564909 0.399000 1.538000
f 6202 6204 6201
f 6205 6202 6201
f 6201 6204 6203
f 6203 6205 6201
f 6202 6208 6204
f 6206 6202 6205
f 6206 6208 6202
f 6204 6208 6203
f 6207 6205 6203
f 6203 6208 6207
f 6207 6206 6205
f 6208 6206 6207
o Police_projektoru_nad_gaucem
v 4.300000 2.979656 2.010000
v 4.300000 2.979656 2.040000
v 4.300000 3.444656 2.010000
v 4.300000 3.444656 2.040000
v 5.350000 2.979656 2.010000
v 5.350000 2.979656 2.040000
v 5.350000 3.444656 2.010000
v 5.350000 3.444656 2.040000
f 6210 6212 6209
f 6213 6210 6209
f 6209 6212 6211
f 6211 6213 6209
f 6210 6216 6212
f 6214 6210 6213
f 6214 6216 6210
f 6212 6216 6211
f 6215 6213 6211
f 6211 6216 6215
f 6215 6214 6213
f 6216 6214 6215
o Police_projektoru_nad_gaucem_konzola_4.3999999999999995
v 4.400000 3.404656 1.910000
v 4.400000 3.404656 2.010000
v 4.400000 3.444656 1.910000
v 4.400000 3.444656 2.010000
v 4.418000 3.404656 1.910000
v 4.418000 3.404656 2.010000
v 4.418000 3.444656 1.910000
v 4.418000 3.444656 2.010000
f 6218 6220 6217
f 6221 6218 6217
f 6217 6220 6219
f 6219 6221 6217
f 6218 6224 6220
f 6222 6218 6221
f 6222 6224 6218
f 6220 6224 6219
f 6223 6221 6219
f 6219 6224 6223
f 6223 6222 6221
f 6224 6222 6223
o Police_projektoru_nad_gaucem_konzola_5.25
v 5.250000 3.404656 1.910000
v 5.250000 3.404656 2.010000
v 5.250000 3.444656 1.910000
v 5.250000 3.444656 2.010000
v 5.268000 3.404656 1.910000
v 5.268000 3.404656 2.010000
v 5.268000 3.444656 1.910000
v 5.268000 3.444656 2.010000
f 6226 6228 6225
f 6229 6226 6225
f 6225 6228 6227
f 6227 6229 6225
f 6226 6232 6228
f 6230 6226 6229
f 6230 6232 6226
f 6228 6232 6227
f 6231 6229 6227
f 6227 6232 6231
f 6231 6230 6229
f 6232 6230 6231
o Projektor_nozicka_(4.72,_3.1)
v 4.720000 3.100000 2.040000
v 4.732000 3.100000 2.040000
v 4.732000 3.100000 2.060000
v 4.720000 3.100000 2.060000
v 4.730392 3.106000 2.040000
v 4.730392 3.106000 2.060000
v 4.726000 3.110392 2.040000
v 4.726000 3.110392 2.060000
v 4.720000 3.112000 2.040000
v 4.720000 3.112000 2.060000
v 4.714000 3.110392 2.040000
v 4.714000 3.110392 2.060000
v 4.709608 3.106000 2.040000
v 4.709608 3.106000 2.060000
v 4.708000 3.100000 2.040000
v 4.708000 3.100000 2.060000
v 4.709608 3.094000 2.040000
v 4.709608 3.094000 2.060000
v 4.714000 3.089608 2.040000
v 4.714000 3.089608 2.060000
v 4.720000 3.088000 2.040000
v 4.720000 3.088000 2.060000
v 4.726000 3.089608 2.040000
v 4.726000 3.089608 2.060000
v 4.730392 3.094000 2.040000
v 4.730392 3.094000 2.060000
f 6234 6233 6237
f 6234 6237 6235
f 6235 6237 6238
f 6235 6238 6236
f 6237 6233 6239
f 6237 6239 6238
f 6238 6239 6240
f 6238 6240 6236
f 6239 6233 6241
f 6239 6241 6240
f 6240 6241 6242
f 6240 6242 6236
f 6241 6233 6243
f 6241 6243 6242
f 6242 6243 6244
f 6242 6244 6236
f 6243 6233 6245
f 6243 6245 6244
f 6244 6245 6246
f 6244 6246 6236
f 6245 6233 6247
f 6245 6247 6246
f 6246 6247 6248
f 6246 6248 6236
f 6247 6233 6249
f 6247 6249 6248
f 6248 6249 6250
f 6248 6250 6236
f 6249 6233 6251
f 6249 6251 6250
f 6250 6251 6252
f 6250 6252 6236
f 6251 6233 6253
f 6251 6253 6252
f 6252 6253 6254
f 6252 6254 6236
f 6253 6233 6255
f 6253 6255 6254
f 6254 6255 6256
f 6254 6256 6236
f 6255 6233 6257
f 6255 6257 6256
f 6256 6257 6258
f 6256 6258 6236
f 6257 6233 6234
f 6257 6234 6258
f 6258 6234 6235
f 6258 6235 6236
o Projektor_nozicka_(4.72,_3.25)
v 4.720000 3.250000 2.040000
v 4.732000 3.250000 2.040000
v 4.732000 3.250000 2.060000
v 4.720000 3.250000 2.060000
v 4.730392 3.256000 2.040000
v 4.730392 3.256000 2.060000
v 4.726000 3.260392 2.040000
v 4.726000 3.260392 2.060000
v 4.720000 3.262000 2.040000
v 4.720000 3.262000 2.060000
v 4.714000 3.260392 2.040000
v 4.714000 3.260392 2.060000
v 4.709608 3.256000 2.040000
v 4.709608 3.256000 2.060000
v 4.708000 3.250000 2.040000
v 4.708000 3.250000 2.060000
v 4.709608 3.244000 2.040000
v 4.709608 3.244000 2.060000
v 4.714000 3.239608 2.040000
v 4.714000 3.239608 2.060000
v 4.720000 3.238000 2.040000
v 4.720000 3.238000 2.060000
v 4.726000 3.239608 2.040000
v 4.726000 3.239608 2.060000
v 4.730392 3.244000 2.040000
v 4.730392 3.244000 2.060000
f 6260 6259 6263
f 6260 6263 6261
f 6261 6263 6264
f 6261 6264 6262
f 6263 6259 6265
f 6263 6265 6264
f 6264 6265 6266
f 6264 6266 6262
f 6265 6259 6267
f 6265 6267 6266
f 6266 6267 6268
f 6266 6268 6262
f 6267 6259 6269
f 6267 6269 6268
f 6268 6269 6270
f 6268 6270 6262
f 6269 6259 6271
f 6269 6271 6270
f 6270 6271 6272
f 6270 6272 6262
f 6271 6259 6273
f 6271 6273 6272
f 6272 6273 6274
f 6272 6274 6262
f 6273 6259 6275
f 6273 6275 6274
f 6274 6275 6276
f 6274 6276 6262
f 6275 6259 6277
f 6275 6277 6276
f 6276 6277 6278
f 6276 6278 6262
f 6277 6259 6279
f 6277 6279 6278
f 6278 6279 6280
f 6278 6280 6262
f 6279 6259 6281
f 6279 6281 6280
f 6280 6281 6282
f 6280 6282 6262
f 6281 6259 6283
f 6281 6283 6282
f 6282 6283 6284
f 6282 6284 6262
f 6283 6259 6260
f 6283 6260 6284
f 6284 6260 6261
f 6284 6261 6262
o Projektor_nozicka_(4.92,_3.1)
v 4.920000 3.100000 2.040000
v 4.932000 3.100000 2.040000
v 4.932000 3.100000 2.060000
v 4.920000 3.100000 2.060000
v 4.930392 3.106000 2.040000
v 4.930392 3.106000 2.060000
v 4.926000 3.110392 2.040000
v 4.926000 3.110392 2.060000
v 4.920000 3.112000 2.040000
v 4.920000 3.112000 2.060000
v 4.914000 3.110392 2.040000
v 4.914000 3.110392 2.060000
v 4.909608 3.106000 2.040000
v 4.909608 3.106000 2.060000
v 4.908000 3.100000 2.040000
v 4.908000 3.100000 2.060000
v 4.909608 3.094000 2.040000
v 4.909608 3.094000 2.060000
v 4.914000 3.089608 2.040000
v 4.914000 3.089608 2.060000
v 4.920000 3.088000 2.040000
v 4.920000 3.088000 2.060000
v 4.926000 3.089608 2.040000
v 4.926000 3.089608 2.060000
v 4.930392 3.094000 2.040000
v 4.930392 3.094000 2.060000
f 6286 6285 6289
f 6286 6289 6287
f 6287 6289 6290
f 6287 6290 6288
f 6289 6285 6291
f 6289 6291 6290
f 6290 6291 6292
f 6290 6292 6288
f 6291 6285 6293
f 6291 6293 6292
f 6292 6293 6294
f 6292 6294 6288
f 6293 6285 6295
f 6293 6295 6294
f 6294 6295 6296
f 6294 6296 6288
f 6295 6285 6297
f 6295 6297 6296
f 6296 6297 6298
f 6296 6298 6288
f 6297 6285 6299
f 6297 6299 6298
f 6298 6299 6300
f 6298 6300 6288
f 6299 6285 6301
f 6299 6301 6300
f 6300 6301 6302
f 6300 6302 6288
f 6301 6285 6303
f 6301 6303 6302
f 6302 6303 6304
f 6302 6304 6288
f 6303 6285 6305
f 6303 6305 6304
f 6304 6305 6306
f 6304 6306 6288
f 6305 6285 6307
f 6305 6307 6306
f 6306 6307 6308
f 6306 6308 6288
f 6307 6285 6309
f 6307 6309 6308
f 6308 6309 6310
f 6308 6310 6288
f 6309 6285 6286
f 6309 6286 6310
f 6310 6286 6287
f 6310 6287 6288
o Projektor_nozicka_(4.92,_3.25)
v 4.920000 3.250000 2.040000
v 4.932000 3.250000 2.040000
v 4.932000 3.250000 2.060000
v 4.920000 3.250000 2.060000
v 4.930392 3.256000 2.040000
v 4.930392 3.256000 2.060000
v 4.926000 3.260392 2.040000
v 4.926000 3.260392 2.060000
v 4.920000 3.262000 2.040000
v 4.920000 3.262000 2.060000
v 4.914000 3.260392 2.040000
v 4.914000 3.260392 2.060000
v 4.909608 3.256000 2.040000
v 4.909608 3.256000 2.060000
v 4.908000 3.250000 2.040000
v 4.908000 3.250000 2.060000
v 4.909608 3.244000 2.040000
v 4.909608 3.244000 2.060000
v 4.914000 3.239608 2.040000
v 4.914000 3.239608 2.060000
v 4.920000 3.238000 2.040000
v 4.920000 3.238000 2.060000
v 4.926000 3.239608 2.040000
v 4.926000 3.239608 2.060000
v 4.930392 3.244000 2.040000
v 4.930392 3.244000 2.060000
f 6312 6311 6315
f 6312 6315 6313
f 6313 6315 6316
f 6313 6316 6314
f 6315 6311 6317
f 6315 6317 6316
f 6316 6317 6318
f 6316 6318 6314
f 6317 6311 6319
f 6317 6319 6318
f 6318 6319 6320
f 6318 6320 6314
f 6319 6311 6321
f 6319 6321 6320
f 6320 6321 6322
f 6320 6322 6314
f 6321 6311 6323
f 6321 6323 6322
f 6322 6323 6324
f 6322 6324 6314
f 6323 6311 6325
f 6323 6325 6324
f 6324 6325 6326
f 6324 6326 6314
f 6325 6311 6327
f 6325 6327 6326
f 6326 6327 6328
f 6326 6328 6314
f 6327 6311 6329
f 6327 6329 6328
f 6328 6329 6330
f 6328 6330 6314
f 6329 6311 6331
f 6329 6331 6330
f 6330 6331 6332
f 6330 6332 6314
f 6331 6311 6333
f 6331 6333 6332
f 6332 6333 6334
f 6332 6334 6314
f 6333 6311 6335
f 6333 6335 6334
f 6334 6335 6336
f 6334 6336 6314
f 6335 6311 6312
f 6335 6312 6336
f 6336 6312 6313
f 6336 6313 6314
o Police_nad_gaucem_leva
v 3.780000 3.229656 1.670000
v 3.780000 3.229656 1.700000
v 3.780000 3.444656 1.670000
v 3.780000 3.444656 1.700000
v 4.200000 3.229656 1.670000
v 4.200000 3.229656 1.700000
v 4.200000 3.444656 1.670000
v 4.200000 3.444656 1.700000
f 6338 6340 6337
f 6341 6338 6337
f 6337 6340 6339
f 6339 6341 6337
f 6338 6344 6340
f 6342 6338 6341
f 6342 6344 6338
f 6340 6344 6339
f 6343 6341 6339
f 6339 6344 6343
f 6343 6342 6341
f 6344 6342 6343
o Police_nad_gaucem_leva_konzola_3.88
v 3.880000 3.404656 1.570000
v 3.880000 3.404656 1.670000
v 3.880000 3.444656 1.570000
v 3.880000 3.444656 1.670000
v 3.898000 3.404656 1.570000
v 3.898000 3.404656 1.670000
v 3.898000 3.444656 1.570000
v 3.898000 3.444656 1.670000
f 6346 6348 6345
f 6349 6346 6345
f 6345 6348 6347
f 6347 6349 6345
f 6346 6352 6348
f 6350 6346 6349
f 6350 6352 6346
f 6348 6352 6347
f 6351 6349 6347
f 6347 6352 6351
f 6351 6350 6349
f 6352 6350 6351
o Police_nad_gaucem_leva_konzola_4.1000000000000005
v 4.100000 3.404656 1.570000
v 4.100000 3.404656 1.670000
v 4.100000 3.444656 1.570000
v 4.100000 3.444656 1.670000
v 4.118000 3.404656 1.570000
v 4.118000 3.404656 1.670000
v 4.118000 3.444656 1.570000
v 4.118000 3.444656 1.670000
f 6354 6356 6353
f 6357 6354 6353
f 6353 6356 6355
f 6355 6357 6353
f 6354 6360 6356
f 6358 6354 6357
f 6358 6360 6354
f 6356 6360 6355
f 6359 6357 6355
f 6355 6360 6359
f 6359 6358 6357
f 6360 6358 6359
o Police_nad_gaucem_prava
v 5.420000 3.229656 1.840000
v 5.420000 3.229656 1.870000
v 5.420000 3.444656 1.840000
v 5.420000 3.444656 1.870000
v 5.800000 3.229656 1.840000
v 5.800000 3.229656 1.870000
v 5.800000 3.444656 1.840000
v 5.800000 3.444656 1.870000
f 6362 6364 6361
f 6365 6362 6361
f 6361 6364 6363
f 6363 6365 6361
f 6362 6368 6364
f 6366 6362 6365
f 6366 6368 6362
f 6364 6368 6363
f 6367 6365 6363
f 6363 6368 6367
f 6367 6366 6365
f 6368 6366 6367
o Police_nad_gaucem_prava_konzola_5.52
v 5.520000 3.404656 1.740000
v 5.520000 3.404656 1.840000
v 5.520000 3.444656 1.740000
v 5.520000 3.444656 1.840000
v 5.538000 3.404656 1.740000
v 5.538000 3.404656 1.840000
v 5.538000 3.444656 1.740000
v 5.538000 3.444656 1.840000
f 6370 6372 6369
f 6373 6370 6369
f 6369 6372 6371
f 6371 6373 6369
f 6370 6376 6372
f 6374 6370 6373
f 6374 6376 6370
f 6372 6376 6371
f 6375 6373 6371
f 6371 6376 6375
f 6375 6374 6373
f 6376 6374 6375
o Police_nad_gaucem_prava_konzola_5.7
v 5.700000 3.404656 1.740000
v 5.700000 3.404656 1.840000
v 5.700000 3.444656 1.740000
v 5.700000 3.444656 1.840000
v 5.718000 3.404656 1.740000
v 5.718000 3.404656 1.840000
v 5.718000 3.444656 1.740000
v 5.718000 3.444656 1.840000
f 6378 6380 6377
f 6381 6378 6377
f 6377 6380 6379
f 6379 6381 6377
f 6378 6384 6380
f 6382 6378 6381
f 6382 6384 6378
f 6380 6384 6379
f 6383 6381 6379
f 6379 6384 6383
f 6383 6382 6381
f 6384 6382 6383
o Kytka_nad_gaucem_kvetinac
v 5.620000 3.334656 1.870000
v 5.695000 3.334656 1.870000
v 5.695000 3.334656 2.000000
v 5.620000 3.334656 2.000000
v 5.689291 3.363358 1.870000
v 5.689291 3.363358 2.000000
v 5.673033 3.387689 1.870000
v 5.673033 3.387689 2.000000
v 5.648701 3.403947 1.870000
v 5.648701 3.403947 2.000000
v 5.620000 3.409656 1.870000
v 5.620000 3.409656 2.000000
v 5.591299 3.403947 1.870000
v 5.591299 3.403947 2.000000
v 5.566967 3.387689 1.870000
v 5.566967 3.387689 2.000000
v 5.550709 3.363358 1.870000
v 5.550709 3.363358 2.000000
v 5.545000 3.334656 1.870000
v 5.545000 3.334656 2.000000
v 5.550709 3.305955 1.870000
v 5.550709 3.305955 2.000000
v 5.566967 3.281623 1.870000
v 5.566967 3.281623 2.000000
v 5.591299 3.265365 1.870000
v 5.591299 3.265365 2.000000
v 5.620000 3.259656 1.870000
v 5.620000 3.259656 2.000000
v 5.648701 3.265365 1.870000
v 5.648701 3.265365 2.000000
v 5.673033 3.281623 1.870000
v 5.673033 3.281623 2.000000
v 5.689291 3.305955 1.870000
v 5.689291 3.305955 2.000000
f 6386 6385 6389
f 6386 6389 6387
f 6387 6389 6390
f 6387 6390 6388
f 6389 6385 6391
f 6389 6391 6390
f 6390 6391 6392
f 6390 6392 6388
f 6391 6385 6393
f 6391 6393 6392
f 6392 6393 6394
f 6392 6394 6388
f 6393 6385 6395
f 6393 6395 6394
f 6394 6395 6396
f 6394 6396 6388
f 6395 6385 6397
f 6395 6397 6396
f 6396 6397 6398
f 6396 6398 6388
f 6397 6385 6399
f 6397 6399 6398
f 6398 6399 6400
f 6398 6400 6388
f 6399 6385 6401
f 6399 6401 6400
f 6400 6401 6402
f 6400 6402 6388
f 6401 6385 6403
f 6401 6403 6402
f 6402 6403 6404
f 6402 6404 6388
f 6403 6385 6405
f 6403 6405 6404
f 6404 6405 6406
f 6404 6406 6388
f 6405 6385 6407
f 6405 6407 6406
f 6406 6407 6408
f 6406 6408 6388
f 6407 6385 6409
f 6407 6409 6408
f 6408 6409 6410
f 6408 6410 6388
f 6409 6385 6411
f 6409 6411 6410
f 6410 6411 6412
f 6410 6412 6388
f 6411 6385 6413
f 6411 6413 6412
f 6412 6413 6414
f 6412 6414 6388
f 6413 6385 6415
f 6413 6415 6414
f 6414 6415 6416
f 6414 6416 6388
f 6415 6385 6417
f 6415 6417 6416
f 6416 6417 6418
f 6416 6418 6388
f 6417 6385 6386
f 6417 6386 6418
f 6418 6386 6387
f 6418 6387 6388
o Kytka_nad_gaucem_zemina
v 5.620000 3.334656 1.998500
v 5.684000 3.334656 1.998500
v 5.684000 3.334656 2.001500
v 5.620000 3.334656 2.001500
v 5.679128 3.359148 1.998500
v 5.679128 3.359148 2.001500
v 5.665255 3.379911 1.998500
v 5.665255 3.379911 2.001500
v 5.644492 3.393785 1.998500
v 5.644492 3.393785 2.001500
v 5.620000 3.398656 1.998500
v 5.620000 3.398656 2.001500
v 5.595508 3.393785 1.998500
v 5.595508 3.393785 2.001500
v 5.574745 3.379911 1.998500
v 5.574745 3.379911 2.001500
v 5.560872 3.359148 1.998500
v 5.560872 3.359148 2.001500
v 5.556000 3.334656 1.998500
v 5.556000 3.334656 2.001500
v 5.560872 3.310165 1.998500
v 5.560872 3.310165 2.001500
v 5.574745 3.289401 1.998500
v 5.574745 3.289401 2.001500
v 5.595508 3.275528 1.998500
v 5.595508 3.275528 2.001500
v 5.620000 3.270656 1.998500
v 5.620000 3.270656 2.001500
v 5.644492 3.275528 1.998500
v 5.644492 3.275528 2.001500
v 5.665255 3.289401 1.998500
v 5.665255 3.289401 2.001500
v 5.679128 3.310165 1.998500
v 5.679128 3.310165 2.001500
f 6420 6419 6423
f 6420 6423 6421
f 6421 6423 6424
f 6421 6424 6422
f 6423 6419 6425
f 6423 6425 6424
f 6424 6425 6426
f 6424 6426 6422
f 6425 6419 6427
f 6425 6427 6426
f 6426 6427 6428
f 6426 6428 6422
f 6427 6419 6429
f 6427 6429 6428
f 6428 6429 6430
f 6428 6430 6422
f 6429 6419 6431
f 6429 6431 6430
f 6430 6431 6432
f 6430 6432 6422
f 6431 6419 6433
f 6431 6433 6432
f 6432 6433 6434
f 6432 6434 6422
f 6433 6419 6435
f 6433 6435 6434
f 6434 6435 6436
f 6434 6436 6422
f 6435 6419 6437
f 6435 6437 6436
f 6436 6437 6438
f 6436 6438 6422
f 6437 6419 6439
f 6437 6439 6438
f 6438 6439 6440
f 6438 6440 6422
f 6439 6419 6441
f 6439 6441 6440
f 6440 6441 6442
f 6440 6442 6422
f 6441 6419 6443
f 6441 6443 6442
f 6442 6443 6444
f 6442 6444 6422
f 6443 6419 6445
f 6443 6445 6444
f 6444 6445 6446
f 6444 6446 6422
f 6445 6419 6447
f 6445 6447 6446
f 6446 6447 6448
f 6446 6448 6422
f 6447 6419 6449
f 6447 6449 6448
f 6448 6449 6450
f 6448 6450 6422
f 6449 6419 6451
f 6449 6451 6450
f 6450 6451 6452
f 6450 6452 6422
f 6451 6419 6420
f 6451 6420 6452
f 6452 6420 6421
f 6452 6421 6422
o Kytka_nad_gaucem_stonek
v 5.620000 3.334656 2.000000
v 5.626000 3.334656 2.000000
v 5.626000 3.334656 2.160000
v 5.620000 3.334656 2.160000
v 5.625196 3.337656 2.000000
v 5.625196 3.337656 2.160000
v 5.623000 3.339852 2.000000
v 5.623000 3.339852 2.160000
v 5.620000 3.340656 2.000000
v 5.620000 3.340656 2.160000
v 5.617000 3.339852 2.000000
v 5.617000 3.339852 2.160000
v 5.614804 3.337656 2.000000
v 5.614804 3.337656 2.160000
v 5.614000 3.334656 2.000000
v 5.614000 3.334656 2.160000
v 5.614804 3.331656 2.000000
v 5.614804 3.331656 2.160000
v 5.617000 3.329460 2.000000
v 5.617000 3.329460 2.160000
v 5.620000 3.328656 2.000000
v 5.620000 3.328656 2.160000
v 5.623000 3.329460 2.000000
v 5.623000 3.329460 2.160000
v 5.625196 3.331656 2.000000
v 5.625196 3.331656 2.160000
f 6454 6453 6457
f 6454 6457 6455
f 6455 6457 6458
f 6455 6458 6456
f 6457 6453 6459
f 6457 6459 6458
f 6458 6459 6460
f 6458 6460 6456
f 6459 6453 6461
f 6459 6461 6460
f 6460 6461 6462
f 6460 6462 6456
f 6461 6453 6463
f 6461 6463 6462
f 6462 6463 6464
f 6462 6464 6456
f 6463 6453 6465
f 6463 6465 6464
f 6464 6465 6466
f 6464 6466 6456
f 6465 6453 6467
f 6465 6467 6466
f 6466 6467 6468
f 6466 6468 6456
f 6467 6453 6469
f 6467 6469 6468
f 6468 6469 6470
f 6468 6470 6456
f 6469 6453 6471
f 6469 6471 6470
f 6470 6471 6472
f 6470 6472 6456
f 6471 6453 6473
f 6471 6473 6472
f 6472 6473 6474
f 6472 6474 6456
f 6473 6453 6475
f 6473 6475 6474
f 6474 6475 6476
f 6474 6476 6456
f 6475 6453 6477
f 6475 6477 6476
f 6476 6477 6478
f 6476 6478 6456
f 6477 6453 6454
f 6477 6454 6478
f 6478 6454 6455
f 6478 6455 6456
o Kytka_nad_gaucem_vetvicka_0
v 5.620000 3.334656 2.030000
v 5.621721 3.334656 2.026952
v 5.683721 3.334656 2.061952
v 5.682000 3.334656 2.065000
v 5.621490 3.336406 2.027360
v 5.683490 3.336406 2.062360
v 5.620860 3.337687 2.028476
v 5.682860 3.337687 2.063476
v 5.620000 3.338156 2.030000
v 5.682000 3.338156 2.065000
v 5.619140 3.337687 2.031524
v 5.681140 3.337687 2.066524
v 5.618510 3.336406 2.032640
v 5.680510 3.336406 2.067640
v 5.618279 3.334656 2.033048
v 5.680279 3.334656 2.068048
v 5.618510 3.332906 2.032640
v 5.680510 3.332906 2.067640
v 5.619140 3.331625 2.031524
v 5.681140 3.331625 2.066524
v 5.620000 3.331156 2.030000
v 5.682000 3.331156 2.065000
v 5.620860 3.331625 2.028476
v 5.682860 3.331625 2.063476
v 5.621490 3.332906 2.027360
v 5.683490 3.332906 2.062360
f 6480 6479 6483
f 6480 6483 6481
f 6481 6483 6484
f 6481 6484 6482
f 6483 6479 6485
f 6483 6485 6484
f 6484 6485 6486
f 6484 6486 6482
f 6485 6479 6487
f 6485 6487 6486
f 6486 6487 6488
f 6486 6488 6482
f 6487 6479 6489
f 6487 6489 6488
f 6488 6489 6490
f 6488 6490 6482
f 6489 6479 6491
f 6489 6491 6490
f 6490 6491 6492
f 6490 6492 6482
f 6491 6479 6493
f 6491 6493 6492
f 6492 6493 6494
f 6492 6494 6482
f 6493 6479 6495
f 6493 6495 6494
f 6494 6495 6496
f 6494 6496 6482
f 6495 6479 6497
f 6495 6497 6496
f 6496 6497 6498
f 6496 6498 6482
f 6497 6479 6499
f 6497 6499 6498
f 6498 6499 6500
f 6498 6500 6482
f 6499 6479 6501
f 6499 6501 6500
f 6500 6501 6502
f 6500 6502 6482
f 6501 6479 6503
f 6501 6503 6502
f 6502 6503 6504
f 6502 6504 6482
f 6503 6479 6480
f 6503 6480 6504
f 6504 6480 6481
f 6504 6481 6482
o Kytka_nad_gaucem_list_0
v 5.645199 3.364429 2.080000
v 5.718801 3.364429 2.080000
v 5.645199 3.304884 2.080000
v 5.718801 3.304884 2.080000
v 5.682000 3.316256 2.112325
v 5.682000 3.353057 2.112325
v 5.682000 3.316256 2.047675
v 5.682000 3.353057 2.047675
v 5.741546 3.334656 2.060022
v 5.741546 3.334656 2.099978
v 5.622454 3.334656 2.060022
v 5.622454 3.334656 2.099978
v 5.682000 3.369656 2.080000
v 5.682000 3.299656 2.080000
v 5.660369 3.306341 2.099000
v 5.703631 3.306341 2.099000
v 5.660369 3.362972 2.099000
v 5.703631 3.362972 2.099000
v 5.682000 3.334656 2.118000
v 5.660369 3.306341 2.061000
v 5.703631 3.306341 2.061000
v 5.660369 3.362972 2.061000
v 5.703631 3.362972 2.061000
v 5.682000 3.334656 2.042000
v 5.738631 3.352156 2.068257
v 5.738631 3.317156 2.068257
v 5.717000 3.323841 2.049257
v 5.717000 3.345472 2.049257
v 5.738631 3.352156 2.091743
v 5.738631 3.317156 2.091743
v 5.717000 3.323841 2.110743
v 5.717000 3.345472 2.110743
v 5.752000 3.334656 2.080000
v 5.625369 3.352156 2.068257
v 5.625369 3.317156 2.068257
v 5.647000 3.323841 2.049257
v 5.647000 3.345472 2.049257
v 5.625369 3.352156 2.091743
v 5.625369 3.317156 2.091743
v 5.647000 3.323841 2.110743
v 5.647000 3.345472 2.110743
v 5.612000 3.334656 2.080000
f 6505 6542 6521
f 6542 6516 6545
f 6521 6545 6510
f 6542 6545 6521
f 6505 6521 6517
f 6521 6510 6522
f 6517 6522 6506
f 6521 6522 6517
f 6505 6517 6526
f 6517 6506 6527
f 6526 6527 6512
f 6517 6527 6526
f 6505 6526 6538
f 6526 6512 6541
f 6538 6541 6515
f 6526 6541 6538
f 6505 6538 6542
f 6538 6515 6546
f 6542 6546 6516
f 6538 6546 6542
f 6506 6522 6533
f 6522 6510 6536
f 6533 6536 6514
f 6522 6536 6533
f 6510 6545 6523
f 6545 6516 6544
f 6523 6544 6509
f 6545 6544 6523
f 6516 6546 6543
f 6546 6515 6539
f 6543 6539 6507
f 6546 6539 6543
f 6515 6541 6540
f 6541 6512 6528
f 6540 6528 6511
f 6541 6528 6540
f 6512 6527 6532
f 6527 6506 6529
f 6532 6529 6513
f 6527 6529 6532
f 6508 6534 6520
f 6534 6514 6535
f 6520 6535 6509
f 6534 6535 6520
f 6508 6520 6518
f 6520 6509 6519
f 6518 6519 6507
f 6520 6519 6518
f 6508 6518 6525
f 6518 6507 6524
f 6525 6524 6511
f 6518 6524 6525
f 6508 6525 6530
f 6525 6511 6531
f 6530 6531 6513
f 6525 6531 6530
f 6508 6530 6534
f 6530 6513 6537
f 6534 6537 6514
f 6530 6537 6534
f 6509 6535 6523
f 6535 6514 6536
f 6523 6536 6510
f 6535 6536 6523
f 6507 6519 6543
f 6519 6509 6544
f 6543 6544 6516
f 6519 6544 6543
f 6511 6524 6540
f 6524 6507 6539
f 6540 6539 6515
f 6524 6539 6540
f 6513 6531 6532
f 6531 6511 6528
f 6532 6528 6512
f 6531 6528 6532
f 6514 6537 6533
f 6537 6513 6529
f 6533 6529 6506
f 6537 6529 6533
o Kytka_nad_gaucem_vetvicka_1
v 5.620000 3.334656 2.050000
v 5.621721 3.334040 2.052985
v 5.576002 3.375919 2.087985
v 5.574282 3.376535 2.085000
v 5.622519 3.335504 2.052277
v 5.576801 3.377383 2.087277
v 5.622643 3.336741 2.050959
v 5.576925 3.378619 2.085959
v 5.622059 3.337419 2.049384
v 5.576340 3.379298 2.084384
v 5.620923 3.337357 2.047974
v 5.575204 3.379236 2.082974
v 5.619539 3.336571 2.047107
v 5.573821 3.378450 2.082107
v 5.618279 3.335273 2.047015
v 5.572561 3.377151 2.082015
v 5.617481 3.333809 2.047723
v 5.571762 3.375687 2.082723
v 5.617357 3.332572 2.049041
v 5.571638 3.374451 2.084041
v 5.617941 3.331894 2.050616
v 5.572223 3.373772 2.085616
v 5.619077 3.331956 2.052026
v 5.573359 3.373834 2.087026
v 5.620461 3.332741 2.052893
v 5.574742 3.374620 2.087893
f 6548 6547 6551
f 6548 6551 6549
f 6549 6551 6552
f 6549 6552 6550
f 6551 6547 6553
f 6551 6553 6552
f 6552 6553 6554
f 6552 6554 6550
f 6553 6547 6555
f 6553 6555 6554
f 6554 6555 6556
f 6554 6556 6550
f 6555 6547 6557
f 6555 6557 6556
f 6556 6557 6558
f 6556 6558 6550
f 6557 6547 6559
f 6557 6559 6558
f 6558 6559 6560
f 6558 6560 6550
f 6559 6547 6561
f 6559 6561 6560
f 6560 6561 6562
f 6560 6562 6550
f 6561 6547 6563
f 6561 6563 6562
f 6562 6563 6564
f 6562 6564 6550
f 6563 6547 6565
f 6563 6565 6564
f 6564 6565 6566
f 6564 6566 6550
f 6565 6547 6567
f 6565 6567 6566
f 6566 6567 6568
f 6566 6568 6550
f 6567 6547 6569
f 6567 6569 6568
f 6568 6569 6570
f 6568 6570 6550
f 6569 6547 6571
f 6569 6571 6570
f 6570 6571 6572
f 6570 6572 6550
f 6571 6547 6548
f 6571 6548 6572
f 6572 6548 6549
f 6572 6549 6550
o Kytka_nad_gaucem_list_1
v 5.537480 3.406308 2.100000
v 5.611083 3.406308 2.100000
v 5.537480 3.346762 2.100000
v 5.611083 3.346762 2.100000
v 5.574282 3.358134 2.132325
v 5.574282 3.394936 2.132325
v 5.574282 3.358134 2.067675
v 5.574282 3.394936 2.067675
v 5.633827 3.376535 2.080022
v 5.633827 3.376535 2.119978
v 5.514736 3.376535 2.080022
v 5.514736 3.376535 2.119978
v 5.574282 3.411535 2.100000
v 5.574282 3.341535 2.100000
v 5.552650 3.348219 2.119000
v 5.595913 3.348219 2.119000
v 5.552650 3.404851 2.119000
v 5.595913 3.404851 2.119000
v 5.574282 3.376535 2.138000
v 5.552650 3.348219 2.081000
v 5.595913 3.348219 2.081000
v 5.552650 3.404851 2.081000
v 5.595913 3.404851 2.081000
v 5.574282 3.376535 2.062000
v 5.630913 3.394035 2.088257
v 5.630913 3.359035 2.088257
v 5.609282 3.365719 2.069257
v 5.609282 3.387351 2.069257
v 5.630913 3.394035 2.111743
v 5.630913 3.359035 2.111743
v 5.609282 3.365719 2.130743
v 5.609282 3.387351 2.130743
v 5.644282 3.376535 2.100000
v 5.517650 3.394035 2.088257
v 5.517650 3.359035 2.088257
v 5.539282 3.365719 2.069257
v 5.539282 3.387351 2.069257
v 5.517650 3.394035 2.111743
v 5.517650 3.359035 2.111743
v 5.539282 3.365719 2.130743
v 5.539282 3.387351 2.130743
v 5.504282 3.376535 2.100000
f 6573 6610 6589
f 6610 6584 6613
f 6589 6613 6578
f 6610 6613 6589
f 6573 6589 6585
f 6589 6578 6590
f 6585 6590 6574
f 6589 6590 6585
f 6573 6585 6594
f 6585 6574 6595
f 6594 6595 6580
f 6585 6595 6594
f 6573 6594 6606
f 6594 6580 6609
f 6606 6609 6583
f 6594 6609 6606
f 6573 6606 6610
f 6606 6583 6614
f 6610 6614 6584
f 6606 6614 6610
f 6574 6590 6601
f 6590 6578 6604
f 6601 6604 6582
f 6590 6604 6601
f 6578 6613 6591
f 6613 6584 6612
f 6591 6612 6577
f 6613 6612 6591
f 6584 6614 6611
f 6614 6583 6607
f 6611 6607 6575
f 6614 6607 6611
f 6583 6609 6608
f 6609 6580 6596
f 6608 6596 6579
f 6609 6596 6608
f 6580 6595 6600
f 6595 6574 6597
f 6600 6597 6581
f 6595 6597 6600
f 6576 6602 6588
f 6602 6582 6603
f 6588 6603 6577
f 6602 6603 6588
f 6576 6588 6586
f 6588 6577 6587
f 6586 6587 6575
f 6588 6587 6586
f 6576 6586 6593
f 6586 6575 6592
f 6593 6592 6579
f 6586 6592 6593
f 6576 6593 6598
f 6593 6579 6599
f 6598 6599 6581
f 6593 6599 6598
f 6576 6598 6602
f 6598 6581 6605
f 6602 6605 6582
f 6598 6605 6602
f 6577 6603 6591
f 6603 6582 6604
f 6591 6604 6578
f 6603 6604 6591
f 6575 6587 6611
f 6587 6577 6612
f 6611 6612 6584
f 6587 6612 6611
f 6579 6592 6608
f 6592 6575 6607
f 6608 6607 6583
f 6592 6607 6608
f 6581 6599 6600
f 6599 6579 6596
f 6600 6596 6580
f 6599 6596 6600
f 6582 6605 6601
f 6605 6581 6597
f 6601 6597 6574
f 6605 6597 6601
o Kytka_nad_gaucem_vetvicka_2
v 5.620000 3.334656 2.070000
v 5.621721 3.333269 2.067286
v 5.627146 3.271507 2.102286
v 5.625425 3.272894 2.105000
v 5.623008 3.333982 2.068343
v 5.628433 3.272219 2.103343
v 5.623490 3.334874 2.069844
v 5.628915 3.273112 2.104844
v 5.623036 3.335709 2.071387
v 5.628461 3.273947 2.106387
v 5.621769 3.336261 2.072558
v 5.627194 3.274499 2.107558
v 5.620028 3.336384 2.073044
v 5.625453 3.274621 2.108044
v 5.618279 3.336043 2.072714
v 5.623704 3.274281 2.107714
v 5.616992 3.335331 2.071657
v 5.622417 3.273569 2.106657
v 5.616510 3.334438 2.070156
v 5.621935 3.272676 2.105156
v 5.616964 3.333604 2.068613
v 5.622389 3.271841 2.103613
v 5.618231 3.333051 2.067442
v 5.623656 3.271289 2.102442
v 5.619972 3.332929 2.066956
v 5.625397 3.271167 2.101956
f 6616 6615 6619
f 6616 6619 6617
f 6617 6619 6620
f 6617 6620 6618
f 6619 6615 6621
f 6619 6621 6620
f 6620 6621 6622
f 6620 6622 6618
f 6621 6615 6623
f 6621 6623 6622
f 6622 6623 6624
f 6622 6624 6618
f 6623 6615 6625
f 6623 6625 6624
f 6624 6625 6626
f 6624 6626 6618
f 6625 6615 6627
f 6625 6627 6626
f 6626 6627 6628
f 6626 6628 6618
f 6627 6615 6629
f 6627 6629 6628
f 6628 6629 6630
f 6628 6630 6618
f 6629 6615 6631
f 6629 6631 6630
f 6630 6631 6632
f 6630 6632 6618
f 6631 6615 6633
f 6631 6633 6632
f 6632 6633 6634
f 6632 6634 6618
f 6633 6615 6635
f 6633 6635 6634
f 6634 6635 6636
f 6634 6636 6618
f 6635 6615 6637
f 6635 6637 6636
f 6636 6637 6638
f 6636 6638 6618
f 6637 6615 6639
f 6637 6639 6638
f 6638 6639 6640
f 6638 6640 6618
f 6639 6615 6616
f 6639 6616 6640
f 6640 6616 6617
f 6640 6617 6618
o Kytka_nad_gaucem_list_2
v 5.588624 3.302667 2.120000
v 5.662226 3.302667 2.120000
v 5.588624 3.243121 2.120000
v 5.662226 3.243121 2.120000
v 5.625425 3.254493 2.152325
v 5.625425 3.291295 2.152325
v 5.625425 3.254493 2.087675
v 5.625425 3.291295 2.087675
v 5.684970 3.272894 2.100022
v 5.684970 3.272894 2.139978
v 5.565879 3.272894 2.100022
v 5.565879 3.272894 2.139978
v 5.625425 3.307894 2.120000
v 5.625425 3.237894 2.120000
v 5.603794 3.244578 2.139000
v 5.647056 3.244578 2.139000
v 5.603794 3.301210 2.139000
v 5.647056 3.301210 2.139000
v 5.625425 3.272894 2.158000
v 5.603794 3.244578 2.101000
v 5.647056 3.244578 2.101000
v 5.603794 3.301210 2.101000
v 5.647056 3.301210 2.101000
v 5.625425 3.272894 2.082000
v 5.682056 3.290394 2.108257
v 5.682056 3.255394 2.108257
v 5.660425 3.262078 2.089257
v 5.660425 3.283710 2.089257
v 5.682056 3.290394 2.131743
v 5.682056 3.255394 2.131743
v 5.660425 3.262078 2.150743
v 5.660425 3.283710 2.150743
v 5.695425 3.272894 2.120000
v 5.568794 3.290394 2.108257
v 5.568794 3.255394 2.108257
v 5.590425 3.262078 2.089257
v 5.590425 3.283710 2.089257
v 5.568794 3.290394 2.131743
v 5.568794 3.255394 2.131743
v 5.590425 3.262078 2.150743
v 5.590425 3.283710 2.150743
v 5.555425 3.272894 2.120000
f 6641 6678 6657
f 6678 6652 6681
f 6657 6681 6646
f 6678 6681 6657
f 6641 6657 6653
f 6657 6646 6658
f 6653 6658 6642
f 6657 6658 6653
f 6641 6653 6662
f 6653 6642 6663
f 6662 6663 6648
f 6653 6663 6662
f 6641 6662 6674
f 6662 6648 6677
f 6674 6677 6651
f 6662 6677 6674
f 6641 6674 6678
f 6674 6651 6682
f 6678 6682 6652
f 6674 6682 6678
f 6642 6658 6669
f 6658 6646 6672
f 6669 6672 6650
f 6658 6672 6669
f 6646 6681 6659
f 6681 6652 6680
f 6659 6680 6645
f 6681 6680 6659
f 6652 6682 6679
f 6682 6651 6675
f 6679 6675 6643
f 6682 6675 6679
f 6651 6677 6676
f 6677 6648 6664
f 6676 6664 6647
f 6677 6664 6676
f 6648 6663 6668
f 6663 6642 6665
f 6668 6665 6649
f 6663 6665 6668
f 6644 6670 6656
f 6670 6650 6671
f 6656 6671 6645
f 6670 6671 6656
f 6644 6656 6654
f 6656 6645 6655
f 6654 6655 6643
f 6656 6655 6654
f 6644 6654 6661
f 6654 6643 6660
f 6661 6660 6647
f 6654 6660 6661
f 6644 6661 6666
f 6661 6647 6667
f 6666 6667 6649
f 6661 6667 6666
f 6644 6666 6670
f 6666 6649 6673
f 6670 6673 6650
f 6666 6673 6670
f 6645 6671 6659
f 6671 6650 6672
f 6659 6672 6646
f 6671 6672 6659
f 6643 6655 6679
f 6655 6645 6680
f 6679 6680 6652
f 6655 6680 6679
f 6647 6660 6676
f 6660 6643 6675
f 6676 6675 6651
f 6660 6675 6676
f 6649 6667 6668
f 6667 6647 6664
f 6668 6664 6648
f 6667 6664 6668
f 6650 6673 6669
f 6673 6649 6665
f 6669 6665 6642
f 6673 6665 6669
o Kytka_nad_gaucem_vetvicka_3
v 5.620000 3.334656 2.090000
v 5.621721 3.335434 2.087053
v 5.659438 3.384641 2.122053
v 5.657718 3.383864 2.125000
v 5.620281 3.336533 2.087059
v 5.657998 3.385740 2.122059
v 5.618765 3.337130 2.087853
v 5.656483 3.386337 2.122853
v 5.617581 3.337063 2.089223
v 5.655299 3.386271 2.124223
v 5.617045 3.336352 2.090800
v 5.654763 3.385560 2.125800
v 5.617300 3.335187 2.092164
v 5.655018 3.384394 2.127164
v 5.618279 3.333879 2.092947
v 5.655997 3.383086 2.127947
v 5.619719 3.332780 2.092941
v 5.657437 3.381987 2.127941
v 5.621235 3.332183 2.092147
v 5.658952 3.381390 2.127147
v 5.622419 3.332249 2.090777
v 5.660137 3.381457 2.125777
v 5.622955 3.332960 2.089200
v 5.660673 3.382168 2.124200
v 5.622700 3.334126 2.087836
v 5.660417 3.383333 2.122836
f 6684 6683 6687
f 6684 6687 6685
f 6685 6687 6688
f 6685 6688 6686
f 6687 6683 6689
f 6687 6689 6688
f 6688 6689 6690
f 6688 6690 6686
f 6689 6683 6691
f 6689 6691 6690
f 6690 6691 6692
f 6690 6692 6686
f 6691 6683 6693
f 6691 6693 6692
f 6692 6693 6694
f 6692 6694 6686
f 6693 6683 6695
f 6693 6695 6694
f 6694 6695 6696
f 6694 6696 6686
f 6695 6683 6697
f 6695 6697 6696
f 6696 6697 6698
f 6696 6698 6686
f 6697 6683 6699
f 6697 6699 6698
f 6698 6699 6700
f 6698 6700 6686
f 6699 6683 6701
f 6699 6701 6700
f 6700 6701 6702
f 6700 6702 6686
f 6701 6683 6703
f 6701 6703 6702
f 6702 6703 6704
f 6702 6704 6686
f 6703 6683 6705
f 6703 6705 6704
f 6704 6705 6706
f 6704 6706 6686
f 6705 6683 6707
f 6705 6707 6706
f 6706 6707 6708
f 6706 6708 6686
f 6707 6683 6684
f 6707 6684 6708
f 6708 6684 6685
f 6708 6685 6686
o Kytka_nad_gaucem_list_3
v 5.620917 3.413636 2.140000
v 5.694519 3.413636 2.140000
v 5.620917 3.354091 2.140000
v 5.694519 3.354091 2.140000
v 5.657718 3.365463 2.172325
v 5.657718 3.402264 2.172325
v 5.657718 3.365463 2.107675
v 5.657718 3.402264 2.107675
v 5.717263 3.383864 2.120022
v 5.717263 3.383864 2.159978
v 5.598172 3.383864 2.120022
v 5.598172 3.383864 2.159978
v 5.657718 3.418864 2.140000
v 5.657718 3.348864 2.140000
v 5.636087 3.355548 2.159000
v 5.679349 3.355548 2.159000
v 5.636087 3.412179 2.159000
v 5.679349 3.412179 2.159000
v 5.657718 3.383864 2.178000
v 5.636087 3.355548 2.121000
v 5.679349 3.355548 2.121000
v 5.636087 3.412179 2.121000
v 5.679349 3.412179 2.121000
v 5.657718 3.383864 2.102000
v 5.714349 3.401364 2.128257
v 5.714349 3.366364 2.128257
v 5.692718 3.373048 2.109257
v 5.692718 3.394679 2.109257
v 5.714349 3.401364 2.151743
v 5.714349 3.366364 2.151743
v 5.692718 3.373048 2.170743
v 5.692718 3.394679 2.170743
v 5.727718 3.383864 2.140000
v 5.601087 3.401364 2.128257
v 5.601087 3.366364 2.128257
v 5.622718 3.373048 2.109257
v 5.622718 3.394679 2.109257
v 5.601087 3.401364 2.151743
v 5.601087 3.366364 2.151743
v 5.622718 3.373048 2.170743
v 5.622718 3.394679 2.170743
v 5.587718 3.383864 2.140000
f 6709 6746 6725
f 6746 6720 6749
f 6725 6749 6714
f 6746 6749 6725
f 6709 6725 6721
f 6725 6714 6726
f 6721 6726 6710
f 6725 6726 6721
f 6709 6721 6730
f 6721 6710 6731
f 6730 6731 6716
f 6721 6731 6730
f 6709 6730 6742
f 6730 6716 6745
f 6742 6745 6719
f 6730 6745 6742
f 6709 6742 6746
f 6742 6719 6750
f 6746 6750 6720
f 6742 6750 6746
f 6710 6726 6737
f 6726 6714 6740
f 6737 6740 6718
f 6726 6740 6737
f 6714 6749 6727
f 6749 6720 6748
f 6727 6748 6713
f 6749 6748 6727
f 6720 6750 6747
f 6750 6719 6743
f 6747 6743 6711
f 6750 6743 6747
f 6719 6745 6744
f 6745 6716 6732
f 6744 6732 6715
f 6745 6732 6744
f 6716 6731 6736
f 6731 6710 6733
f 6736 6733 6717
f 6731 6733 6736
f 6712 6738 6724
f 6738 6718 6739
f 6724 6739 6713
f 6738 6739 6724
f 6712 6724 6722
f 6724 6713 6723
f 6722 6723 6711
f 6724 6723 6722
f 6712 6722 6729
f 6722 6711 6728
f 6729 6728 6715
f 6722 6728 6729
f 6712 6729 6734
f 6729 6715 6735
f 6734 6735 6717
f 6729 6735 6734
f 6712 6734 6738
f 6734 6717 6741
f 6738 6741 6718
f 6734 6741 6738
f 6713 6739 6727
f 6739 6718 6740
f 6727 6740 6714
f 6739 6740 6727
f 6711 6723 6747
f 6723 6713 6748
f 6747 6748 6720
f 6723 6748 6747
f 6715 6728 6744
f 6728 6711 6743
f 6744 6743 6719
f 6728 6743 6744
f 6717 6735 6736
f 6735 6715 6732
f 6736 6732 6716
f 6735 6732 6736
f 6718 6741 6737
f 6741 6717 6733
f 6737 6733 6710
f 6741 6733 6737
o Kytka_nad_gaucem_vetvicka_4
v 5.620000 3.334656 2.110000
v 5.621721 3.334797 2.113045
v 5.560670 3.323989 2.148045
v 5.558949 3.323848 2.145000
v 5.621224 3.336506 2.112707
v 5.560174 3.325698 2.147707
v 5.620400 3.337720 2.111644
v 5.559349 3.326912 2.146644
v 5.619469 3.338113 2.110141
v 5.558418 3.327305 2.145141
v 5.618680 3.337579 2.108599
v 5.557629 3.326771 2.143599
v 5.618244 3.336263 2.107434
v 5.557194 3.325455 2.142434
v 5.618279 3.334516 2.106955
v 5.557229 3.323707 2.141955
v 5.618776 3.332806 2.107293
v 5.557725 3.321998 2.142293
v 5.619600 3.331592 2.108356
v 5.558549 3.320784 2.143356
v 5.620531 3.331200 2.109859
v 5.559481 3.320391 2.144859
v 5.621320 3.331733 2.111401
v 5.560270 3.320925 2.146401
v 5.621756 3.333050 2.112566
v 5.560705 3.322242 2.147566
f 6752 6751 6755
f 6752 6755 6753
f 6753 6755 6756
f 6753 6756 6754
f 6755 6751 6757
f 6755 6757 6756
f 6756 6757 6758
f 6756 6758 6754
f 6757 6751 6759
f 6757 6759 6758
f 6758 6759 6760
f 6758 6760 6754
f 6759 6751 6761
f 6759 6761 6760
f 6760 6761 6762
f 6760 6762 6754
f 6761 6751 6763
f 6761 6763 6762
f 6762 6763 6764
f 6762 6764 6754
f 6763 6751 6765
f 6763 6765 6764
f 6764 6765 6766
f 6764 6766 6754
f 6765 6751 6767
f 6765 6767 6766
f 6766 6767 6768
f 6766 6768 6754
f 6767 6751 6769
f 6767 6769 6768
f 6768 6769 6770
f 6768 6770 6754
f 6769 6751 6771
f 6769 6771 6770
f 6770 6771 6772
f 6770 6772 6754
f 6771 6751 6773
f 6771 6773 6772
f 6772 6773 6774
f 6772 6774 6754
f 6773 6751 6775
f 6773 6775 6774
f 6774 6775 6776
f 6774 6776 6754
f 6775 6751 6752
f 6775 6752 6776
f 6776 6752 6753
f 6776 6753 6754
o Kytka_nad_gaucem_list_4
v 5.522148 3.353621 2.160000
v 5.595751 3.353621 2.160000
v 5.522148 3.294075 2.160000
v 5.595751 3.294075 2.160000
v 5.558949 3.305447 2.192325
v 5.558949 3.342249 2.192325
v 5.558949 3.305447 2.127675
v 5.558949 3.342249 2.127675
v 5.618495 3.323848 2.140022
v 5.618495 3.323848 2.179978
v 5.499404 3.323848 2.140022
v 5.499404 3.323848 2.179978
v 5.558949 3.358848 2.160000
v 5.558949 3.288848 2.160000
v 5.537318 3.295532 2.179000
v 5.580581 3.295532 2.179000
v 5.537318 3.352164 2.179000
v 5.580581 3.352164 2.179000
v 5.558949 3.323848 2.198000
v 5.537318 3.295532 2.141000
v 5.580581 3.295532 2.141000
v 5.537318 3.352164 2.141000
v 5.580581 3.352164 2.141000
v 5.558949 3.323848 2.122000
v 5.615581 3.341348 2.148257
v 5.615581 3.306348 2.148257
v 5.593949 3.313032 2.129257
v 5.593949 3.334664 2.129257
v 5.615581 3.341348 2.171743
v 5.615581 3.306348 2.171743
v 5.593949 3.313032 2.190743
v 5.593949 3.334664 2.190743
v 5.628949 3.323848 2.160000
v 5.502318 3.341348 2.148257
v 5.502318 3.306348 2.148257
v 5.523949 3.313032 2.129257
v 5.523949 3.334664 2.129257
v 5.502318 3.341348 2.171743
v 5.502318 3.306348 2.171743
v 5.523949 3.313032 2.190743
v 5.523949 3.334664 2.190743
v 5.488949 3.323848 2.160000
f 6777 6814 6793
f 6814 6788 6817
f 6793 6817 6782
f 6814 6817 6793
f 6777 6793 6789
f 6793 6782 6794
f 6789 6794 6778
f 6793 6794 6789
f 6777 6789 6798
f 6789 6778 6799
f 6798 6799 6784
f 6789 6799 6798
f 6777 6798 6810
f 6798 6784 6813
f 6810 6813 6787
f 6798 6813 6810
f 6777 6810 6814
f 6810 6787 6818
f 6814 6818 6788
f 6810 6818 6814
f 6778 6794 6805
f 6794 6782 6808
f 6805 6808 6786
f 6794 6808 6805
f 6782 6817 6795
f 6817 6788 6816
f 6795 6816 6781
f 6817 6816 6795
f 6788 6818 6815
f 6818 6787 6811
f 6815 6811 6779
f 6818 6811 6815
f 6787 6813 6812
f 6813 6784 6800
f 6812 6800 6783
f 6813 6800 6812
f 6784 6799 6804
f 6799 6778 6801
f 6804 6801 6785
f 6799 6801 6804
f 6780 6806 6792
f 6806 6786 6807
f 6792 6807 6781
f 6806 6807 6792
f 6780 6792 6790
f 6792 6781 6791
f 6790 6791 6779
f 6792 6791 6790
f 6780 6790 6797
f 6790 6779 6796
f 6797 6796 6783
f 6790 6796 6797
f 6780 6797 6802
f 6797 6783 6803
f 6802 6803 6785
f 6797 6803 6802
f 6780 6802 6806
f 6802 6785 6809
f 6806 6809 6786
f 6802 6809 6806
f 6781 6807 6795
f 6807 6786 6808
f 6795 6808 6782
f 6807 6808 6795
f 6779 6791 6815
f 6791 6781 6816
f 6815 6816 6788
f 6791 6816 6815
f 6783 6796 6812
f 6796 6779 6811
f 6812 6811 6787
f 6796 6811 6812
f 6785 6803 6804
f 6803 6783 6800
f 6804 6800 6784
f 6803 6800 6804
f 6786 6809 6805
f 6809 6785 6801
f 6805 6801 6778
f 6809 6801 6805
o Kytka_nad_gaucem_vetvicka_5
v 5.620000 3.334656 2.130000
v 5.621721 3.334193 2.126988
v 5.674040 3.300925 2.161988
v 5.672319 3.301389 2.165000
v 5.622308 3.335785 2.127623
v 5.674627 3.302517 2.162623
v 5.622277 3.337074 2.128895
v 5.674596 3.303807 2.163895
v 5.621635 3.337716 2.130463
v 5.673954 3.304448 2.165463
v 5.620556 3.337538 2.131908
v 5.672875 3.304270 2.166908
v 5.619328 3.336587 2.132841
v 5.671647 3.303320 2.167841
v 5.618279 3.335120 2.133012
v 5.670598 3.301852 2.168012
v 5.617692 3.333528 2.132377
v 5.670011 3.300260 2.167377
v 5.617723 3.332238 2.131105
v 5.670042 3.298971 2.166105
v 5.618365 3.331597 2.129537
v 5.670684 3.298329 2.164537
v 5.619444 3.331775 2.128092
v 5.671763 3.298507 2.163092
v 5.620672 3.332725 2.127159
v 5.672991 3.299458 2.162159
f 6820 6819 6823
f 6820 6823 6821
f 6821 6823 6824
f 6821 6824 6822
f 6823 6819 6825
f 6823 6825 6824
f 6824 6825 6826
f 6824 6826 6822
f 6825 6819 6827
f 6825 6827 6826
f 6826 6827 6828
f 6826 6828 6822
f 6827 6819 6829
f 6827 6829 6828
f 6828 6829 6830
f 6828 6830 6822
f 6829 6819 6831
f 6829 6831 6830
f 6830 6831 6832
f 6830 6832 6822
f 6831 6819 6833
f 6831 6833 6832
f 6832 6833 6834
f 6832 6834 6822
f 6833 6819 6835
f 6833 6835 6834
f 6834 6835 6836
f 6834 6836 6822
f 6835 6819 6837
f 6835 6837 6836
f 6836 6837 6838
f 6836 6838 6822
f 6837 6819 6839
f 6837 6839 6838
f 6838 6839 6840
f 6838 6840 6822
f 6839 6819 6841
f 6839 6841 6840
f 6840 6841 6842
f 6840 6842 6822
f 6841 6819 6843
f 6841 6843 6842
f 6842 6843 6844
f 6842 6844 6822
f 6843 6819 6820
f 6843 6820 6844
f 6844 6820 6821
f 6844 6821 6822
o Kytka_nad_gaucem_list_5
v 5.635518 3.331162 2.180000
v 5.709120 3.331162 2.180000
v 5.635518 3.271616 2.180000
v 5.709120 3.271616 2.180000
v 5.672319 3.282988 2.212325
v 5.672319 3.319789 2.212325
v 5.672319 3.282988 2.147675
v 5.672319 3.319789 2.147675
v 5.731865 3.301389 2.160022
v 5.731865 3.301389 2.199978
v 5.612773 3.301389 2.160022
v 5.612773 3.301389 2.199978
v 5.672319 3.336389 2.180000
v 5.672319 3.266389 2.180000
v 5.650688 3.273073 2.199000
v 5.693950 3.273073 2.199000
v 5.650688 3.329704 2.199000
v 5.693950 3.329704 2.199000
v 5.672319 3.301389 2.218000
v 5.650688 3.273073 2.161000
v 5.693950 3.273073 2.161000
v 5.650688 3.329704 2.161000
v 5.693950 3.329704 2.161000
v 5.672319 3.301389 2.142000
v 5.728950 3.318889 2.168257
v 5.728950 3.283889 2.168257
v 5.707319 3.290573 2.149257
v 5.707319 3.312204 2.149257
v 5.728950 3.318889 2.191743
v 5.728950 3.283889 2.191743
v 5.707319 3.290573 2.210743
v 5.707319 3.312204 2.210743
v 5.742319 3.301389 2.180000
v 5.615688 3.318889 2.168257
v 5.615688 3.283889 2.168257
v 5.637319 3.290573 2.149257
v 5.637319 3.312204 2.149257
v 5.615688 3.318889 2.191743
v 5.615688 3.283889 2.191743
v 5.637319 3.290573 2.210743
v 5.637319 3.312204 2.210743
v 5.602319 3.301389 2.180000
f 6845 6882 6861
f 6882 6856 6885
f 6861 6885 6850
f 6882 6885 6861
f 6845 6861 6857
f 6861 6850 6862
f 6857 6862 6846
f 6861 6862 6857
f 6845 6857 6866
f 6857 6846 6867
f 6866 6867 6852
f 6857 6867 6866
f 6845 6866 6878
f 6866 6852 6881
f 6878 6881 6855
f 6866 6881 6878
f 6845 6878 6882
f 6878 6855 6886
f 6882 6886 6856
f 6878 6886 6882
f 6846 6862 6873
f 6862 6850 6876
f 6873 6876 6854
f 6862 6876 6873
f 6850 6885 6863
f 6885 6856 6884
f 6863 6884 6849
f 6885 6884 6863
f 6856 6886 6883
f 6886 6855 6879
f 6883 6879 6847
f 6886 6879 6883
f 6855 6881 6880
f 6881 6852 6868
f 6880 6868 6851
f 6881 6868 6880
f 6852 6867 6872
f 6867 6846 6869
f 6872 6869 6853
f 6867 6869 6872
f 6848 6874 6860
f 6874 6854 6875
f 6860 6875 6849
f 6874 6875 6860
f 6848 6860 6858
f 6860 6849 6859
f 6858 6859 6847
f 6860 6859 6858
f 6848 6858 6865
f 6858 6847 6864
f 6865 6864 6851
f 6858 6864 6865
f 6848 6865 6870
f 6865 6851 6871
f 6870 6871 6853
f 6865 6871 6870
f 6848 6870 6874
f 6870 6853 6877
f 6874 6877 6854
f 6870 6877 6874
f 6849 6875 6863
f 6875 6854 6876
f 6863 6876 6850
f 6875 6876 6863
f 6847 6859 6883
f 6859 6849 6884
f 6883 6884 6856
f 6859 6884 6883
f 6851 6864 6880
f 6864 6847 6879
f 6880 6879 6855
f 6864 6879 6880
f 6853 6871 6872
f 6871 6851 6868
f 6872 6868 6852
f 6871 6868 6872
f 6854 6877 6873
f 6877 6853 6869
f 6873 6869 6846
f 6877 6869 6873
o Kytka_nad_gaucem_vetvicka_6
v 5.620000 3.334656 2.150000
v 5.621721 3.333476 2.152810
v 5.605612 3.393347 2.187810
v 5.603891 3.394527 2.185000
v 5.622962 3.334375 2.151844
v 5.606853 3.394246 2.186844
v 5.623409 3.335349 2.150383
v 5.607301 3.395220 2.185383
v 5.622943 3.336138 2.148820
v 5.606835 3.396009 2.183820
v 5.621689 3.336529 2.147573
v 5.605580 3.396400 2.182573
v 5.619982 3.336419 2.146976
v 5.603873 3.396290 2.181976
v 5.618279 3.335836 2.147190
v 5.602171 3.395707 2.182190
v 5.617038 3.334937 2.148156
v 5.600930 3.394808 2.183156
v 5.616591 3.333963 2.149617
v 5.600482 3.393834 2.184617
v 5.617057 3.333175 2.151180
v 5.600948 3.393045 2.186180
v 5.618311 3.332783 2.152427
v 5.602203 3.392654 2.187427
v 5.620018 3.332894 2.153024
v 5.603910 3.392764 2.188024
f 6888 6887 6891
f 6888 6891 6889
f 6889 6891 6892
f 6889 6892 6890
f 6891 6887 6893
f 6891 6893 6892
f 6892 6893 6894
f 6892 6894 6890
f 6893 6887 6895
f 6893 6895 6894
f 6894 6895 6896
f 6894 6896 6890
f 6895 6887 6897
f 6895 6897 6896
f 6896 6897 6898
f 6896 6898 6890
f 6897 6887 6899
f 6897 6899 6898
f 6898 6899 6900
f 6898 6900 6890
f 6899 6887 6901
f 6899 6901 6900
f 6900 6901 6902
f 6900 6902 6890
f 6901 6887 6903
f 6901 6903 6902
f 6902 6903 6904
f 6902 6904 6890
f 6903 6887 6905
f 6903 6905 6904
f 6904 6905 6906
f 6904 6906 6890
f 6905 6887 6907
f 6905 6907 6906
f 6906 6907 6908
f 6906 6908 6890
f 6907 6887 6909
f 6907 6909 6908
f 6908 6909 6910
f 6908 6910 6890
f 6909 6887 6911
f 6909 6911 6910
f 6910 6911 6912
f 6910 6912 6890
f 6911 6887 6888
f 6911 6888 6912
f 6912 6888 6889
f 6912 6889 6890
o Kytka_nad_gaucem_list_6
v 5.567090 3.424300 2.200000
v 5.640693 3.424300 2.200000
v 5.567090 3.364754 2.200000
v 5.640693 3.364754 2.200000
v 5.603891 3.376126 2.232325
v 5.603891 3.412928 2.232325
v 5.603891 3.376126 2.167675
v 5.603891 3.412928 2.167675
v 5.663437 3.394527 2.180022
v 5.663437 3.394527 2.219978
v 5.544346 3.394527 2.180022
v 5.544346 3.394527 2.219978
v 5.603891 3.429527 2.200000
v 5.603891 3.359527 2.200000
v 5.582260 3.366211 2.219000
v 5.625523 3.366211 2.219000
v 5.582260 3.422843 2.219000
v 5.625523 3.422843 2.219000
v 5.603891 3.394527 2.238000
v 5.582260 3.366211 2.181000
v 5.625523 3.366211 2.181000
v 5.582260 3.422843 2.181000
v 5.625523 3.422843 2.181000
v 5.603891 3.394527 2.162000
v 5.660523 3.412027 2.188257
v 5.660523 3.377027 2.188257
v 5.638891 3.383711 2.169257
v 5.638891 3.405343 2.169257
v 5.660523 3.412027 2.211743
v 5.660523 3.377027 2.211743
v 5.638891 3.383711 2.230743
v 5.638891 3.405343 2.230743
v 5.673891 3.394527 2.200000
v 5.547260 3.412027 2.188257
v 5.547260 3.377027 2.188257
v 5.568891 3.383711 2.169257
v 5.568891 3.405343 2.169257
v 5.547260 3.412027 2.211743
v 5.547260 3.377027 2.211743
v 5.568891 3.383711 2.230743
v 5.568891 3.405343 2.230743
v 5.533891 3.394527 2.200000
f 6913 6950 6929
f 6950 6924 6953
f 6929 6953 6918
f 6950 6953 6929
f 6913 6929 6925
f 6929 6918 6930
f 6925 6930 6914
f 6929 6930 6925
f 6913 6925 6934
f 6925 6914 6935
f 6934 6935 6920
f 6925 6935 6934
f 6913 6934 6946
f 6934 6920 6949
f 6946 6949 6923
f 6934 6949 6946
f 6913 6946 6950
f 6946 6923 6954
f 6950 6954 6924
f 6946 6954 6950
f 6914 6930 6941
f 6930 6918 6944
f 6941 6944 6922
f 6930 6944 6941
f 6918 6953 6931
f 6953 6924 6952
f 6931 6952 6917
f 6953 6952 6931
f 6924 6954 6951
f 6954 6923 6947
f 6951 6947 6915
f 6954 6947 6951
f 6923 6949 6948
f 6949 6920 6936
f 6948 6936 6919
f 6949 6936 6948
f 6920 6935 6940
f 6935 6914 6937
f 6940 6937 6921
f 6935 6937 6940
f 6916 6942 6928
f 6942 6922 6943
f 6928 6943 6917
f 6942 6943 6928
f 6916 6928 6926
f 6928 6917 6927
f 6926 6927 6915
f 6928 6927 6926
f 6916 6926 6933
f 6926 6915 6932
f 6933 6932 6919
f 6926 6932 6933
f 6916 6933 6938
f 6933 6919 6939
f 6938 6939 6921
f 6933 6939 6938
f 6916 6938 6942
f 6938 6921 6945
f 6942 6945 6922
f 6938 6945 6942
f 6917 6943 6931
f 6943 6922 6944
f 6931 6944 6918
f 6943 6944 6931
f 6915 6927 6951
f 6927 6917 6952
f 6951 6952 6924
f 6927 6952 6951
f 6919 6932 6948
f 6932 6915 6947
f 6948 6947 6923
f 6932 6947 6948
f 6921 6939 6940
f 6939 6919 6936
f 6940 6936 6920
f 6939 6936 6940
f 6922 6945 6941
f 6945 6921 6937
f 6941 6937 6914
f 6945 6937 6941
o Knihy_nad_gaucem_0
v 3.840000 3.259656 1.700000
v 3.840000 3.259656 1.890000
v 3.840000 3.409656 1.700000
v 3.840000 3.409656 1.890000
v 3.870000 3.259656 1.700000
v 3.870000 3.259656 1.890000
v 3.870000 3.409656 1.700000
v 3.870000 3.409656 1.890000
f 6956 6958 6955
f 6959 6956 6955
f 6955 6958 6957
f 6957 6959 6955
f 6956 6962 6958
f 6960 6956 6959
f 6960 6962 6956
f 6958 6962 6957
f 6961 6959 6957
f 6957 6962 6961
f 6961 6960 6959
f 6962 6960 6961
o Knihy_nad_gaucem_1
v 3.881000 3.259656 1.700000
v 3.881000 3.259656 1.925000
v 3.881000 3.409656 1.700000
v 3.881000 3.409656 1.925000
v 3.911000 3.259656 1.700000
v 3.911000 3.259656 1.925000
v 3.911000 3.409656 1.700000
v 3.911000 3.409656 1.925000
f 6964 6966 6963
f 6967 6964 6963
f 6963 6966 6965
f 6965 6967 6963
f 6964 6970 6966
f 6968 6964 6967
f 6968 6970 6964
f 6966 6970 6965
f 6969 6967 6965
f 6965 6970 6969
f 6969 6968 6967
f 6970 6968 6969
o Knihy_nad_gaucem_2
v 3.922000 3.259656 1.700000
v 3.922000 3.259656 1.890000
v 3.922000 3.409656 1.700000
v 3.922000 3.409656 1.890000
v 3.952000 3.259656 1.700000
v 3.952000 3.259656 1.890000
v 3.952000 3.409656 1.700000
v 3.952000 3.409656 1.890000
f 6972 6974 6971
f 6975 6972 6971
f 6971 6974 6973
f 6973 6975 6971
f 6972 6978 6974
f 6976 6972 6975
f 6976 6978 6972
f 6974 6978 6973
f 6977 6975 6973
f 6973 6978 6977
f 6977 6976 6975
f 6978 6976 6977
o Knihy_nad_gaucem_3
v 3.963000 3.259656 1.700000
v 3.963000 3.259656 1.925000
v 3.963000 3.409656 1.700000
v 3.963000 3.409656 1.925000
v 3.993000 3.259656 1.700000
v 3.993000 3.259656 1.925000
v 3.993000 3.409656 1.700000
v 3.993000 3.409656 1.925000
f 6980 6982 6979
f 6983 6980 6979
f 6979 6982 6981
f 6981 6983 6979
f 6980 6986 6982
f 6984 6980 6983
f 6984 6986 6980
f 6982 6986 6981
f 6985 6983 6981
f 6981 6986 6985
f 6985 6984 6983
f 6986 6984 6985
o Knihy_nad_gaucem_4
v 4.004000 3.259656 1.700000
v 4.004000 3.259656 1.890000
v 4.004000 3.409656 1.700000
v 4.004000 3.409656 1.890000
v 4.034000 3.259656 1.700000
v 4.034000 3.259656 1.890000
v 4.034000 3.409656 1.700000
v 4.034000 3.409656 1.890000
f 6988 6990 6987
f 6991 6988 6987
f 6987 6990 6989
f 6989 6991 6987
f 6988 6994 6990
f 6992 6988 6991
f 6992 6994 6988
f 6990 6994 6989
f 6993 6991 6989
f 6989 6994 6993
f 6993 6992 6991
f 6994 6992 6993
o Lampa_na_cteni_nastenna_patka
v 5.640000 3.409656 1.400000
v 5.640000 3.409656 1.540000
v 5.640000 3.444656 1.400000
v 5.640000 3.444656 1.540000
v 5.740000 3.409656 1.400000
v 5.740000 3.409656 1.540000
v 5.740000 3.444656 1.400000
v 5.740000 3.444656 1.540000
f 6996 6998 6995
f 6999 6996 6995
f 6995 6998 6997
f 6997 6999 6995
f 6996 7002 6998
f 7000 6996 6999
f 7000 7002 6996
f 6998 7002 6997
f 7001 6999 6997
f 6997 7002 7001
f 7001 7000 6999
f 7002 7000 7001
o Lampa_na_cteni_rameno
v 5.690000 3.409656 1.470000
v 5.690468 3.409951 1.482988
v 5.570468 3.159951 1.492988
v 5.570000 3.159656 1.480000
v 5.684550 3.412728 1.481395
v 5.564550 3.162728 1.491395
v 5.680091 3.414682 1.476749
v 5.560091 3.164682 1.486749
v 5.678288 3.415290 1.470295
v 5.558288 3.165290 1.480295
v 5.679623 3.414388 1.463761
v 5.559623 3.164388 1.473761
v 5.683738 3.412218 1.458899
v 5.563738 3.162218 1.468899
v 5.689532 3.409362 1.457012
v 5.569532 3.159362 1.467012
v 5.695450 3.406584 1.458605
v 5.575450 3.156584 1.468605
v 5.699909 3.404630 1.463251
v 5.579909 3.154630 1.473251
v 5.701712 3.404023 1.469705
v 5.581712 3.154023 1.479705
v 5.700377 3.404925 1.476239
v 5.580377 3.154925 1.486239
v 5.696262 3.407095 1.481101
v 5.576262 3.157095 1.491101
f 7004 7003 7007
f 7004 7007 7005
f 7005 7007 7008
f 7005 7008 7006
f 7007 7003 7009
f 7007 7009 7008
f 7008 7009 7010
f 7008 7010 7006
f 7009 7003 7011
f 7009 7011 7010
f 7010 7011 7012
f 7010 7012 7006
f 7011 7003 7013
f 7011 7013 7012
f 7012 7013 7014
f 7012 7014 7006
f 7013 7003 7015
f 7013 7015 7014
f 7014 7015 7016
f 7014 7016 7006
f 7015 7003 7017
f 7015 7017 7016
f 7016 7017 7018
f 7016 7018 7006
f 7017 7003 7019
f 7017 7019 7018
f 7018 7019 7020
f 7018 7020 7006
f 7019 7003 7021
f 7019 7021 7020
f 7020 7021 7022
f 7020 7022 7006
f 7021 7003 7023
f 7021 7023 7022
f 7022 7023 7024
f 7022 7024 7006
f 7023 7003 7025
f 7023 7025 7024
f 7024 7025 7026
f 7024 7026 7006
f 7025 7003 7027
f 7025 7027 7026
f 7026 7027 7028
f 7026 7028 7006
f 7027 7003 7004
f 7027 7004 7028
f 7028 7004 7005
f 7028 7005 7006
o Lampa_na_cteni_kloubove_rameno
v 5.570000 3.159656 1.480000
v 5.562668 3.156120 1.488817
v 5.502668 3.056120 1.398817
v 5.510000 3.059656 1.390000
v 5.559578 3.160629 1.485868
v 5.499578 3.060629 1.395868
v 5.559279 3.164877 1.481346
v 5.499279 3.064877 1.391346
v 5.561854 3.167727 1.476463
v 5.501854 3.067727 1.386463
v 5.566611 3.168414 1.472529
v 5.506611 3.068414 1.382529
v 5.572276 3.166754 1.470596
v 5.512276 3.066754 1.380596
v 5.577332 3.163193 1.471183
v 5.517332 3.063193 1.381183
v 5.580422 3.158684 1.474132
v 5.520422 3.058684 1.384132
v 5.580721 3.154435 1.478654
v 5.520721 3.054435 1.388654
v 5.578146 3.151586 1.483537
v 5.518146 3.051586 1.393537
v 5.573389 3.150899 1.487471
v 5.513389 3.050899 1.397471
v 5.567724 3.152558 1.489404
v 5.507724 3.052558 1.399404
f 7030 7029 7033
f 7030 7033 7031
f 7031 7033 7034
f 7031 7034 7032
f 7033 7029 7035
f 7033 7035 7034
f 7034 7035 7036
f 7034 7036 7032
f 7035 7029 7037
f 7035 7037 7036
f 7036 7037 7038
f 7036 7038 7032
f 7037 7029 7039
f 7037 7039 7038
f 7038 7039 7040
f 7038 7040 7032
f 7039 7029 7041
f 7039 7041 7040
f 7040 7041 7042
f 7040 7042 7032
f 7041 7029 7043
f 7041 7043 7042
f 7042 7043 7044
f 7042 7044 7032
f 7043 7029 7045
f 7043 7045 7044
f 7044 7045 7046
f 7044 7046 7032
f 7045 7029 7047
f 7045 7047 7046
f 7046 7047 7048
f 7046 7048 7032
f 7047 7029 7049
f 7047 7049 7048
f 7048 7049 7050
f 7048 7050 7032
f 7049 7029 7051
f 7049 7051 7050
f 7050 7051 7052
f 7050 7052 7032
f 7051 7029 7053
f 7051 7053 7052
f 7052 7053 7054
f 7052 7054 7032
f 7053 7029 7030
f 7053 7030 7054
f 7054 7030 7031
f 7054 7031 7032
o Lampa_na_cteni_hlavice
v 5.510000 3.059656 1.400000
v 5.477372 3.044016 1.428404
v 5.437372 2.964016 1.338404
v 5.470000 2.979656 1.310000
v 5.467242 3.062160 1.416778
v 5.427242 2.982160 1.326778
v 5.468569 3.079633 1.400657
v 5.428569 2.999633 1.310657
v 5.480998 3.091753 1.384359
v 5.440998 3.011753 1.294359
v 5.501197 3.095274 1.372253
v 5.461197 3.015274 1.282253
v 5.523755 3.089250 1.367581
v 5.483755 3.009250 1.277581
v 5.542628 3.075297 1.371596
v 5.502628 2.995297 1.281596
v 5.552758 3.057153 1.383222
v 5.512758 2.977153 1.293222
v 5.551431 3.039680 1.399343
v 5.511431 2.959680 1.309343
v 5.539002 3.027559 1.415641
v 5.499002 2.947559 1.325641
v 5.518803 3.024039 1.427747
v 5.478803 2.944039 1.337747
v 5.496245 3.030062 1.432419
v 5.456245 2.950062 1.342419
f 7056 7055 7059
f 7056 7059 7057
f 7057 7059 7060
f 7057 7060 7058
f 7059 7055 7061
f 7059 7061 7060
f 7060 7061 7062
f 7060 7062 7058
f 7061 7055 7063
f 7061 7063 7062
f 7062 7063 7064
f 7062 7064 7058
f 7063 7055 7065
f 7063 7065 7064
f 7064 7065 7066
f 7064 7066 7058
f 7065 7055 7067
f 7065 7067 7066
f 7066 7067 7068
f 7066 7068 7058
f 7067 7055 7069
f 7067 7069 7068
f 7068 7069 7070
f 7068 7070 7058
f 7069 7055 7071
f 7069 7071 7070
f 7070 7071 7072
f 7070 7072 7058
f 7071 7055 7073
f 7071 7073 7072
f 7072 7073 7074
f 7072 7074 7058
f 7073 7055 7075
f 7073 7075 7074
f 7074 7075 7076
f 7074 7076 7058
f 7075 7055 7077
f 7075 7077 7076
f 7076 7077 7078
f 7076 7078 7058
f 7077 7055 7079
f 7077 7079 7078
f 7078 7079 7080
f 7078 7080 7058
f 7079 7055 7056
f 7079 7056 7080
f 7080 7056 7057
f 7080 7057 7058
o Lampa_na_cteni_svetelna_plocha
v 5.470000 2.979656 1.310000
v 5.443047 2.966736 1.333464
v 5.439047 2.958736 1.324464
v 5.466000 2.971656 1.301000
v 5.434678 2.981724 1.323860
v 5.430678 2.973724 1.314860
v 5.435775 2.996159 1.310543
v 5.431775 2.988159 1.301543
v 5.446041 3.006171 1.297079
v 5.442041 2.998171 1.288079
v 5.462728 3.009079 1.287078
v 5.458728 3.001079 1.278078
v 5.481363 3.004103 1.283219
v 5.477363 2.996103 1.274219
v 5.496953 2.992577 1.286536
v 5.492953 2.984577 1.277536
v 5.505322 2.977588 1.296140
v 5.501322 2.969588 1.287140
v 5.504225 2.963154 1.309457
v 5.500225 2.955154 1.300457
v 5.493959 2.953141 1.322921
v 5.489959 2.945141 1.313921
v 5.477272 2.950233 1.332922
v 5.473272 2.942233 1.323922
v 5.458637 2.955209 1.336781
v 5.454637 2.947209 1.327781
f 7082 7081 7085
f 7082 7085 7083
f 7083 7085 7086
f 7083 7086 7084
f 7085 7081 7087
f 7085 7087 7086
f 7086 7087 7088
f 7086 7088 7084
f 7087 7081 7089
f 7087 7089 7088
f 7088 7089 7090
f 7088 7090 7084
f 7089 7081 7091
f 7089 7091 7090
f 7090 7091 7092
f 7090 7092 7084
f 7091 7081 7093
f 7091 7093 7092
f 7092 7093 7094
f 7092 7094 7084
f 7093 7081 7095
f 7093 7095 7094
f 7094 7095 7096
f 7094 7096 7084
f 7095 7081 7097
f 7095 7097 7096
f 7096 7097 7098
f 7096 7098 7084
f 7097 7081 7099
f 7097 7099 7098
f 7098 7099 7100
f 7098 7100 7084
f 7099 7081 7101
f 7099 7101 7100
f 7100 7101 7102
f 7100 7102 7084
f 7101 7081 7103
f 7101 7103 7102
f 7102 7103 7104
f 7102 7104 7084
f 7103 7081 7105
f 7103 7105 7104
f 7104 7105 7106
f 7104 7106 7084
f 7105 7081 7082
f 7105 7082 7106
f 7106 7082 7083
f 7106 7083 7084
o Police_zapad_dolni
v 0.005000 0.380000 1.130000
v 0.005000 0.380000 1.160000
v 0.005000 1.530000 1.130000
v 0.005000 1.530000 1.160000
v 0.240000 0.380000 1.130000
v 0.240000 0.380000 1.160000
v 0.240000 1.530000 1.130000
v 0.240000 1.530000 1.160000
f 7108 7110 7107
f 7111 7108 7107
f 7107 7110 7109
f 7109 7111 7107
f 7108 7114 7110
f 7112 7108 7111
f 7112 7114 7108
f 7110 7114 7109
f 7113 7111 7109
f 7109 7114 7113
f 7113 7112 7111
f 7114 7112 7113
o Police_zapad_dolni_konzola_0.5
v 0.005000 0.500000 1.010000
v 0.005000 0.500000 1.130000
v 0.005000 0.518000 1.010000
v 0.005000 0.518000 1.130000
v 0.045000 0.500000 1.010000
v 0.045000 0.500000 1.130000
v 0.045000 0.518000 1.010000
v 0.045000 0.518000 1.130000
f 7116 7118 7115
f 7119 7116 7115
f 7115 7118 7117
f 7117 7119 7115
f 7116 7122 7118
f 7120 7116 7119
f 7120 7122 7116
f 7118 7122 7117
f 7121 7119 7117
f 7117 7122 7121
f 7121 7120 7119
f 7122 7120 7121
o Police_zapad_dolni_konzola_1.4100000000000001
v 0.005000 1.410000 1.010000
v 0.005000 1.410000 1.130000
v 0.005000 1.428000 1.010000
v 0.005000 1.428000 1.130000
v 0.045000 1.410000 1.010000
v 0.045000 1.410000 1.130000
v 0.045000 1.428000 1.010000
v 0.045000 1.428000 1.130000
f 7124 7126 7123
f 7127 7124 7123
f 7123 7126 7125
f 7125 7127 7123
f 7124 7130 7126
f 7128 7124 7127
f 7128 7130 7124
f 7126 7130 7125
f 7129 7127 7125
f 7125 7130 7129
f 7129 7128 7127
f 7130 7128 7129
o Police_zapad_stredni
v 0.005000 1.730000 1.490000
v 0.005000 1.730000 1.520000
v 0.005000 2.990000 1.490000
v 0.005000 2.990000 1.520000
v 0.240000 1.730000 1.490000
v 0.240000 1.730000 1.520000
v 0.240000 2.990000 1.490000
v 0.240000 2.990000 1.520000
f 7132 7134 7131
f 7135 7132 7131
f 7131 7134 7133
f 7133 7135 7131
f 7132 7138 7134
f 7136 7132 7135
f 7136 7138 7132
f 7134 7138 7133
f 7137 7135 7133
f 7133 7138 7137
f 7137 7136 7135
f 7138 7136 7137
o Police_zapad_stredni_konzola_1.85
v 0.005000 1.850000 1.370000
v 0.005000 1.850000 1.490000
v 0.005000 1.868000 1.370000
v 0.005000 1.868000 1.490000
v 0.045000 1.850000 1.370000
v 0.045000 1.850000 1.490000
v 0.045000 1.868000 1.370000
v 0.045000 1.868000 1.490000
f 7140 7142 7139
f 7143 7140 7139
f 7139 7142 7141
f 7141 7143 7139
f 7140 7146 7142
f 7144 7140 7143
f 7144 7146 7140
f 7142 7146 7141
f 7145 7143 7141
f 7141 7146 7145
f 7145 7144 7143
f 7146 7144 7145
o Police_zapad_stredni_konzola_2.87
v 0.005000 2.870000 1.370000
v 0.005000 2.870000 1.490000
v 0.005000 2.888000 1.370000
v 0.005000 2.888000 1.490000
v 0.045000 2.870000 1.370000
v 0.045000 2.870000 1.490000
v 0.045000 2.888000 1.370000
v 0.045000 2.888000 1.490000
f 7148 7150 7147
f 7151 7148 7147
f 7147 7150 7149
f 7149 7151 7147
f 7148 7154 7150
f 7152 7148 7151
f 7152 7154 7148
f 7150 7154 7149
f 7153 7151 7149
f 7149 7154 7153
f 7153 7152 7151
f 7154 7152 7153
o Police_zapad_horni
v 0.005000 0.600000 1.940000
v 0.005000 0.600000 1.970000
v 0.005000 1.590000 1.940000
v 0.005000 1.590000 1.970000
v 0.240000 0.600000 1.940000
v 0.240000 0.600000 1.970000
v 0.240000 1.590000 1.940000
v 0.240000 1.590000 1.970000
f 7156 7158 7155
f 7159 7156 7155
f 7155 7158 7157
f 7157 7159 7155
f 7156 7162 7158
f 7160 7156 7159
f 7160 7162 7156
f 7158 7162 7157
f 7161 7159 7157
f 7157 7162 7161
f 7161 7160 7159
f 7162 7160 7161
o Police_zapad_horni_konzola_0.72
v 0.005000 0.720000 1.820000
v 0.005000 0.720000 1.940000
v 0.005000 0.738000 1.820000
v 0.005000 0.738000 1.940000
v 0.045000 0.720000 1.820000
v 0.045000 0.720000 1.940000
v 0.045000 0.738000 1.820000
v 0.045000 0.738000 1.940000
f 7164 7166 7163
f 7167 7164 7163
f 7163 7166 7165
f 7165 7167 7163
f 7164 7170 7166
f 7168 7164 7167
f 7168 7170 7164
f 7166 7170 7165
f 7169 7167 7165
f 7165 7170 7169
f 7169 7168 7167
f 7170 7168 7169
o Police_zapad_horni_konzola_1.4700000000000002
v 0.005000 1.470000 1.820000
v 0.005000 1.470000 1.940000
v 0.005000 1.488000 1.820000
v 0.005000 1.488000 1.940000
v 0.045000 1.470000 1.820000
v 0.045000 1.470000 1.940000
v 0.045000 1.488000 1.820000
v 0.045000 1.488000 1.940000
f 7172 7174 7171
f 7175 7172 7171
f 7171 7174 7173
f 7173 7175 7171
f 7172 7178 7174
f 7176 7172 7175
f 7176 7178 7172
f 7174 7178 7173
f 7177 7175 7173
f 7173 7178 7177
f 7177 7176 7175
f 7178 7176 7177
o Kytka_zapad_dolni_kvetinac
v 0.130000 0.600000 1.160000
v 0.205000 0.600000 1.160000
v 0.205000 0.600000 1.290000
v 0.130000 0.600000 1.290000
v 0.199291 0.628701 1.160000
v 0.199291 0.628701 1.290000
v 0.183033 0.653033 1.160000
v 0.183033 0.653033 1.290000
v 0.158701 0.669291 1.160000
v 0.158701 0.669291 1.290000
v 0.130000 0.675000 1.160000
v 0.130000 0.675000 1.290000
v 0.101299 0.669291 1.160000
v 0.101299 0.669291 1.290000
v 0.076967 0.653033 1.160000
v 0.076967 0.653033 1.290000
v 0.060709 0.628701 1.160000
v 0.060709 0.628701 1.290000
v 0.055000 0.600000 1.160000
v 0.055000 0.600000 1.290000
v 0.060709 0.571299 1.160000
v 0.060709 0.571299 1.290000
v 0.076967 0.546967 1.160000
v 0.076967 0.546967 1.290000
v 0.101299 0.530709 1.160000
v 0.101299 0.530709 1.290000
v 0.130000 0.525000 1.160000
v 0.130000 0.525000 1.290000
v 0.158701 0.530709 1.160000
v 0.158701 0.530709 1.290000
v 0.183033 0.546967 1.160000
v 0.183033 0.546967 1.290000
v 0.199291 0.571299 1.160000
v 0.199291 0.571299 1.290000
f 7180 7179 7183
f 7180 7183 7181
f 7181 7183 7184
f 7181 7184 7182
f 7183 7179 7185
f 7183 7185 7184
f 7184 7185 7186
f 7184 7186 7182
f 7185 7179 7187
f 7185 7187 7186
f 7186 7187 7188
f 7186 7188 7182
f 7187 7179 7189
f 7187 7189 7188
f 7188 7189 7190
f 7188 7190 7182
f 7189 7179 7191
f 7189 7191 7190
f 7190 7191 7192
f 7190 7192 7182
f 7191 7179 7193
f 7191 7193 7192
f 7192 7193 7194
f 7192 7194 7182
f 7193 7179 7195
f 7193 7195 7194
f 7194 7195 7196
f 7194 7196 7182
f 7195 7179 7197
f 7195 7197 7196
f 7196 7197 7198
f 7196 7198 7182
f 7197 7179 7199
f 7197 7199 7198
f 7198 7199 7200
f 7198 7200 7182
f 7199 7179 7201
f 7199 7201 7200
f 7200 7201 7202
f 7200 7202 7182
f 7201 7179 7203
f 7201 7203 7202
f 7202 7203 7204
f 7202 7204 7182
f 7203 7179 7205
f 7203 7205 7204
f 7204 7205 7206
f 7204 7206 7182
f 7205 7179 7207
f 7205 7207 7206
f 7206 7207 7208
f 7206 7208 7182
f 7207 7179 7209
f 7207 7209 7208
f 7208 7209 7210
f 7208 7210 7182
f 7209 7179 7211
f 7209 7211 7210
f 7210 7211 7212
f 7210 7212 7182
f 7211 7179 7180
f 7211 7180 7212
f 7212 7180 7181
f 7212 7181 7182
o Kytka_zapad_dolni_zemina
v 0.130000 0.600000 1.288500
v 0.194000 0.600000 1.288500
v 0.194000 0.600000 1.291500
v 0.130000 0.600000 1.291500
v 0.189128 0.624492 1.288500
v 0.189128 0.624492 1.291500
v 0.175255 0.645255 1.288500
v 0.175255 0.645255 1.291500
v 0.154492 0.659128 1.288500
v 0.154492 0.659128 1.291500
v 0.130000 0.664000 1.288500
v 0.130000 0.664000 1.291500
v 0.105508 0.659128 1.288500
v 0.105508 0.659128 1.291500
v 0.084745 0.645255 1.288500
v 0.084745 0.645255 1.291500
v 0.070872 0.624492 1.288500
v 0.070872 0.624492 1.291500
v 0.066000 0.600000 1.288500
v 0.066000 0.600000 1.291500
v 0.070872 0.575508 1.288500
v 0.070872 0.575508 1.291500
v 0.084745 0.554745 1.288500
v 0.084745 0.554745 1.291500
v 0.105508 0.540872 1.288500
v 0.105508 0.540872 1.291500
v 0.130000 0.536000 1.288500
v 0.130000 0.536000 1.291500
v 0.154492 0.540872 1.288500
v 0.154492 0.540872 1.291500
v 0.175255 0.554745 1.288500
v 0.175255 0.554745 1.291500
v 0.189128 0.575508 1.288500
v 0.189128 0.575508 1.291500
f 7214 7213 7217
f 7214 7217 7215
f 7215 7217 7218
f 7215 7218 7216
f 7217 7213 7219
f 7217 7219 7218
f 7218 7219 7220
f 7218 7220 7216
f 7219 7213 7221
f 7219 7221 7220
f 7220 7221 7222
f 7220 7222 7216
f 7221 7213 7223
f 7221 7223 7222
f 7222 7223 7224
f 7222 7224 7216
f 7223 7213 7225
f 7223 7225 7224
f 7224 7225 7226
f 7224 7226 7216
f 7225 7213 7227
f 7225 7227 7226
f 7226 7227 7228
f 7226 7228 7216
f 7227 7213 7229
f 7227 7229 7228
f 7228 7229 7230
f 7228 7230 7216
f 7229 7213 7231
f 7229 7231 7230
f 7230 7231 7232
f 7230 7232 7216
f 7231 7213 7233
f 7231 7233 7232
f 7232 7233 7234
f 7232 7234 7216
f 7233 7213 7235
f 7233 7235 7234
f 7234 7235 7236
f 7234 7236 7216
f 7235 7213 7237
f 7235 7237 7236
f 7236 7237 7238
f 7236 7238 7216
f 7237 7213 7239
f 7237 7239 7238
f 7238 7239 7240
f 7238 7240 7216
f 7239 7213 7241
f 7239 7241 7240
f 7240 7241 7242
f 7240 7242 7216
f 7241 7213 7243
f 7241 7243 7242
f 7242 7243 7244
f 7242 7244 7216
f 7243 7213 7245
f 7243 7245 7244
f 7244 7245 7246
f 7244 7246 7216
f 7245 7213 7214
f 7245 7214 7246
f 7246 7214 7215
f 7246 7215 7216
o Kytka_zapad_dolni_stonek
v 0.130000 0.600000 1.290000
v 0.136000 0.600000 1.290000
v 0.136000 0.600000 1.480000
v 0.130000 0.600000 1.480000
v 0.135196 0.603000 1.290000
v 0.135196 0.603000 1.480000
v 0.133000 0.605196 1.290000
v 0.133000 0.605196 1.480000
v 0.130000 0.606000 1.290000
v 0.130000 0.606000 1.480000
v 0.127000 0.605196 1.290000
v 0.127000 0.605196 1.480000
v 0.124804 0.603000 1.290000
v 0.124804 0.603000 1.480000
v 0.124000 0.600000 1.290000
v 0.124000 0.600000 1.480000
v 0.124804 0.597000 1.290000
v 0.124804 0.597000 1.480000
v 0.127000 0.594804 1.290000
v 0.127000 0.594804 1.480000
v 0.130000 0.594000 1.290000
v 0.130000 0.594000 1.480000
v 0.133000 0.594804 1.290000
v 0.133000 0.594804 1.480000
v 0.135196 0.597000 1.290000
v 0.135196 0.597000 1.480000
f 7248 7247 7251
f 7248 7251 7249
f 7249 7251 7252
f 7249 7252 7250
f 7251 7247 7253
f 7251 7253 7252
f 7252 7253 7254
f 7252 7254 7250
f 7253 7247 7255
f 7253 7255 7254
f 7254 7255 7256
f 7254 7256 7250
f 7255 7247 7257
f 7255 7257 7256
f 7256 7257 7258
f 7256 7258 7250
f 7257 7247 7259
f 7257 7259 7258
f 7258 7259 7260
f 7258 7260 7250
f 7259 7247 7261
f 7259 7261 7260
f 7260 7261 7262
f 7260 7262 7250
f 7261 7247 7263
f 7261 7263 7262
f 7262 7263 7264
f 7262 7264 7250
f 7263 7247 7265
f 7263 7265 7264
f 7264 7265 7266
f 7264 7266 7250
f 7265 7247 7267
f 7265 7267 7266
f 7266 7267 7268
f 7266 7268 7250
f 7267 7247 7269
f 7267 7269 7268
f 7268 7269 7270
f 7268 7270 7250
f 7269 7247 7271
f 7269 7271 7270
f 7270 7271 7272
f 7270 7272 7250
f 7271 7247 7248
f 7271 7248 7272
f 7272 7248 7249
f 7272 7249 7250
o Kytka_zapad_dolni_vetvicka_0
v 0.130000 0.600000 1.320000
v 0.131721 0.600000 1.316952
v 0.193721 0.600000 1.351952
v 0.192000 0.600000 1.355000
v 0.131490 0.601750 1.317360
v 0.193490 0.601750 1.352360
v 0.130860 0.603031 1.318476
v 0.192860 0.603031 1.353476
v 0.130000 0.603500 1.320000
v 0.192000 0.603500 1.355000
v 0.129140 0.603031 1.321524
v 0.191140 0.603031 1.356524
v 0.128510 0.601750 1.322640
v 0.190510 0.601750 1.357640
v 0.128279 0.600000 1.323048
v 0.190279 0.600000 1.358048
v 0.128510 0.598250 1.322640
v 0.190510 0.598250 1.357640
v 0.129140 0.596969 1.321524
v 0.191140 0.596969 1.356524
v 0.130000 0.596500 1.320000
v 0.192000 0.596500 1.355000
v 0.130860 0.596969 1.318476
v 0.192860 0.596969 1.353476
v 0.131490 0.598250 1.317360
v 0.193490 0.598250 1.352360
f 7274 7273 7277
f 7274 7277 7275
f 7275 7277 7278
f 7275 7278 7276
f 7277 7273 7279
f 7277 7279 7278
f 7278 7279 7280
f 7278 7280 7276
f 7279 7273 7281
f 7279 7281 7280
f 7280 7281 7282
f 7280 7282 7276
f 7281 7273 7283
f 7281 7283 7282
f 7282 7283 7284
f 7282 7284 7276
f 7283 7273 7285
f 7283 7285 7284
f 7284 7285 7286
f 7284 7286 7276
f 7285 7273 7287
f 7285 7287 7286
f 7286 7287 7288
f 7286 7288 7276
f 7287 7273 7289
f 7287 7289 7288
f 7288 7289 7290
f 7288 7290 7276
f 7289 7273 7291
f 7289 7291 7290
f 7290 7291 7292
f 7290 7292 7276
f 7291 7273 7293
f 7291 7293 7292
f 7292 7293 7294
f 7292 7294 7276
f 7293 7273 7295
f 7293 7295 7294
f 7294 7295 7296
f 7294 7296 7276
f 7295 7273 7297
f 7295 7297 7296
f 7296 7297 7298
f 7296 7298 7276
f 7297 7273 7274
f 7297 7274 7298
f 7298 7274 7275
f 7298 7275 7276
o Kytka_zapad_dolni_list_0
v 0.155199 0.629773 1.370000
v 0.228801 0.629773 1.370000
v 0.155199 0.570227 1.370000
v 0.228801 0.570227 1.370000
v 0.192000 0.581599 1.402325
v 0.192000 0.618401 1.402325
v 0.192000 0.581599 1.337675
v 0.192000 0.618401 1.337675
v 0.251546 0.600000 1.350022
v 0.251546 0.600000 1.389978
v 0.132454 0.600000 1.350022
v 0.132454 0.600000 1.389978
v 0.192000 0.635000 1.370000
v 0.192000 0.565000 1.370000
v 0.170369 0.571684 1.389000
v 0.213631 0.571684 1.389000
v 0.170369 0.628316 1.389000
v 0.213631 0.628316 1.389000
v 0.192000 0.600000 1.408000
v 0.170369 0.571684 1.351000
v 0.213631 0.571684 1.351000
v 0.170369 0.628316 1.351000
v 0.213631 0.628316 1.351000
v 0.192000 0.600000 1.332000
v 0.248631 0.617500 1.358257
v 0.248631 0.582500 1.358257
v 0.227000 0.589184 1.339257
v 0.227000 0.610816 1.339257
v 0.248631 0.617500 1.381743
v 0.248631 0.582500 1.381743
v 0.227000 0.589184 1.400743
v 0.227000 0.610816 1.400743
v 0.262000 0.600000 1.370000
v 0.135369 0.617500 1.358257
v 0.135369 0.582500 1.358257
v 0.157000 0.589184 1.339257
v 0.157000 0.610816 1.339257
v 0.135369 0.617500 1.381743
v 0.135369 0.582500 1.381743
v 0.157000 0.589184 1.400743
v 0.157000 0.610816 1.400743
v 0.122000 0.600000 1.370000
f 7299 7336 7315
f 7336 7310 7339
f 7315 7339 7304
f 7336 7339 7315
f 7299 7315 7311
f 7315 7304 7316
f 7311 7316 7300
f 7315 7316 7311
f 7299 7311 7320
f 7311 7300 7321
f 7320 7321 7306
f 7311 7321 7320
f 7299 7320 7332
f 7320 7306 7335
f 7332 7335 7309
f 7320 7335 7332
f 7299 7332 7336
f 7332 7309 7340
f 7336 7340 7310
f 7332 7340 7336
f 7300 7316 7327
f 7316 7304 7330
f 7327 7330 7308
f 7316 7330 7327
f 7304 7339 7317
f 7339 7310 7338
f 7317 7338 7303
f 7339 7338 7317
f 7310 7340 7337
f 7340 7309 7333
f 7337 7333 7301
f 7340 7333 7337
f 7309 7335 7334
f 7335 7306 7322
f 7334 7322 7305
f 7335 7322 7334
f 7306 7321 7326
f 7321 7300 7323
f 7326 7323 7307
f 7321 7323 7326
f 7302 7328 7314
f 7328 7308 7329
f 7314 7329 7303
f 7328 7329 7314
f 7302 7314 7312
f 7314 7303 7313
f 7312 7313 7301
f 7314 7313 7312
f 7302 7312 7319
f 7312 7301 7318
f 7319 7318 7305
f 7312 7318 7319
f 7302 7319 7324
f 7319 7305 7325
f 7324 7325 7307
f 7319 7325 7324
f 7302 7324 7328
f 7324 7307 7331
f 7328 7331 7308
f 7324 7331 7328
f 7303 7329 7317
f 7329 7308 7330
f 7317 7330 7304
f 7329 7330 7317
f 7301 7313 7337
f 7313 7303 7338
f 7337 7338 7310
f 7313 7338 7337
f 7305 7318 7334
f 7318 7301 7333
f 7334 7333 7309
f 7318 7333 7334
f 7307 7325 7326
f 7325 7305 7322
f 7326 7322 7306
f 7325 7322 7326
f 7308 7331 7327
f 7331 7307 7323
f 7327 7323 7300
f 7331 7323 7327
o Kytka_zapad_dolni_vetvicka_1
v 0.130000 0.600000 1.344286
v 0.131721 0.599384 1.347271
v 0.086002 0.641262 1.382271
v 0.084282 0.641879 1.379286
v 0.132519 0.600848 1.346563
v 0.086801 0.642726 1.381563
v 0.132643 0.602084 1.345244
v 0.086925 0.643963 1.380244
v 0.132059 0.602763 1.343669
v 0.086340 0.644641 1.378669
v 0.130923 0.602701 1.342260
v 0.085204 0.644579 1.377260
v 0.129539 0.601915 1.341393
v 0.083821 0.643794 1.376393
v 0.128279 0.600616 1.341301
v 0.082561 0.642495 1.376301
v 0.127481 0.599152 1.342009
v 0.081762 0.641031 1.377009
v 0.127357 0.597916 1.343327
v 0.081638 0.639794 1.378327
v 0.127941 0.597237 1.344902
v 0.082223 0.639116 1.379902
v 0.129077 0.597299 1.346312
v 0.083359 0.639178 1.381312
v 0.130461 0.598085 1.347179
v 0.084742 0.639964 1.382179
f 7342 7341 7345
f 7342 7345 7343
f 7343 7345 7346
f 7343 7346 7344
f 7345 7341 7347
f 7345 7347 7346
f 7346 7347 7348
f 7346 7348 7344
f 7347 7341 7349
f 7347 7349 7348
f 7348 7349 7350
f 7348 7350 7344
f 7349 7341 7351
f 7349 7351 7350
f 7350 7351 7352
f 7350 7352 7344
f 7351 7341 7353
f 7351 7353 7352
f 7352 7353 7354
f 7352 7354 7344
f 7353 7341 7355
f 7353 7355 7354
f 7354 7355 7356
f 7354 7356 7344
f 7355 7341 7357
f 7355 7357 7356
f 7356 7357 7358
f 7356 7358 7344
f 7357 7341 7359
f 7357 7359 7358
f 7358 7359 7360
f 7358 7360 7344
f 7359 7341 7361
f 7359 7361 7360
f 7360 7361 7362
f 7360 7362 7344
f 7361 7341 7363
f 7361 7363 7362
f 7362 7363 7364
f 7362 7364 7344
f 7363 7341 7365
f 7363 7365 7364
f 7364 7365 7366
f 7364 7366 7344
f 7365 7341 7342
f 7365 7342 7366
f 7366 7342 7343
f 7366 7343 7344
o Kytka_zapad_dolni_list_1
v 0.047480 0.671651 1.394286
v 0.121083 0.671651 1.394286
v 0.047480 0.612106 1.394286
v 0.121083 0.612106 1.394286
v 0.084282 0.623478 1.426610
v 0.084282 0.660279 1.426610
v 0.084282 0.623478 1.361961
v 0.084282 0.660279 1.361961
v 0.143827 0.641879 1.374308
v 0.143827 0.641879 1.414263
v 0.024736 0.641879 1.374308
v 0.024736 0.641879 1.414263
v 0.084282 0.676879 1.394286
v 0.084282 0.606879 1.394286
v 0.062650 0.613563 1.413286
v 0.105913 0.613563 1.413286
v 0.062650 0.670194 1.413286
v 0.105913 0.670194 1.413286
v 0.084282 0.641879 1.432286
v 0.062650 0.613563 1.375286
v 0.105913 0.613563 1.375286
v 0.062650 0.670194 1.375286
v 0.105913 0.670194 1.375286
v 0.084282 0.641879 1.356286
v 0.140913 0.659379 1.382543
v 0.140913 0.624379 1.382543
v 0.119282 0.631063 1.363543
v 0.119282 0.652694 1.363543
v 0.140913 0.659379 1.406028
v 0.140913 0.624379 1.406028
v 0.119282 0.631063 1.425028
v 0.119282 0.652694 1.425028
v 0.154282 0.641879 1.394286
v 0.027650 0.659379 1.382543
v 0.027650 0.624379 1.382543
v 0.049282 0.631063 1.363543
v 0.049282 0.652694 1.363543
v 0.027650 0.659379 1.406028
v 0.027650 0.624379 1.406028
v 0.049282 0.631063 1.425028
v 0.049282 0.652694 1.425028
v 0.014282 0.641879 1.394286
f 7367 7404 7383
f 7404 7378 7407
f 7383 7407 7372
f 7404 7407 7383
f 7367 7383 7379
f 7383 7372 7384
f 7379 7384 7368
f 7383 7384 7379
f 7367 7379 7388
f 7379 7368 7389
f 7388 7389 7374
f 7379 7389 7388
f 7367 7388 7400
f 7388 7374 7403
f 7400 7403 7377
f 7388 7403 7400
f 7367 7400 7404
f 7400 7377 7408
f 7404 7408 7378
f 7400 7408 7404
f 7368 7384 7395
f 7384 7372 7398
f 7395 7398 7376
f 7384 7398 7395
f 7372 7407 7385
f 7407 7378 7406
f 7385 7406 7371
f 7407 7406 7385
f 7378 7408 7405
f 7408 7377 7401
f 7405 7401 7369
f 7408 7401 7405
f 7377 7403 7402
f 7403 7374 7390
f 7402 7390 7373
f 7403 7390 7402
f 7374 7389 7394
f 7389 7368 7391
f 7394 7391 7375
f 7389 7391 7394
f 7370 7396 7382
f 7396 7376 7397
f 7382 7397 7371
f 7396 7397 7382
f 7370 7382 7380
f 7382 7371 7381
f 7380 7381 7369
f 7382 7381 7380
f 7370 7380 7387
f 7380 7369 7386
f 7387 7386 7373
f 7380 7386 7387
f 7370 7387 7392
f 7387 7373 7393
f 7392 7393 7375
f 7387 7393 7392
f 7370 7392 7396
f 7392 7375 7399
f 7396 7399 7376
f 7392 7399 7396
f 7371 7397 7385
f 7397 7376 7398
f 7385 7398 7372
f 7397 7398 7385
f 7369 7381 7405
f 7381 7371 7406
f 7405 7406 7378
f 7381 7406 7405
f 7373 7386 7402
f 7386 7369 7401
f 7402 7401 7377
f 7386 7401 7402
f 7375 7393 7394
f 7393 7373 7390
f 7394 7390 7374
f 7393 7390 7394
f 7376 7399 7395
f 7399 7375 7391
f 7395 7391 7368
f 7399 7391 7395
o Kytka_zapad_dolni_vetvicka_2
v 0.130000 0.600000 1.368571
v 0.131721 0.598613 1.365857
v 0.137146 0.536851 1.400857
v 0.135425 0.538238 1.403571
v 0.133008 0.599325 1.366914
v 0.138433 0.537563 1.401914
v 0.133490 0.600218 1.368415
v 0.138915 0.538456 1.403415
v 0.133036 0.601053 1.369958
v 0.138461 0.539290 1.404958
v 0.131769 0.601605 1.371130
v 0.137194 0.539843 1.406130
v 0.130028 0.601727 1.371615
v 0.135453 0.539965 1.406615
v 0.128279 0.601387 1.371285
v 0.133704 0.539625 1.406285
v 0.126992 0.600675 1.370228
v 0.132417 0.538913 1.405228
v 0.126510 0.599782 1.368727
v 0.131935 0.538020 1.403727
v 0.126964 0.598947 1.367185
v 0.132389 0.537185 1.402185
v 0.128231 0.598395 1.366013
v 0.133656 0.536633 1.401013
v 0.129972 0.598273 1.365528
v 0.135397 0.536510 1.400528
f 7410 7409 7413
f 7410 7413 7411
f 7411 7413 7414
f 7411 7414 7412
f 7413 7409 7415
f 7413 7415 7414
f 7414 7415 7416
f 7414 7416 7412
f 7415 7409 7417
f 7415 7417 7416
f 7416 7417 7418
f 7416 7418 7412
f 7417 7409 7419
f 7417 7419 7418
f 7418 7419 7420
f 7418 7420 7412
f 7419 7409 7421
f 7419 7421 7420
f 7420 7421 7422
f 7420 7422 7412
f 7421 7409 7423
f 7421 7423 7422
f 7422 7423 7424
f 7422 7424 7412
f 7423 7409 7425
f 7423 7425 7424
f 7424 7425 7426
f 7424 7426 7412
f 7425 7409 7427
f 7425 7427 7426
f 7426 7427 7428
f 7426 7428 7412
f 7427 7409 7429
f 7427 7429 7428
f 7428 7429 7430
f 7428 7430 7412
f 7429 7409 7431
f 7429 7431 7430
f 7430 7431 7432
f 7430 7432 7412
f 7431 7409 7433
f 7431 7433 7432
f 7432 7433 7434
f 7432 7434 7412
f 7433 7409 7410
f 7433 7410 7434
f 7434 7410 7411
f 7434 7411 7412
o Kytka_zapad_dolni_list_2
v 0.098624 0.568011 1.418571
v 0.172226 0.568011 1.418571
v 0.098624 0.508465 1.418571
v 0.172226 0.508465 1.418571
v 0.135425 0.519837 1.450896
v 0.135425 0.556638 1.450896
v 0.135425 0.519837 1.386247
v 0.135425 0.556638 1.386247
v 0.194970 0.538238 1.398594
v 0.194970 0.538238 1.438549
v 0.075879 0.538238 1.398594
v 0.075879 0.538238 1.438549
v 0.135425 0.573238 1.418571
v 0.135425 0.503238 1.418571
v 0.113794 0.509922 1.437571
v 0.157056 0.509922 1.437571
v 0.113794 0.566553 1.437571
v 0.157056 0.566553 1.437571
v 0.135425 0.538238 1.456571
v 0.113794 0.509922 1.399571
v 0.157056 0.509922 1.399571
v 0.113794 0.566553 1.399571
v 0.157056 0.566553 1.399571
v 0.135425 0.538238 1.380571
v 0.192056 0.555738 1.406829
v 0.192056 0.520738 1.406829
v 0.170425 0.527422 1.387829
v 0.170425 0.549053 1.387829
v 0.192056 0.555738 1.430314
v 0.192056 0.520738 1.430314
v 0.170425 0.527422 1.449314
v 0.170425 0.549053 1.449314
v 0.205425 0.538238 1.418571
v 0.078794 0.555738 1.406829
v 0.078794 0.520738 1.406829
v 0.100425 0.527422 1.387829
v 0.100425 0.549053 1.387829
v 0.078794 0.555738 1.430314
v 0.078794 0.520738 1.430314
v 0.100425 0.527422 1.449314
v 0.100425 0.549053 1.449314
v 0.065425 0.538238 1.418571
f 7435 7472 7451
f 7472 7446 7475
f 7451 7475 7440
f 7472 7475 7451
f 7435 7451 7447
f 7451 7440 7452
f 7447 7452 7436
f 7451 7452 7447
f 7435 7447 7456
f 7447 7436 7457
f 7456 7457 7442
f 7447 7457 7456
f 7435 7456 7468
f 7456 7442 7471
f 7468 7471 7445
f 7456 7471 7468
f 7435 7468 7472
f 7468 7445 7476
f 7472 7476 7446
f 7468 7476 7472
f 7436 7452 7463
f 7452 7440 7466
f 7463 7466 7444
f 7452 7466 7463
f 7440 7475 7453
f 7475 7446 7474
f 7453 7474 7439
f 7475 7474 7453
f 7446 7476 7473
f 7476 7445 7469
f 7473 7469 7437
f 7476 7469 7473
f 7445 7471 7470
f 7471 7442 7458
f 7470 7458 7441
f 7471 7458 7470
f 7442 7457 7462
f 7457 7436 7459
f 7462 7459 7443
f 7457 7459 7462
f 7438 7464 7450
f 7464 7444 7465
f 7450 7465 7439
f 7464 7465 7450
f 7438 7450 7448
f 7450 7439 7449
f 7448 7449 7437
f 7450 7449 7448
f 7438 7448 7455
f 7448 7437 7454
f 7455 7454 7441
f 7448 7454 7455
f 7438 7455 7460
f 7455 7441 7461
f 7460 7461 7443
f 7455 7461 7460
f 7438 7460 7464
f 7460 7443 7467
f 7464 7467 7444
f 7460 7467 7464
f 7439 7465 7453
f 7465 7444 7466
f 7453 7466 7440
f 7465 7466 7453
f 7437 7449 7473
f 7449 7439 7474
f 7473 7474 7446
f 7449 7474 7473
f 7441 7454 7470
f 7454 7437 7469
f 7470 7469 7445
f 7454 7469 7470
f 7443 7461 7462
f 7461 7441 7458
f 7462 7458 7442
f 7461 7458 7462
f 7444 7467 7463
f 7467 7443 7459
f 7463 7459 7436
f 7467 7459 7463
o Kytka_zapad_dolni_vetvicka_3
v 0.130000 0.600000 1.392857
v 0.131721 0.600777 1.389910
v 0.169438 0.649985 1.424910
v 0.167718 0.649207 1.427857
v 0.130281 0.601877 1.389916
v 0.167998 0.651084 1.424916
v 0.128765 0.602473 1.390710
v 0.166483 0.651681 1.425710
v 0.127581 0.602407 1.392080
v 0.165299 0.651615 1.427080
v 0.127045 0.601696 1.393657
v 0.164763 0.650903 1.428657
v 0.127300 0.600530 1.395021
v 0.165018 0.649738 1.430021
v 0.128279 0.599223 1.395804
v 0.165997 0.648430 1.430804
v 0.129719 0.598123 1.395798
v 0.167437 0.647331 1.430798
v 0.131235 0.597527 1.395004
v 0.168952 0.646734 1.430004
v 0.132419 0.597593 1.393634
v 0.170137 0.646800 1.428634
v 0.132955 0.598304 1.392057
v 0.170673 0.647511 1.427057
v 0.132700 0.599470 1.390694
v 0.170417 0.648677 1.425694
f 7478 7477 7481
f 7478 7481 7479
f 7479 7481 7482
f 7479 7482 7480
f 7481 7477 7483
f 7481 7483 7482
f 7482 7483 7484
f 7482 7484 7480
f 7483 7477 7485
f 7483 7485 7484
f 7484 7485 7486
f 7484 7486 7480
f 7485 7477 7487
f 7485 7487 7486
f 7486 7487 7488
f 7486 7488 7480
f 7487 7477 7489
f 7487 7489 7488
f 7488 7489 7490
f 7488 7490 7480
f 7489 7477 7491
f 7489 7491 7490
f 7490 7491 7492
f 7490 7492 7480
f 7491 7477 7493
f 7491 7493 7492
f 7492 7493 7494
f 7492 7494 7480
f 7493 7477 7495
f 7493 7495 7494
f 7494 7495 7496
f 7494 7496 7480
f 7495 7477 7497
f 7495 7497 7496
f 7496 7497 7498
f 7496 7498 7480
f 7497 7477 7499
f 7497 7499 7498
f 7498 7499 7500
f 7498 7500 7480
f 7499 7477 7501
f 7499 7501 7500
f 7500 7501 7502
f 7500 7502 7480
f 7501 7477 7478
f 7501 7478 7502
f 7502 7478 7479
f 7502 7479 7480
o Kytka_zapad_dolni_list_3
v 0.130917 0.678980 1.442857
v 0.204519 0.678980 1.442857
v 0.130917 0.619435 1.442857
v 0.204519 0.619435 1.442857
v 0.167718 0.630807 1.475182
v 0.167718 0.667608 1.475182
v 0.167718 0.630807 1.410532
v 0.167718 0.667608 1.410532
v 0.227263 0.649207 1.422879
v 0.227263 0.649207 1.462835
v 0.108172 0.649207 1.422879
v 0.108172 0.649207 1.462835
v 0.167718 0.684207 1.442857
v 0.167718 0.614207 1.442857
v 0.146087 0.620892 1.461857
v 0.189349 0.620892 1.461857
v 0.146087 0.677523 1.461857
v 0.189349 0.677523 1.461857
v 0.167718 0.649207 1.480857
v 0.146087 0.620892 1.423857
v 0.189349 0.620892 1.423857
v 0.146087 0.677523 1.423857
v 0.189349 0.677523 1.423857
v 0.167718 0.649207 1.404857
v 0.224349 0.666707 1.431114
v 0.224349 0.631707 1.431114
v 0.202718 0.638392 1.412114
v 0.202718 0.660023 1.412114
v 0.224349 0.666707 1.454600
v 0.224349 0.631707 1.454600
v 0.202718 0.638392 1.473600
v 0.202718 0.660023 1.473600
v 0.237718 0.649207 1.442857
v 0.111087 0.666707 1.431114
v 0.111087 0.631707 1.431114
v 0.132718 0.638392 1.412114
v 0.132718 0.660023 1.412114
v 0.111087 0.666707 1.454600
v 0.111087 0.631707 1.454600
v 0.132718 0.638392 1.473600
v 0.132718 0.660023 1.473600
v 0.097718 0.649207 1.442857
f 7503 7540 7519
f 7540 7514 7543
f 7519 7543 7508
f 7540 7543 7519
f 7503 7519 7515
f 7519 7508 7520
f 7515 7520 7504
f 7519 7520 7515
f 7503 7515 7524
f 7515 7504 7525
f 7524 7525 7510
f 7515 7525 7524
f 7503 7524 7536
f 7524 7510 7539
f 7536 7539 7513
f 7524 7539 7536
f 7503 7536 7540
f 7536 7513 7544
f 7540 7544 7514
f 7536 7544 7540
f 7504 7520 7531
f 7520 7508 7534
f 7531 7534 7512
f 7520 7534 7531
f 7508 7543 7521
f 7543 7514 7542
f 7521 7542 7507
f 7543 7542 7521
f 7514 7544 7541
f 7544 7513 7537
f 7541 7537 7505
f 7544 7537 7541
f 7513 7539 7538
f 7539 7510 7526
f 7538 7526 7509
f 7539 7526 7538
f 7510 7525 7530
f 7525 7504 7527
f 7530 7527 7511
f 7525 7527 7530
f 7506 7532 7518
f 7532 7512 7533
f 7518 7533 7507
f 7532 7533 7518
f 7506 7518 7516
f 7518 7507 7517
f 7516 7517 7505
f 7518 7517 7516
f 7506 7516 7523
f 7516 7505 7522
f 7523 7522 7509
f 7516 7522 7523
f 7506 7523 7528
f 7523 7509 7529
f 7528 7529 7511
f 7523 7529 7528
f 7506 7528 7532
f 7528 7511 7535
f 7532 7535 7512
f 7528 7535 7532
f 7507 7533 7521
f 7533 7512 7534
f 7521 7534 7508
f 7533 7534 7521
f 7505 7517 7541
f 7517 7507 7542
f 7541 7542 7514
f 7517 7542 7541
f 7509 7522 7538
f 7522 7505 7537
f 7538 7537 7513
f 7522 7537 7538
f 7511 7529 7530
f 7529 7509 7526
f 7530 7526 7510
f 7529 7526 7530
f 7512 7535 7531
f 7535 7511 7527
f 7531 7527 7504
f 7535 7527 7531
o Kytka_zapad_dolni_vetvicka_4
v 0.130000 0.600000 1.417143
v 0.131721 0.600141 1.420187
v 0.070670 0.589332 1.455187
v 0.068949 0.589192 1.452143
v 0.131224 0.601850 1.419850
v 0.070174 0.591042 1.454850
v 0.130400 0.603064 1.418787
v 0.069349 0.592256 1.453787
v 0.129469 0.603457 1.417283
v 0.068418 0.592648 1.452283
v 0.128680 0.602923 1.415742
v 0.067629 0.592115 1.450742
v 0.128244 0.601607 1.414576
v 0.067194 0.590798 1.449576
v 0.128279 0.599859 1.414098
v 0.067229 0.589051 1.449098
v 0.128776 0.598150 1.414436
v 0.067725 0.587342 1.449436
v 0.129600 0.596936 1.415499
v 0.068549 0.586128 1.450499
v 0.130531 0.596543 1.417002
v 0.069481 0.585735 1.452002
v 0.131320 0.597077 1.418543
v 0.070270 0.586269 1.453543
v 0.131756 0.598393 1.419709
v 0.070705 0.587585 1.454709
f 7546 7545 7549
f 7546 7549 7547
f 7547 7549 7550
f 7547 7550 7548
f 7549 7545 7551
f 7549 7551 7550
f 7550 7551 7552
f 7550 7552 7548
f 7551 7545 7553
f 7551 7553 7552
f 7552 7553 7554
f 7552 7554 7548
f 7553 7545 7555
f 7553 7555 7554
f 7554 7555 7556
f 7554 7556 7548
f 7555 7545 7557
f 7555 7557 7556
f 7556 7557 7558
f 7556 7558 7548
f 7557 7545 7559
f 7557 7559 7558
f 7558 7559 7560
f 7558 7560 7548
f 7559 7545 7561
f 7559 7561 7560
f 7560 7561 7562
f 7560 7562 7548
f 7561 7545 7563
f 7561 7563 7562
f 7562 7563 7564
f 7562 7564 7548
f 7563 7545 7565
f 7563 7565 7564
f 7564 7565 7566
f 7564 7566 7548
f 7565 7545 7567
f 7565 7567 7566
f 7566 7567 7568
f 7566 7568 7548
f 7567 7545 7569
f 7567 7569 7568
f 7568 7569 7570
f 7568 7570 7548
f 7569 7545 7546
f 7569 7546 7570
f 7570 7546 7547
f 7570 7547 7548
o Kytka_zapad_dolni_list_4
v 0.032148 0.618965 1.467143
v 0.105751 0.618965 1.467143
v 0.032148 0.559419 1.467143
v 0.105751 0.559419 1.467143
v 0.068949 0.570791 1.499468
v 0.068949 0.607592 1.499468
v 0.068949 0.570791 1.434818
v 0.068949 0.607592 1.434818
v 0.128495 0.589192 1.447165
v 0.128495 0.589192 1.487121
v 0.009404 0.589192 1.447165
v 0.009404 0.589192 1.487121
v 0.068949 0.624192 1.467143
v 0.068949 0.554192 1.467143
v 0.047318 0.560876 1.486143
v 0.090581 0.560876 1.486143
v 0.047318 0.617507 1.486143
v 0.090581 0.617507 1.486143
v 0.068949 0.589192 1.505143
v 0.047318 0.560876 1.448143
v 0.090581 0.560876 1.448143
v 0.047318 0.617507 1.448143
v 0.090581 0.617507 1.448143
v 0.068949 0.589192 1.429143
v 0.125581 0.606692 1.455400
v 0.125581 0.571692 1.455400
v 0.103949 0.578376 1.436400
v 0.103949 0.600007 1.436400
v 0.125581 0.606692 1.478886
v 0.125581 0.571692 1.478886
v 0.103949 0.578376 1.497886
v 0.103949 0.600007 1.497886
v 0.138949 0.589192 1.467143
v 0.012318 0.606692 1.455400
v 0.012318 0.571692 1.455400
v 0.033949 0.578376 1.436400
v 0.033949 0.600007 1.436400
v 0.012318 0.606692 1.478886
v 0.012318 0.571692 1.478886
v 0.033949 0.578376 1.497886
v 0.033949 0.600007 1.497886
v -0.001051 0.589192 1.467143
f 7571 7608 7587
f 7608 7582 7611
f 7587 7611 7576
f 7608 7611 7587
f 7571 7587 7583
f 7587 7576 7588
f 7583 7588 7572
f 7587 7588 7583
f 7571 7583 7592
f 7583 7572 7593
f 7592 7593 7578
f 7583 7593 7592
f 7571 7592 7604
f 7592 7578 7607
f 7604 7607 7581
f 7592 7607 7604
f 7571 7604 7608
f 7604 7581 7612
f 7608 7612 7582
f 7604 7612 7608
f 7572 7588 7599
f 7588 7576 7602
f 7599 7602 7580
f 7588 7602 7599
f 7576 7611 7589
f 7611 7582 7610
f 7589 7610 7575
f 7611 7610 7589
f 7582 7612 7609
f 7612 7581 7605
f 7609 7605 7573
f 7612 7605 7609
f 7581 7607 7606
f 7607 7578 7594
f 7606 7594 7577
f 7607 7594 7606
f 7578 7593 7598
f 7593 7572 7595
f 7598 7595 7579
f 7593 7595 7598
f 7574 7600 7586
f 7600 7580 7601
f 7586 7601 7575
f 7600 7601 7586
f 7574 7586 7584
f 7586 7575 7585
f 7584 7585 7573
f 7586 7585 7584
f 7574 7584 7591
f 7584 7573 7590
f 7591 7590 7577
f 7584 7590 7591
f 7574 7591 7596
f 7591 7577 7597
f 7596 7597 7579
f 7591 7597 7596
f 7574 7596 7600
f 7596 7579 7603
f 7600 7603 7580
f 7596 7603 7600
f 7575 7601 7589
f 7601 7580 7602
f 7589 7602 7576
f 7601 7602 7589
f 7573 7585 7609
f 7585 7575 7610
f 7609 7610 7582
f 7585 7610 7609
f 7577 7590 7606
f 7590 7573 7605
f 7606 7605 7581
f 7590 7605 7606
f 7579 7597 7598
f 7597 7577 7594
f 7598 7594 7578
f 7597 7594 7598
f 7580 7603 7599
f 7603 7579 7595
f 7599 7595 7572
f 7603 7595 7599
o Kytka_zapad_dolni_vetvicka_5
v 0.130000 0.600000 1.441429
v 0.131721 0.599537 1.438416
v 0.184040 0.566269 1.473416
v 0.182319 0.566732 1.476429
v 0.132308 0.601128 1.439051
v 0.184627 0.567861 1.474051
v 0.132277 0.602418 1.440324
v 0.184596 0.569150 1.475324
v 0.131635 0.603060 1.441892
v 0.183954 0.569792 1.476892
v 0.130556 0.602881 1.443336
v 0.182875 0.569614 1.478336
v 0.129328 0.601931 1.444269
v 0.181647 0.568664 1.479269
v 0.128279 0.600463 1.444441
v 0.180598 0.567196 1.479441
v 0.127692 0.598872 1.443806
v 0.180011 0.565604 1.478806
v 0.127723 0.597582 1.442533
v 0.180042 0.564315 1.477533
v 0.128365 0.596940 1.440965
v 0.180684 0.563673 1.475965
v 0.129444 0.597119 1.439521
v 0.181763 0.563851 1.474521
v 0.130672 0.598069 1.438588
v 0.182991 0.564801 1.473588
f 7614 7613 7617
f 7614 7617 7615
f 7615 7617 7618
f 7615 7618 7616
f 7617 7613 7619
f 7617 7619 7618
f 7618 7619 7620
f 7618 7620 7616
f 7619 7613 7621
f 7619 7621 7620
f 7620 7621 7622
f 7620 7622 7616
f 7621 7613 7623
f 7621 7623 7622
f 7622 7623 7624
f 7622 7624 7616
f 7623 7613 7625
f 7623 7625 7624
f 7624 7625 7626
f 7624 7626 7616
f 7625 7613 7627
f 7625 7627 7626
f 7626 7627 7628
f 7626 7628 7616
f 7627 7613 7629
f 7627 7629 7628
f 7628 7629 7630
f 7628 7630 7616
f 7629 7613 7631
f 7629 7631 7630
f 7630 7631 7632
f 7630 7632 7616
f 7631 7613 7633
f 7631 7633 7632
f 7632 7633 7634
f 7632 7634 7616
f 7633 7613 7635
f 7633 7635 7634
f 7634 7635 7636
f 7634 7636 7616
f 7635 7613 7637
f 7635 7637 7636
f 7636 7637 7638
f 7636 7638 7616
f 7637 7613 7614
f 7637 7614 7638
f 7638 7614 7615
f 7638 7615 7616
o Kytka_zapad_dolni_list_5
v 0.145518 0.596505 1.491429
v 0.219120 0.596505 1.491429
v 0.145518 0.536960 1.491429
v 0.219120 0.536960 1.491429
v 0.182319 0.548332 1.523753
v 0.182319 0.585133 1.523753
v 0.182319 0.548332 1.459104
v 0.182319 0.585133 1.459104
v 0.241865 0.566732 1.471451
v 0.241865 0.566732 1.511406
v 0.122773 0.566732 1.471451
v 0.122773 0.566732 1.511406
v 0.182319 0.601732 1.491429
v 0.182319 0.531732 1.491429
v 0.160688 0.538417 1.510429
v 0.203950 0.538417 1.510429
v 0.160688 0.595048 1.510429
v 0.203950 0.595048 1.510429
v 0.182319 0.566732 1.529429
v 0.160688 0.538417 1.472429
v 0.203950 0.538417 1.472429
v 0.160688 0.595048 1.472429
v 0.203950 0.595048 1.472429
v 0.182319 0.566732 1.453429
v 0.238950 0.584232 1.479686
v 0.238950 0.549232 1.479686
v 0.217319 0.555917 1.460686
v 0.217319 0.577548 1.460686
v 0.238950 0.584232 1.503171
v 0.238950 0.549232 1.503171
v 0.217319 0.555917 1.522171
v 0.217319 0.577548 1.522171
v 0.252319 0.566732 1.491429
v 0.125688 0.584232 1.479686
v 0.125688 0.549232 1.479686
v 0.147319 0.555917 1.460686
v 0.147319 0.577548 1.460686
v 0.125688 0.584232 1.503171
v 0.125688 0.549232 1.503171
v 0.147319 0.555917 1.522171
v 0.147319 0.577548 1.522171
v 0.112319 0.566732 1.491429
f 7639 7676 7655
f 7676 7650 7679
f 7655 7679 7644
f 7676 7679 7655
f 7639 7655 7651
f 7655 7644 7656
f 7651 7656 7640
f 7655 7656 7651
f 7639 7651 7660
f 7651 7640 7661
f 7660 7661 7646
f 7651 7661 7660
f 7639 7660 7672
f 7660 7646 7675
f 7672 7675 7649
f 7660 7675 7672
f 7639 7672 7676
f 7672 7649 7680
f 7676 7680 7650
f 7672 7680 7676
f 7640 7656 7667
f 7656 7644 7670
f 7667 7670 7648
f 7656 7670 7667
f 7644 7679 7657
f 7679 7650 7678
f 7657 7678 7643
f 7679 7678 7657
f 7650 7680 7677
f 7680 7649 7673
f 7677 7673 7641
f 7680 7673 7677
f 7649 7675 7674
f 7675 7646 7662
f 7674 7662 7645
f 7675 7662 7674
f 7646 7661 7666
f 7661 7640 7663
f 7666 7663 7647
f 7661 7663 7666
f 7642 7668 7654
f 7668 7648 7669
f 7654 7669 7643
f 7668 7669 7654
f 7642 7654 7652
f 7654 7643 7653
f 7652 7653 7641
f 7654 7653 7652
f 7642 7652 7659
f 7652 7641 7658
f 7659 7658 7645
f 7652 7658 7659
f 7642 7659 7664
f 7659 7645 7665
f 7664 7665 7647
f 7659 7665 7664
f 7642 7664 7668
f 7664 7647 7671
f 7668 7671 7648
f 7664 7671 7668
f 7643 7669 7657
f 7669 7648 7670
f 7657 7670 7644
f 7669 7670 7657
f 7641 7653 7677
f 7653 7643 7678
f 7677 7678 7650
f 7653 7678 7677
f 7645 7658 7674
f 7658 7641 7673
f 7674 7673 7649
f 7658 7673 7674
f 7647 7665 7666
f 7665 7645 7662
f 7666 7662 7646
f 7665 7662 7666
f 7648 7671 7667
f 7671 7647 7663
f 7667 7663 7640
f 7671 7663 7667
o Kytka_zapad_dolni_vetvicka_6
v 0.130000 0.600000 1.465714
v 0.131721 0.598820 1.468525
v 0.115612 0.658691 1.503525
v 0.113891 0.659871 1.500714
v 0.132962 0.599719 1.467558
v 0.116853 0.659590 1.502558
v 0.133409 0.600693 1.466098
v 0.117301 0.660564 1.501098
v 0.132943 0.601482 1.464534
v 0.116835 0.661352 1.499534
v 0.131689 0.601873 1.463287
v 0.115580 0.661744 1.498287
v 0.129982 0.601763 1.462691
v 0.113873 0.661633 1.497691
v 0.128279 0.601180 1.462904
v 0.112171 0.661051 1.497904
v 0.127038 0.600281 1.463871
v 0.110930 0.660152 1.498871
v 0.126591 0.599307 1.465331
v 0.110482 0.659178 1.500331
v 0.127057 0.598518 1.466894
v 0.110948 0.658389 1.501894
v 0.128311 0.598127 1.468141
v 0.112203 0.657998 1.503141
v 0.130018 0.598237 1.468738
v 0.113910 0.658108 1.503738
f 7682 7681 7685
f 7682 7685 7683
f 7683 7685 7686
f 7683 7686 7684
f 7685 7681 7687
f 7685 7687 7686
f 7686 7687 7688
f 7686 7688 7684
f 7687 7681 7689
f 7687 7689 7688
f 7688 7689 7690
f 7688 7690 7684
f 7689 7681 7691
f 7689 7691 7690
f 7690 7691 7692
f 7690 7692 7684
f 7691 7681 7693
f 7691 7693 7692
f 7692 7693 7694
f 7692 7694 7684
f 7693 7681 7695
f 7693 7695 7694
f 7694 7695 7696
f 7694 7696 7684
f 7695 7681 7697
f 7695 7697 7696
f 7696 7697 7698
f 7696 7698 7684
f 7697 7681 7699
f 7697 7699 7698
f 7698 7699 7700
f 7698 7700 7684
f 7699 7681 7701
f 7699 7701 7700
f 7700 7701 7702
f 7700 7702 7684
f 7701 7681 7703
f 7701 7703 7702
f 7702 7703 7704
f 7702 7704 7684
f 7703 7681 7705
f 7703 7705 7704
f 7704 7705 7706
f 7704 7706 7684
f 7705 7681 7682
f 7705 7682 7706
f 7706 7682 7683
f 7706 7683 7684
o Kytka_zapad_dolni_list_6
v 0.077090 0.689644 1.515714
v 0.150693 0.689644 1.515714
v 0.077090 0.630098 1.515714
v 0.150693 0.630098 1.515714
v 0.113891 0.641470 1.548039
v 0.113891 0.678271 1.548039
v 0.113891 0.641470 1.483390
v 0.113891 0.678271 1.483390
v 0.173437 0.659871 1.495737
v 0.173437 0.659871 1.535692
v 0.054346 0.659871 1.495737
v 0.054346 0.659871 1.535692
v 0.113891 0.694871 1.515714
v 0.113891 0.624871 1.515714
v 0.092260 0.631555 1.534714
v 0.135523 0.631555 1.534714
v 0.092260 0.688186 1.534714
v 0.135523 0.688186 1.534714
v 0.113891 0.659871 1.553714
v 0.092260 0.631555 1.496714
v 0.135523 0.631555 1.496714
v 0.092260 0.688186 1.496714
v 0.135523 0.688186 1.496714
v 0.113891 0.659871 1.477714
v 0.170523 0.677371 1.503972
v 0.170523 0.642371 1.503972
v 0.148891 0.649055 1.484972
v 0.148891 0.670686 1.484972
v 0.170523 0.677371 1.527457
v 0.170523 0.642371 1.527457
v 0.148891 0.649055 1.546457
v 0.148891 0.670686 1.546457
v 0.183891 0.659871 1.515714
v 0.057260 0.677371 1.503972
v 0.057260 0.642371 1.503972
v 0.078891 0.649055 1.484972
v 0.078891 0.670686 1.484972
v 0.057260 0.677371 1.527457
v 0.057260 0.642371 1.527457
v 0.078891 0.649055 1.546457
v 0.078891 0.670686 1.546457
v 0.043891 0.659871 1.515714
f 7707 7744 7723
f 7744 7718 7747
f 7723 7747 7712
f 7744 7747 7723
f 7707 7723 7719
f 7723 7712 7724
f 7719 7724 7708
f 7723 7724 7719
f 7707 7719 7728
f 7719 7708 7729
f 7728 7729 7714
f 7719 7729 7728
f 7707 7728 7740
f 7728 7714 7743
f 7740 7743 7717
f 7728 7743 7740
f 7707 7740 7744
f 7740 7717 7748
f 7744 7748 7718
f 7740 7748 7744
f 7708 7724 7735
f 7724 7712 7738
f 7735 7738 7716
f 7724 7738 7735
f 7712 7747 7725
f 7747 7718 7746
f 7725 7746 7711
f 7747 7746 7725
f 7718 7748 7745
f 7748 7717 7741
f 7745 7741 7709
f 7748 7741 7745
f 7717 7743 7742
f 7743 7714 7730
f 7742 7730 7713
f 7743 7730 7742
f 7714 7729 7734
f 7729 7708 7731
f 7734 7731 7715
f 7729 7731 7734
f 7710 7736 7722
f 7736 7716 7737
f 7722 7737 7711
f 7736 7737 7722
f 7710 7722 7720
f 7722 7711 7721
f 7720 7721 7709
f 7722 7721 7720
f 7710 7720 7727
f 7720 7709 7726
f 7727 7726 7713
f 7720 7726 7727
f 7710 7727 7732
f 7727 7713 7733
f 7732 7733 7715
f 7727 7733 7732
f 7710 7732 7736
f 7732 7715 7739
f 7736 7739 7716
f 7732 7739 7736
f 7711 7737 7725
f 7737 7716 7738
f 7725 7738 7712
f 7737 7738 7725
f 7709 7721 7745
f 7721 7711 7746
f 7745 7746 7718
f 7721 7746 7745
f 7713 7726 7742
f 7726 7709 7741
f 7742 7741 7717
f 7726 7741 7742
f 7715 7733 7734
f 7733 7713 7730
f 7734 7730 7714
f 7733 7730 7734
f 7716 7739 7735
f 7739 7715 7731
f 7735 7731 7708
f 7739 7731 7735
o Kytka_zapad_stredni_kvetinac
v 0.130000 2.770000 1.520000
v 0.205000 2.770000 1.520000
v 0.205000 2.770000 1.650000
v 0.130000 2.770000 1.650000
v 0.199291 2.798701 1.520000
v 0.199291 2.798701 1.650000
v 0.183033 2.823033 1.520000
v 0.183033 2.823033 1.650000
v 0.158701 2.839291 1.520000
v 0.158701 2.839291 1.650000
v 0.130000 2.845000 1.520000
v 0.130000 2.845000 1.650000
v 0.101299 2.839291 1.520000
v 0.101299 2.839291 1.650000
v 0.076967 2.823033 1.520000
v 0.076967 2.823033 1.650000
v 0.060709 2.798701 1.520000
v 0.060709 2.798701 1.650000
v 0.055000 2.770000 1.520000
v 0.055000 2.770000 1.650000
v 0.060709 2.741299 1.520000
v 0.060709 2.741299 1.650000
v 0.076967 2.716967 1.520000
v 0.076967 2.716967 1.650000
v 0.101299 2.700709 1.520000
v 0.101299 2.700709 1.650000
v 0.130000 2.695000 1.520000
v 0.130000 2.695000 1.650000
v 0.158701 2.700709 1.520000
v 0.158701 2.700709 1.650000
v 0.183033 2.716967 1.520000
v 0.183033 2.716967 1.650000
v 0.199291 2.741299 1.520000
v 0.199291 2.741299 1.650000
f 7750 7749 7753
f 7750 7753 7751
f 7751 7753 7754
f 7751 7754 7752
f 7753 7749 7755
f 7753 7755 7754
f 7754 7755 7756
f 7754 7756 7752
f 7755 7749 7757
f 7755 7757 7756
f 7756 7757 7758
f 7756 7758 7752
f 7757 7749 7759
f 7757 7759 7758
f 7758 7759 7760
f 7758 7760 7752
f 7759 7749 7761
f 7759 7761 7760
f 7760 7761 7762
f 7760 7762 7752
f 7761 7749 7763
f 7761 7763 7762
f 7762 7763 7764
f 7762 7764 7752
f 7763 7749 7765
f 7763 7765 7764
f 7764 7765 7766
f 7764 7766 7752
f 7765 7749 7767
f 7765 7767 7766
f 7766 7767 7768
f 7766 7768 7752
f 7767 7749 7769
f 7767 7769 7768
f 7768 7769 7770
f 7768 7770 7752
f 7769 7749 7771
f 7769 7771 7770
f 7770 7771 7772
f 7770 7772 7752
f 7771 7749 7773
f 7771 7773 7772
f 7772 7773 7774
f 7772 7774 7752
f 7773 7749 7775
f 7773 7775 7774
f 7774 7775 7776
f 7774 7776 7752
f 7775 7749 7777
f 7775 7777 7776
f 7776 7777 7778
f 7776 7778 7752
f 7777 7749 7779
f 7777 7779 7778
f 7778 7779 7780
f 7778 7780 7752
f 7779 7749 7781
f 7779 7781 7780
f 7780 7781 7782
f 7780 7782 7752
f 7781 7749 7750
f 7781 7750 7782
f 7782 7750 7751
f 7782 7751 7752
o Kytka_zapad_stredni_zemina
v 0.130000 2.770000 1.648500
v 0.194000 2.770000 1.648500
v 0.194000 2.770000 1.651500
v 0.130000 2.770000 1.651500
v 0.189128 2.794492 1.648500
v 0.189128 2.794492 1.651500
v 0.175255 2.815255 1.648500
v 0.175255 2.815255 1.651500
v 0.154492 2.829128 1.648500
v 0.154492 2.829128 1.651500
v 0.130000 2.834000 1.648500
v 0.130000 2.834000 1.651500
v 0.105508 2.829128 1.648500
v 0.105508 2.829128 1.651500
v 0.084745 2.815255 1.648500
v 0.084745 2.815255 1.651500
v 0.070872 2.794492 1.648500
v 0.070872 2.794492 1.651500
v 0.066000 2.770000 1.648500
v 0.066000 2.770000 1.651500
v 0.070872 2.745508 1.648500
v 0.070872 2.745508 1.651500
v 0.084745 2.724745 1.648500
v 0.084745 2.724745 1.651500
v 0.105508 2.710872 1.648500
v 0.105508 2.710872 1.651500
v 0.130000 2.706000 1.648500
v 0.130000 2.706000 1.651500
v 0.154492 2.710872 1.648500
v 0.154492 2.710872 1.651500
v 0.175255 2.724745 1.648500
v 0.175255 2.724745 1.651500
v 0.189128 2.745508 1.648500
v 0.189128 2.745508 1.651500
f 7784 7783 7787
f 7784 7787 7785
f 7785 7787 7788
f 7785 7788 7786
f 7787 7783 7789
f 7787 7789 7788
f 7788 7789 7790
f 7788 7790 7786
f 7789 7783 7791
f 7789 7791 7790
f 7790 7791 7792
f 7790 7792 7786
f 7791 7783 7793
f 7791 7793 7792
f 7792 7793 7794
f 7792 7794 7786
f 7793 7783 7795
f 7793 7795 7794
f 7794 7795 7796
f 7794 7796 7786
f 7795 7783 7797
f 7795 7797 7796
f 7796 7797 7798
f 7796 7798 7786
f 7797 7783 7799
f 7797 7799 7798
f 7798 7799 7800
f 7798 7800 7786
f 7799 7783 7801
f 7799 7801 7800
f 7800 7801 7802
f 7800 7802 7786
f 7801 7783 7803
f 7801 7803 7802
f 7802 7803 7804
f 7802 7804 7786
f 7803 7783 7805
f 7803 7805 7804
f 7804 7805 7806
f 7804 7806 7786
f 7805 7783 7807
f 7805 7807 7806
f 7806 7807 7808
f 7806 7808 7786
f 7807 7783 7809
f 7807 7809 7808
f 7808 7809 7810
f 7808 7810 7786
f 7809 7783 7811
f 7809 7811 7810
f 7810 7811 7812
f 7810 7812 7786
f 7811 7783 7813
f 7811 7813 7812
f 7812 7813 7814
f 7812 7814 7786
f 7813 7783 7815
f 7813 7815 7814
f 7814 7815 7816
f 7814 7816 7786
f 7815 7783 7784
f 7815 7784 7816
f 7816 7784 7785
f 7816 7785 7786
o Kytka_zapad_stredni_stonek
v 0.130000 2.770000 1.650000
v 0.136000 2.770000 1.650000
v 0.136000 2.770000 1.900000
v 0.130000 2.770000 1.900000
v 0.135196 2.773000 1.650000
v 0.135196 2.773000 1.900000
v 0.133000 2.775196 1.650000
v 0.133000 2.775196 1.900000
v 0.130000 2.776000 1.650000
v 0.130000 2.776000 1.900000
v 0.127000 2.775196 1.650000
v 0.127000 2.775196 1.900000
v 0.124804 2.773000 1.650000
v 0.124804 2.773000 1.900000
v 0.124000 2.770000 1.650000
v 0.124000 2.770000 1.900000
v 0.124804 2.767000 1.650000
v 0.124804 2.767000 1.900000
v 0.127000 2.764804 1.650000
v 0.127000 2.764804 1.900000
v 0.130000 2.764000 1.650000
v 0.130000 2.764000 1.900000
v 0.133000 2.764804 1.650000
v 0.133000 2.764804 1.900000
v 0.135196 2.767000 1.650000
v 0.135196 2.767000 1.900000
f 7818 7817 7821
f 7818 7821 7819
f 7819 7821 7822
f 7819 7822 7820
f 7821 7817 7823
f 7821 7823 7822
f 7822 7823 7824
f 7822 7824 7820
f 7823 7817 7825
f 7823 7825 7824
f 7824 7825 7826
f 7824 7826 7820
f 7825 7817 7827
f 7825 7827 7826
f 7826 7827 7828
f 7826 7828 7820
f 7827 7817 7829
f 7827 7829 7828
f 7828 7829 7830
f 7828 7830 7820
f 7829 7817 7831
f 7829 7831 7830
f 7830 7831 7832
f 7830 7832 7820
f 7831 7817 7833
f 7831 7833 7832
f 7832 7833 7834
f 7832 7834 7820
f 7833 7817 7835
f 7833 7835 7834
f 7834 7835 7836
f 7834 7836 7820
f 7835 7817 7837
f 7835 7837 7836
f 7836 7837 7838
f 7836 7838 7820
f 7837 7817 7839
f 7837 7839 7838
f 7838 7839 7840
f 7838 7840 7820
f 7839 7817 7841
f 7839 7841 7840
f 7840 7841 7842
f 7840 7842 7820
f 7841 7817 7818
f 7841 7818 7842
f 7842 7818 7819
f 7842 7819 7820
o Kytka_zapad_stredni_vetvicka_0
v 0.130000 2.770000 1.680000
v 0.131721 2.770000 1.676952
v 0.193721 2.770000 1.711952
v 0.192000 2.770000 1.715000
v 0.131490 2.771750 1.677360
v 0.193490 2.771750 1.712360
v 0.130860 2.773031 1.678476
v 0.192860 2.773031 1.713476
v 0.130000 2.773500 1.680000
v 0.192000 2.773500 1.715000
v 0.129140 2.773031 1.681524
v 0.191140 2.773031 1.716524
v 0.128510 2.771750 1.682640
v 0.190510 2.771750 1.717640
v 0.128279 2.770000 1.683048
v 0.190279 2.770000 1.718048
v 0.128510 2.768250 1.682640
v 0.190510 2.768250 1.717640
v 0.129140 2.766969 1.681524
v 0.191140 2.766969 1.716524
v 0.130000 2.766500 1.680000
v 0.192000 2.766500 1.715000
v 0.130860 2.766969 1.678476
v 0.192860 2.766969 1.713476
v 0.131490 2.768250 1.677360
v 0.193490 2.768250 1.712360
f 7844 7843 7847
f 7844 7847 7845
f 7845 7847 7848
f 7845 7848 7846
f 7847 7843 7849
f 7847 7849 7848
f 7848 7849 7850
f 7848 7850 7846
f 7849 7843 7851
f 7849 7851 7850
f 7850 7851 7852
f 7850 7852 7846
f 7851 7843 7853
f 7851 7853 7852
f 7852 7853 7854
f 7852 7854 7846
f 7853 7843 7855
f 7853 7855 7854
f 7854 7855 7856
f 7854 7856 7846
f 7855 7843 7857
f 7855 7857 7856
f 7856 7857 7858
f 7856 7858 7846
f 7857 7843 7859
f 7857 7859 7858
f 7858 7859 7860
f 7858 7860 7846
f 7859 7843 7861
f 7859 7861 7860
f 7860 7861 7862
f 7860 7862 7846
f 7861 7843 7863
f 7861 7863 7862
f 7862 7863 7864
f 7862 7864 7846
f 7863 7843 7865
f 7863 7865 7864
f 7864 7865 7866
f 7864 7866 7846
f 7865 7843 7867
f 7865 7867 7866
f 7866 7867 7868
f 7866 7868 7846
f 7867 7843 7844
f 7867 7844 7868
f 7868 7844 7845
f 7868 7845 7846
o Kytka_zapad_stredni_list_0
v 0.155199 2.799773 1.730000
v 0.228801 2.799773 1.730000
v 0.155199 2.740227 1.730000
v 0.228801 2.740227 1.730000
v 0.192000 2.751599 1.762325
v 0.192000 2.788401 1.762325
v 0.192000 2.751599 1.697675
v 0.192000 2.788401 1.697675
v 0.251546 2.770000 1.710022
v 0.251546 2.770000 1.749978
v 0.132454 2.770000 1.710022
v 0.132454 2.770000 1.749978
v 0.192000 2.805000 1.730000
v 0.192000 2.735000 1.730000
v 0.170369 2.741684 1.749000
v 0.213631 2.741684 1.749000
v 0.170369 2.798316 1.749000
v 0.213631 2.798316 1.749000
v 0.192000 2.770000 1.768000
v 0.170369 2.741684 1.711000
v 0.213631 2.741684 1.711000
v 0.170369 2.798316 1.711000
v 0.213631 2.798316 1.711000
v 0.192000 2.770000 1.692000
v 0.248631 2.787500 1.718257
v 0.248631 2.752500 1.718257
v 0.227000 2.759184 1.699257
v 0.227000 2.780816 1.699257
v 0.248631 2.787500 1.741743
v 0.248631 2.752500 1.741743
v 0.227000 2.759184 1.760743
v 0.227000 2.780816 1.760743
v 0.262000 2.770000 1.730000
v 0.135369 2.787500 1.718257
v 0.135369 2.752500 1.718257
v 0.157000 2.759184 1.699257
v 0.157000 2.780816 1.699257
v 0.135369 2.787500 1.741743
v 0.135369 2.752500 1.741743
v 0.157000 2.759184 1.760743
v 0.157000 2.780816 1.760743
v 0.122000 2.770000 1.730000
f 7869 7906 7885
f 7906 7880 7909
f 7885 7909 7874
f 7906 7909 7885
f 7869 7885 7881
f 7885 7874 7886
f 7881 7886 7870
f 7885 7886 7881
f 7869 7881 7890
f 7881 7870 7891
f 7890 7891 7876
f 7881 7891 7890
f 7869 7890 7902
f 7890 7876 7905
f 7902 7905 7879
f 7890 7905 7902
f 7869 7902 7906
f 7902 7879 7910
f 7906 7910 7880
f 7902 7910 7906
f 7870 7886 7897
f 7886 7874 7900
f 7897 7900 7878
f 7886 7900 7897
f 7874 7909 7887
f 7909 7880 7908
f 7887 7908 7873
f 7909 7908 7887
f 7880 7910 7907
f 7910 7879 7903
f 7907 7903 7871
f 7910 7903 7907
f 7879 7905 7904
f 7905 7876 7892
f 7904 7892 7875
f 7905 7892 7904
f 7876 7891 7896
f 7891 7870 7893
f 7896 7893 7877
f 7891 7893 7896
f 7872 7898 7884
f 7898 7878 7899
f 7884 7899 7873
f 7898 7899 7884
f 7872 7884 7882
f 7884 7873 7883
f 7882 7883 7871
f 7884 7883 7882
f 7872 7882 7889
f 7882 7871 7888
f 7889 7888 7875
f 7882 7888 7889
f 7872 7889 7894
f 7889 7875 7895
f 7894 7895 7877
f 7889 7895 7894
f 7872 7894 7898
f 7894 7877 7901
f 7898 7901 7878
f 7894 7901 7898
f 7873 7899 7887
f 7899 7878 7900
f 7887 7900 7874
f 7899 7900 7887
f 7871 7883 7907
f 7883 7873 7908
f 7907 7908 7880
f 7883 7908 7907
f 7875 7888 7904
f 7888 7871 7903
f 7904 7903 7879
f 7888 7903 7904
f 7877 7895 7896
f 7895 7875 7892
f 7896 7892 7876
f 7895 7892 7896
f 7878 7901 7897
f 7901 7877 7893
f 7897 7893 7870
f 7901 7893 7897
o Kytka_zapad_stredni_vetvicka_1
v 0.130000 2.770000 1.712857
v 0.131721 2.769384 1.715842
v 0.086002 2.811262 1.750842
v 0.084282 2.811879 1.747857
v 0.132519 2.770848 1.715134
v 0.086801 2.812726 1.750134
v 0.132643 2.772084 1.713816
v 0.086925 2.813963 1.748816
v 0.132059 2.772763 1.712241
v 0.086340 2.814641 1.747241
v 0.130923 2.772701 1.710831
v 0.085204 2.814579 1.745831
v 0.129539 2.771915 1.709964
v 0.083821 2.813794 1.744964
v 0.128279 2.770616 1.709872
v 0.082561 2.812495 1.744872
v 0.127481 2.769152 1.710580
v 0.081762 2.811031 1.745580
v 0.127357 2.767916 1.711898
v 0.081638 2.809794 1.746898
v 0.127941 2.767237 1.713473
v 0.082223 2.809116 1.748473
v 0.129077 2.767299 1.714883
v 0.083359 2.809178 1.749883
v 0.130461 2.768085 1.715750
v 0.084742 2.809964 1.750750
f 7912 7911 7915
f 7912 7915 7913
f 7913 7915 7916
f 7913 7916 7914
f 7915 7911 7917
f 7915 7917 7916
f 7916 7917 7918
f 7916 7918 7914
f 7917 7911 7919
f 7917 7919 7918
f 7918 7919 7920
f 7918 7920 7914
f 7919 7911 7921
f 7919 7921 7920
f 7920 7921 7922
f 7920 7922 7914
f 7921 7911 7923
f 7921 7923 7922
f 7922 7923 7924
f 7922 7924 7914
f 7923 7911 7925
f 7923 7925 7924
f 7924 7925 7926
f 7924 7926 7914
f 7925 7911 7927
f 7925 7927 7926
f 7926 7927 7928
f 7926 7928 7914
f 7927 7911 7929
f 7927 7929 7928
f 7928 7929 7930
f 7928 7930 7914
f 7929 7911 7931
f 7929 7931 7930
f 7930 7931 7932
f 7930 7932 7914
f 7931 7911 7933
f 7931 7933 7932
f 7932 7933 7934
f 7932 7934 7914
f 7933 7911 7935
f 7933 7935 7934
f 7934 7935 7936
f 7934 7936 7914
f 7935 7911 7912
f 7935 7912 7936
f 7936 7912 7913
f 7936 7913 7914
o Kytka_zapad_stredni_list_1
v 0.047480 2.841651 1.762857
v 0.121083 2.841651 1.762857
v 0.047480 2.782106 1.762857
v 0.121083 2.782106 1.762857
v 0.084282 2.793478 1.795182
v 0.084282 2.830279 1.795182
v 0.084282 2.793478 1.730532
v 0.084282 2.830279 1.730532
v 0.143827 2.811879 1.742879
v 0.143827 2.811879 1.782835
v 0.024736 2.811879 1.742879
v 0.024736 2.811879 1.782835
v 0.084282 2.846879 1.762857
v 0.084282 2.776879 1.762857
v 0.062650 2.783563 1.781857
v 0.105913 2.783563 1.781857
v 0.062650 2.840194 1.781857
v 0.105913 2.840194 1.781857
v 0.084282 2.811879 1.800857
v 0.062650 2.783563 1.743857
v 0.105913 2.783563 1.743857
v 0.062650 2.840194 1.743857
v 0.105913 2.840194 1.743857
v 0.084282 2.811879 1.724857
v 0.140913 2.829379 1.751114
v 0.140913 2.794379 1.751114
v 0.119282 2.801063 1.732114
v 0.119282 2.822694 1.732114
v 0.140913 2.829379 1.774600
v 0.140913 2.794379 1.774600
v 0.119282 2.801063 1.793600
v 0.119282 2.822694 1.793600
v 0.154282 2.811879 1.762857
v 0.027650 2.829379 1.751114
v 0.027650 2.794379 1.751114
v 0.049282 2.801063 1.732114
v 0.049282 2.822694 1.732114
v 0.027650 2.829379 1.774600
v 0.027650 2.794379 1.774600
v 0.049282 2.801063 1.793600
v 0.049282 2.822694 1.793600
v 0.014282 2.811879 1.762857
f 7937 7974 7953
f 7974 7948 7977
f 7953 7977 7942
f 7974 7977 7953
f 7937 7953 7949
f 7953 7942 7954
f 7949 7954 7938
f 7953 7954 7949
f 7937 7949 7958
f 7949 7938 7959
f 7958 7959 7944
f 7949 7959 7958
f 7937 7958 7970
f 7958 7944 7973
f 7970 7973 7947
f 7958 7973 7970
f 7937 7970 7974
f 7970 7947 7978
f 7974 7978 7948
f 7970 7978 7974
f 7938 7954 7965
f 7954 7942 7968
f 7965 7968 7946
f 7954 7968 7965
f 7942 7977 7955
f 7977 7948 7976
f 7955 7976 7941
f 7977 7976 7955
f 7948 7978 7975
f 7978 7947 7971
f 7975 7971 7939
f 7978 7971 7975
f 7947 7973 7972
f 7973 7944 7960
f 7972 7960 7943
f 7973 7960 7972
f 7944 7959 7964
f 7959 7938 7961
f 7964 7961 7945
f 7959 7961 7964
f 7940 7966 7952
f 7966 7946 7967
f 7952 7967 7941
f 7966 7967 7952
f 7940 7952 7950
f 7952 7941 7951
f 7950 7951 7939
f 7952 7951 7950
f 7940 7950 7957
f 7950 7939 7956
f 7957 7956 7943
f 7950 7956 7957
f 7940 7957 7962
f 7957 7943 7963
f 7962 7963 7945
f 7957 7963 7962
f 7940 7962 7966
f 7962 7945 7969
f 7966 7969 7946
f 7962 7969 7966
f 7941 7967 7955
f 7967 7946 7968
f 7955 7968 7942
f 7967 7968 7955
f 7939 7951 7975
f 7951 7941 7976
f 7975 7976 7948
f 7951 7976 7975
f 7943 7956 7972
f 7956 7939 7971
f 7972 7971 7947
f 7956 7971 7972
f 7945 7963 7964
f 7963 7943 7960
f 7964 7960 7944
f 7963 7960 7964
f 7946 7969 7965
f 7969 7945 7961
f 7965 7961 7938
f 7969 7961 7965
o Kytka_zapad_stredni_vetvicka_2
v 0.130000 2.770000 1.745714
v 0.131721 2.768613 1.743000
v 0.137146 2.706851 1.778000
v 0.135425 2.708238 1.780714
v 0.133008 2.769325 1.744057
v 0.138433 2.707563 1.779057
v 0.133490 2.770218 1.745558
v 0.138915 2.708456 1.780558
v 0.133036 2.771053 1.747101
v 0.138461 2.709290 1.782101
v 0.131769 2.771605 1.748272
v 0.137194 2.709843 1.783272
v 0.130028 2.771727 1.748758
v 0.135453 2.709965 1.783758
v 0.128279 2.771387 1.748428
v 0.133704 2.709625 1.783428
v 0.126992 2.770675 1.747371
v 0.132417 2.708913 1.782371
v 0.126510 2.769782 1.745870
v 0.131935 2.708020 1.780870
v 0.126964 2.768947 1.744327
v 0.132389 2.707185 1.779327
v 0.128231 2.768395 1.743156
v 0.133656 2.706633 1.778156
v 0.129972 2.768273 1.742670
v 0.135397 2.706510 1.777670
f 7980 7979 7983
f 7980 7983 7981
f 7981 7983 7984
f 7981 7984 7982
f 7983 7979 7985
f 7983 7985 7984
f 7984 7985 7986
f 7984 7986 7982
f 7985 7979 7987
f 7985 7987 7986
f 7986 7987 7988
f 7986 7988 7982
f 7987 7979 7989
f 7987 7989 7988
f 7988 7989 7990
f 7988 7990 7982
f 7989 7979 7991
f 7989 7991 7990
f 7990 7991 7992
f 7990 7992 7982
f 7991 7979 7993
f 7991 7993 7992
f 7992 7993 7994
f 7992 7994 7982
f 7993 7979 7995
f 7993 7995 7994
f 7994 7995 7996
f 7994 7996 7982
f 7995 7979 7997
f 7995 7997 7996
f 7996 7997 7998
f 7996 7998 7982
f 7997 7979 7999
f 7997 7999 7998
f 7998 7999 8000
f 7998 8000 7982
f 7999 7979 8001
f 7999 8001 8000
f 8000 8001 8002
f 8000 8002 7982
f 8001 7979 8003
f 8001 8003 8002
f 8002 8003 8004
f 8002 8004 7982
f 8003 7979 7980
f 8003 7980 8004
f 8004 7980 7981
f 8004 7981 7982
o Kytka_zapad_stredni_list_2
v 0.098624 2.738011 1.795714
v 0.172226 2.738011 1.795714
v 0.098624 2.678465 1.795714
v 0.172226 2.678465 1.795714
v 0.135425 2.689837 1.828039
v 0.135425 2.726638 1.828039
v 0.135425 2.689837 1.763390
v 0.135425 2.726638 1.763390
v 0.194970 2.708238 1.775737
v 0.194970 2.708238 1.815692
v 0.075879 2.708238 1.775737
v 0.075879 2.708238 1.815692
v 0.135425 2.743238 1.795714
v 0.135425 2.673238 1.795714
v 0.113794 2.679922 1.814714
v 0.157056 2.679922 1.814714
v 0.113794 2.736553 1.814714
v 0.157056 2.736553 1.814714
v 0.135425 2.708238 1.833714
v 0.113794 2.679922 1.776714
v 0.157056 2.679922 1.776714
v 0.113794 2.736553 1.776714
v 0.157056 2.736553 1.776714
v 0.135425 2.708238 1.757714
v 0.192056 2.725738 1.783972
v 0.192056 2.690738 1.783972
v 0.170425 2.697422 1.764972
v 0.170425 2.719053 1.764972
v 0.192056 2.725738 1.807457
v 0.192056 2.690738 1.807457
v 0.170425 2.697422 1.826457
v 0.170425 2.719053 1.826457
v 0.205425 2.708238 1.795714
v 0.078794 2.725738 1.783972
v 0.078794 2.690738 1.783972
v 0.100425 2.697422 1.764972
v 0.100425 2.719053 1.764972
v 0.078794 2.725738 1.807457
v 0.078794 2.690738 1.807457
v 0.100425 2.697422 1.826457
v 0.100425 2.719053 1.826457
v 0.065425 2.708238 1.795714
f 8005 8042 8021
f 8042 8016 8045
f 8021 8045 8010
f 8042 8045 8021
f 8005 8021 8017
f 8021 8010 8022
f 8017 8022 8006
f 8021 8022 8017
f 8005 8017 8026
f 8017 8006 8027
f 8026 8027 8012
f 8017 8027 8026
f 8005 8026 8038
f 8026 8012 8041
f 8038 8041 8015
f 8026 8041 8038
f 8005 8038 8042
f 8038 8015 8046
f 8042 8046 8016
f 8038 8046 8042
f 8006 8022 8033
f 8022 8010 8036
f 8033 8036 8014
f 8022 8036 8033
f 8010 8045 8023
f 8045 8016 8044
f 8023 8044 8009
f 8045 8044 8023
f 8016 8046 8043
f 8046 8015 8039
f 8043 8039 8007
f 8046 8039 8043
f 8015 8041 8040
f 8041 8012 8028
f 8040 8028 8011
f 8041 8028 8040
f 8012 8027 8032
f 8027 8006 8029
f 8032 8029 8013
f 8027 8029 8032
f 8008 8034 8020
f 8034 8014 8035
f 8020 8035 8009
f 8034 8035 8020
f 8008 8020 8018
f 8020 8009 8019
f 8018 8019 8007
f 8020 8019 8018
f 8008 8018 8025
f 8018 8007 8024
f 8025 8024 8011
f 8018 8024 8025
f 8008 8025 8030
f 8025 8011 8031
f 8030 8031 8013
f 8025 8031 8030
f 8008 8030 8034
f 8030 8013 8037
f 8034 8037 8014
f 8030 8037 8034
f 8009 8035 8023
f 8035 8014 8036
f 8023 8036 8010
f 8035 8036 8023
f 8007 8019 8043
f 8019 8009 8044
f 8043 8044 8016
f 8019 8044 8043
f 8011 8024 8040
f 8024 8007 8039
f 8040 8039 8015
f 8024 8039 8040
f 8013 8031 8032
f 8031 8011 8028
f 8032 8028 8012
f 8031 8028 8032
f 8014 8037 8033
f 8037 8013 8029
f 8033 8029 8006
f 8037 8029 8033
o Kytka_zapad_stredni_vetvicka_3
v 0.130000 2.770000 1.778571
v 0.131721 2.770777 1.775624
v 0.169438 2.819985 1.810624
v 0.167718 2.819207 1.813571
v 0.130281 2.771877 1.775630
v 0.167998 2.821084 1.810630
v 0.128765 2.772473 1.776425
v 0.166483 2.821681 1.811425
v 0.127581 2.772407 1.777794
v 0.165299 2.821615 1.812794
v 0.127045 2.771696 1.779372
v 0.164763 2.820903 1.814372
v 0.127300 2.770530 1.780735
v 0.165018 2.819738 1.815735
v 0.128279 2.769223 1.781519
v 0.165997 2.818430 1.816519
v 0.129719 2.768123 1.781512
v 0.167437 2.817331 1.816512
v 0.131235 2.767527 1.780718
v 0.168952 2.816734 1.815718
v 0.132419 2.767593 1.779349
v 0.170137 2.816800 1.814349
v 0.132955 2.768304 1.777771
v 0.170673 2.817511 1.812771
v 0.132700 2.769470 1.776408
v 0.170417 2.818677 1.811408
f 8048 8047 8051
f 8048 8051 8049
f 8049 8051 8052
f 8049 8052 8050
f 8051 8047 8053
f 8051 8053 8052
f 8052 8053 8054
f 8052 8054 8050
f 8053 8047 8055
f 8053 8055 8054
f 8054 8055 8056
f 8054 8056 8050
f 8055 8047 8057
f 8055 8057 8056
f 8056 8057 8058
f 8056 8058 8050
f 8057 8047 8059
f 8057 8059 8058
f 8058 8059 8060
f 8058 8060 8050
f 8059 8047 8061
f 8059 8061 8060
f 8060 8061 8062
f 8060 8062 8050
f 8061 8047 8063
f 8061 8063 8062
f 8062 8063 8064
f 8062 8064 8050
f 8063 8047 8065
f 8063 8065 8064
f 8064 8065 8066
f 8064 8066 8050
f 8065 8047 8067
f 8065 8067 8066
f 8066 8067 8068
f 8066 8068 8050
f 8067 8047 8069
f 8067 8069 8068
f 8068 8069 8070
f 8068 8070 8050
f 8069 8047 8071
f 8069 8071 8070
f 8070 8071 8072
f 8070 8072 8050
f 8071 8047 8048
f 8071 8048 8072
f 8072 8048 8049
f 8072 8049 8050
o Kytka_zapad_stredni_list_3
v 0.130917 2.848980 1.828571
v 0.204519 2.848980 1.828571
v 0.130917 2.789435 1.828571
v 0.204519 2.789435 1.828571
v 0.167718 2.800807 1.860896
v 0.167718 2.837608 1.860896
v 0.167718 2.800807 1.796247
v 0.167718 2.837608 1.796247
v 0.227263 2.819207 1.808594
v 0.227263 2.819207 1.848549
v 0.108172 2.819207 1.808594
v 0.108172 2.819207 1.848549
v 0.167718 2.854207 1.828571
v 0.167718 2.784207 1.828571
v 0.146087 2.790892 1.847571
v 0.189349 2.790892 1.847571
v 0.146087 2.847523 1.847571
v 0.189349 2.847523 1.847571
v 0.167718 2.819207 1.866571
v 0.146087 2.790892 1.809571
v 0.189349 2.790892 1.809571
v 0.146087 2.847523 1.809571
v 0.189349 2.847523 1.809571
v 0.167718 2.819207 1.790571
v 0.224349 2.836707 1.816829
v 0.224349 2.801707 1.816829
v 0.202718 2.808392 1.797829
v 0.202718 2.830023 1.797829
v 0.224349 2.836707 1.840314
v 0.224349 2.801707 1.840314
v 0.202718 2.808392 1.859314
v 0.202718 2.830023 1.859314
v 0.237718 2.819207 1.828571
v 0.111087 2.836707 1.816829
v 0.111087 2.801707 1.816829
v 0.132718 2.808392 1.797829
v 0.132718 2.830023 1.797829
v 0.111087 2.836707 1.840314
v 0.111087 2.801707 1.840314
v 0.132718 2.808392 1.859314
v 0.132718 2.830023 1.859314
v 0.097718 2.819207 1.828571
f 8073 8110 8089
f 8110 8084 8113
f 8089 8113 8078
f 8110 8113 8089
f 8073 8089 8085
f 8089 8078 8090
f 8085 8090 8074
f 8089 8090 8085
f 8073 8085 8094
f 8085 8074 8095
f 8094 8095 8080
f 8085 8095 8094
f 8073 8094 8106
f 8094 8080 8109
f 8106 8109 8083
f 8094 8109 8106
f 8073 8106 8110
f 8106 8083 8114
f 8110 8114 8084
f 8106 8114 8110
f 8074 8090 8101
f 8090 8078 8104
f 8101 8104 8082
f 8090 8104 8101
f 8078 8113 8091
f 8113 8084 8112
f 8091 8112 8077
f 8113 8112 8091
f 8084 8114 8111
f 8114 8083 8107
f 8111 8107 8075
f 8114 8107 8111
f 8083 8109 8108
f 8109 8080 8096
f 8108 8096 8079
f 8109 8096 8108
f 8080 8095 8100
f 8095 8074 8097
f 8100 8097 8081
f 8095 8097 8100
f 8076 8102 8088
f 8102 8082 8103
f 8088 8103 8077
f 8102 8103 8088
f 8076 8088 8086
f 8088 8077 8087
f 8086 8087 8075
f 8088 8087 8086
f 8076 8086 8093
f 8086 8075 8092
f 8093 8092 8079
f 8086 8092 8093
f 8076 8093 8098
f 8093 8079 8099
f 8098 8099 8081
f 8093 8099 8098
f 8076 8098 8102
f 8098 8081 8105
f 8102 8105 8082
f 8098 8105 8102
f 8077 8103 8091
f 8103 8082 8104
f 8091 8104 8078
f 8103 8104 8091
f 8075 8087 8111
f 8087 8077 8112
f 8111 8112 8084
f 8087 8112 8111
f 8079 8092 8108
f 8092 8075 8107
f 8108 8107 8083
f 8092 8107 8108
f 8081 8099 8100
f 8099 8079 8096
f 8100 8096 8080
f 8099 8096 8100
f 8082 8105 8101
f 8105 8081 8097
f 8101 8097 8074
f 8105 8097 8101
o Kytka_zapad_stredni_vetvicka_4
v 0.130000 2.770000 1.811429
v 0.131721 2.770141 1.814473
v 0.070670 2.759332 1.849473
v 0.068949 2.759192 1.846429
v 0.131224 2.771850 1.814136
v 0.070174 2.761042 1.849136
v 0.130400 2.773064 1.813073
v 0.069349 2.762256 1.848073
v 0.129469 2.773457 1.811569
v 0.068418 2.762648 1.846569
v 0.128680 2.772923 1.810028
v 0.067629 2.762115 1.845028
v 0.128244 2.771607 1.808862
v 0.067194 2.760798 1.843862
v 0.128279 2.769859 1.808384
v 0.067229 2.759051 1.843384
v 0.128776 2.768150 1.808722
v 0.067725 2.757342 1.843722
v 0.129600 2.766936 1.809784
v 0.068549 2.756128 1.844784
v 0.130531 2.766543 1.811288
v 0.069481 2.755735 1.846288
v 0.131320 2.767077 1.812829
v 0.070270 2.756269 1.847829
v 0.131756 2.768393 1.813995
v 0.070705 2.757585 1.848995
f 8116 8115 8119
f 8116 8119 8117
f 8117 8119 8120
f 8117 8120 8118
f 8119 8115 8121
f 8119 8121 8120
f 8120 8121 8122
f 8120 8122 8118
f 8121 8115 8123
f 8121 8123 8122
f 8122 8123 8124
f 8122 8124 8118
f 8123 8115 8125
f 8123 8125 8124
f 8124 8125 8126
f 8124 8126 8118
f 8125 8115 8127
f 8125 8127 8126
f 8126 8127 8128
f 8126 8128 8118
f 8127 8115 8129
f 8127 8129 8128
f 8128 8129 8130
f 8128 8130 8118
f 8129 8115 8131
f 8129 8131 8130
f 8130 8131 8132
f 8130 8132 8118
f 8131 8115 8133
f 8131 8133 8132
f 8132 8133 8134
f 8132 8134 8118
f 8133 8115 8135
f 8133 8135 8134
f 8134 8135 8136
f 8134 8136 8118
f 8135 8115 8137
f 8135 8137 8136
f 8136 8137 8138
f 8136 8138 8118
f 8137 8115 8139
f 8137 8139 8138
f 8138 8139 8140
f 8138 8140 8118
f 8139 8115 8116
f 8139 8116 8140
f 8140 8116 8117
f 8140 8117 8118
o Kytka_zapad_stredni_list_4
v 0.032148 2.788965 1.861429
v 0.105751 2.788965 1.861429
v 0.032148 2.729419 1.861429
v 0.105751 2.729419 1.861429
v 0.068949 2.740791 1.893753
v 0.068949 2.777592 1.893753
v 0.068949 2.740791 1.829104
v 0.068949 2.777592 1.829104
v 0.128495 2.759192 1.841451
v 0.128495 2.759192 1.881406
v 0.009404 2.759192 1.841451
v 0.009404 2.759192 1.881406
v 0.068949 2.794192 1.861429
v 0.068949 2.724192 1.861429
v 0.047318 2.730876 1.880429
v 0.090581 2.730876 1.880429
v 0.047318 2.787507 1.880429
v 0.090581 2.787507 1.880429
v 0.068949 2.759192 1.899429
v 0.047318 2.730876 1.842429
v 0.090581 2.730876 1.842429
v 0.047318 2.787507 1.842429
v 0.090581 2.787507 1.842429
v 0.068949 2.759192 1.823429
v 0.125581 2.776692 1.849686
v 0.125581 2.741692 1.849686
v 0.103949 2.748376 1.830686
v 0.103949 2.770007 1.830686
v 0.125581 2.776692 1.873171
v 0.125581 2.741692 1.873171
v 0.103949 2.748376 1.892171
v 0.103949 2.770007 1.892171
v 0.138949 2.759192 1.861429
v 0.012318 2.776692 1.849686
v 0.012318 2.741692 1.849686
v 0.033949 2.748376 1.830686
v 0.033949 2.770007 1.830686
v 0.012318 2.776692 1.873171
v 0.012318 2.741692 1.873171
v 0.033949 2.748376 1.892171
v 0.033949 2.770007 1.892171
v -0.001051 2.759192 1.861429
f 8141 8178 8157
f 8178 8152 8181
f 8157 8181 8146
f 8178 8181 8157
f 8141 8157 8153
f 8157 8146 8158
f 8153 8158 8142
f 8157 8158 8153
f 8141 8153 8162
f 8153 8142 8163
f 8162 8163 8148
f 8153 8163 8162
f 8141 8162 8174
f 8162 8148 8177
f 8174 8177 8151
f 8162 8177 8174
f 8141 8174 8178
f 8174 8151 8182
f 8178 8182 8152
f 8174 8182 8178
f 8142 8158 8169
f 8158 8146 8172
f 8169 8172 8150
f 8158 8172 8169
f 8146 8181 8159
f 8181 8152 8180
f 8159 8180 8145
f 8181 8180 8159
f 8152 8182 8179
f 8182 8151 8175
f 8179 8175 8143
f 8182 8175 8179
f 8151 8177 8176
f 8177 8148 8164
f 8176 8164 8147
f 8177 8164 8176
f 8148 8163 8168
f 8163 8142 8165
f 8168 8165 8149
f 8163 8165 8168
f 8144 8170 8156
f 8170 8150 8171
f 8156 8171 8145
f 8170 8171 8156
f 8144 8156 8154
f 8156 8145 8155
f 8154 8155 8143
f 8156 8155 8154
f 8144 8154 8161
f 8154 8143 8160
f 8161 8160 8147
f 8154 8160 8161
f 8144 8161 8166
f 8161 8147 8167
f 8166 8167 8149
f 8161 8167 8166
f 8144 8166 8170
f 8166 8149 8173
f 8170 8173 8150
f 8166 8173 8170
f 8145 8171 8159
f 8171 8150 8172
f 8159 8172 8146
f 8171 8172 8159
f 8143 8155 8179
f 8155 8145 8180
f 8179 8180 8152
f 8155 8180 8179
f 8147 8160 8176
f 8160 8143 8175
f 8176 8175 8151
f 8160 8175 8176
f 8149 8167 8168
f 8167 8147 8164
f 8168 8164 8148
f 8167 8164 8168
f 8150 8173 8169
f 8173 8149 8165
f 8169 8165 8142
f 8173 8165 8169
o Kytka_zapad_stredni_vetvicka_5
v 0.130000 2.770000 1.844286
v 0.131721 2.769537 1.841273
v 0.184040 2.736269 1.876273
v 0.182319 2.736732 1.879286
v 0.132308 2.771128 1.841909
v 0.184627 2.737861 1.876909
v 0.132277 2.772418 1.843181
v 0.184596 2.739150 1.878181
v 0.131635 2.773060 1.844749
v 0.183954 2.739792 1.879749
v 0.130556 2.772881 1.846193
v 0.182875 2.739614 1.881193
v 0.129328 2.771931 1.847126
v 0.181647 2.738664 1.882126
v 0.128279 2.770463 1.847298
v 0.180598 2.737196 1.882298
v 0.127692 2.768872 1.846663
v 0.180011 2.735604 1.881663
v 0.127723 2.767582 1.845391
v 0.180042 2.734315 1.880391
v 0.128365 2.766940 1.843822
v 0.180684 2.733673 1.878822
v 0.129444 2.767119 1.842378
v 0.181763 2.733851 1.877378
v 0.130672 2.768069 1.841445
v 0.182991 2.734801 1.876445
f 8184 8183 8187
f 8184 8187 8185
f 8185 8187 8188
f 8185 8188 8186
f 8187 8183 8189
f 8187 8189 8188
f 8188 8189 8190
f 8188 8190 8186
f 8189 8183 8191
f 8189 8191 8190
f 8190 8191 8192
f 8190 8192 8186
f 8191 8183 8193
f 8191 8193 8192
f 8192 8193 8194
f 8192 8194 8186
f 8193 8183 8195
f 8193 8195 8194
f 8194 8195 8196
f 8194 8196 8186
f 8195 8183 8197
f 8195 8197 8196
f 8196 8197 8198
f 8196 8198 8186
f 8197 8183 8199
f 8197 8199 8198
f 8198 8199 8200
f 8198 8200 8186
f 8199 8183 8201
f 8199 8201 8200
f 8200 8201 8202
f 8200 8202 8186
f 8201 8183 8203
f 8201 8203 8202
f 8202 8203 8204
f 8202 8204 8186
f 8203 8183 8205
f 8203 8205 8204
f 8204 8205 8206
f 8204 8206 8186
f 8205 8183 8207
f 8205 8207 8206
f 8206 8207 8208
f 8206 8208 8186
f 8207 8183 8184
f 8207 8184 8208
f 8208 8184 8185
f 8208 8185 8186
o Kytka_zapad_stredni_list_5
v 0.145518 2.766505 1.894286
v 0.219120 2.766505 1.894286
v 0.145518 2.706960 1.894286
v 0.219120 2.706960 1.894286
v 0.182319 2.718332 1.926610
v 0.182319 2.755133 1.926610
v 0.182319 2.718332 1.861961
v 0.182319 2.755133 1.861961
v 0.241865 2.736732 1.874308
v 0.241865 2.736732 1.914263
v 0.122773 2.736732 1.874308
v 0.122773 2.736732 1.914263
v 0.182319 2.771732 1.894286
v 0.182319 2.701732 1.894286
v 0.160688 2.708417 1.913286
v 0.203950 2.708417 1.913286
v 0.160688 2.765048 1.913286
v 0.203950 2.765048 1.913286
v 0.182319 2.736732 1.932286
v 0.160688 2.708417 1.875286
v 0.203950 2.708417 1.875286
v 0.160688 2.765048 1.875286
v 0.203950 2.765048 1.875286
v 0.182319 2.736732 1.856286
v 0.238950 2.754232 1.882543
v 0.238950 2.719232 1.882543
v 0.217319 2.725917 1.863543
v 0.217319 2.747548 1.863543
v 0.238950 2.754232 1.906028
v 0.238950 2.719232 1.906028
v 0.217319 2.725917 1.925028
v 0.217319 2.747548 1.925028
v 0.252319 2.736732 1.894286
v 0.125688 2.754232 1.882543
v 0.125688 2.719232 1.882543
v 0.147319 2.725917 1.863543
v 0.147319 2.747548 1.863543
v 0.125688 2.754232 1.906028
v 0.125688 2.719232 1.906028
v 0.147319 2.725917 1.925028
v 0.147319 2.747548 1.925028
v 0.112319 2.736732 1.894286
f 8209 8246 8225
f 8246 8220 8249
f 8225 8249 8214
f 8246 8249 8225
f 8209 8225 8221
f 8225 8214 8226
f 8221 8226 8210
f 8225 8226 8221
f 8209 8221 8230
f 8221 8210 8231
f 8230 8231 8216
f 8221 8231 8230
f 8209 8230 8242
f 8230 8216 8245
f 8242 8245 8219
f 8230 8245 8242
f 8209 8242 8246
f 8242 8219 8250
f 8246 8250 8220
f 8242 8250 8246
f 8210 8226 8237
f 8226 8214 8240
f 8237 8240 8218
f 8226 8240 8237
f 8214 8249 8227
f 8249 8220 8248
f 8227 8248 8213
f 8249 8248 8227
f 8220 8250 8247
f 8250 8219 8243
f 8247 8243 8211
f 8250 8243 8247
f 8219 8245 8244
f 8245 8216 8232
f 8244 8232 8215
f 8245 8232 8244
f 8216 8231 8236
f 8231 8210 8233
f 8236 8233 8217
f 8231 8233 8236
f 8212 8238 8224
f 8238 8218 8239
f 8224 8239 8213
f 8238 8239 8224
f 8212 8224 8222
f 8224 8213 8223
f 8222 8223 8211
f 8224 8223 8222
f 8212 8222 8229
f 8222 8211 8228
f 8229 8228 8215
f 8222 8228 8229
f 8212 8229 8234
f 8229 8215 8235
f 8234 8235 8217
f 8229 8235 8234
f 8212 8234 8238
f 8234 8217 8241
f 8238 8241 8218
f 8234 8241 8238
f 8213 8239 8227
f 8239 8218 8240
f 8227 8240 8214
f 8239 8240 8227
f 8211 8223 8247
f 8223 8213 8248
f 8247 8248 8220
f 8223 8248 8247
f 8215 8228 8244
f 8228 8211 8243
f 8244 8243 8219
f 8228 8243 8244
f 8217 8235 8236
f 8235 8215 8232
f 8236 8232 8216
f 8235 8232 8236
f 8218 8241 8237
f 8241 8217 8233
f 8237 8233 8210
f 8241 8233 8237
o Kytka_zapad_stredni_vetvicka_6
v 0.130000 2.770000 1.877143
v 0.131721 2.768820 1.879953
v 0.115612 2.828691 1.914953
v 0.113891 2.829871 1.912143
v 0.132962 2.769719 1.878987
v 0.116853 2.829590 1.913987
v 0.133409 2.770693 1.877526
v 0.117301 2.830564 1.912526
v 0.132943 2.771482 1.875963
v 0.116835 2.831352 1.910963
v 0.131689 2.771873 1.874716
v 0.115580 2.831744 1.909716
v 0.129982 2.771763 1.874119
v 0.113873 2.831633 1.909119
v 0.128279 2.771180 1.874333
v 0.112171 2.831051 1.909333
v 0.127038 2.770281 1.875299
v 0.110930 2.830152 1.910299
v 0.126591 2.769307 1.876760
v 0.110482 2.829178 1.911760
v 0.127057 2.768518 1.878323
v 0.110948 2.828389 1.913323
v 0.128311 2.768127 1.879570
v 0.112203 2.827998 1.914570
v 0.130018 2.768237 1.880167
v 0.113910 2.828108 1.915167
f 8252 8251 8255
f 8252 8255 8253
f 8253 8255 8256
f 8253 8256 8254
f 8255 8251 8257
f 8255 8257 8256
f 8256 8257 8258
f 8256 8258 8254
f 8257 8251 8259
f 8257 8259 8258
f 8258 8259 8260
f 8258 8260 8254
f 8259 8251 8261
f 8259 8261 8260
f 8260 8261 8262
f 8260 8262 8254
f 8261 8251 8263
f 8261 8263 8262
f 8262 8263 8264
f 8262 8264 8254
f 8263 8251 8265
f 8263 8265 8264
f 8264 8265 8266
f 8264 8266 8254
f 8265 8251 8267
f 8265 8267 8266
f 8266 8267 8268
f 8266 8268 8254
f 8267 8251 8269
f 8267 8269 8268
f 8268 8269 8270
f 8268 8270 8254
f 8269 8251 8271
f 8269 8271 8270
f 8270 8271 8272
f 8270 8272 8254
f 8271 8251 8273
f 8271 8273 8272
f 8272 8273 8274
f 8272 8274 8254
f 8273 8251 8275
f 8273 8275 8274
f 8274 8275 8276
f 8274 8276 8254
f 8275 8251 8252
f 8275 8252 8276
f 8276 8252 8253
f 8276 8253 8254
o Kytka_zapad_stredni_list_6
v 0.077090 2.859644 1.927143
v 0.150693 2.859644 1.927143
v 0.077090 2.800098 1.927143
v 0.150693 2.800098 1.927143
v 0.113891 2.811470 1.959468
v 0.113891 2.848271 1.959468
v 0.113891 2.811470 1.894818
v 0.113891 2.848271 1.894818
v 0.173437 2.829871 1.907165
v 0.173437 2.829871 1.947121
v 0.054346 2.829871 1.907165
v 0.054346 2.829871 1.947121
v 0.113891 2.864871 1.927143
v 0.113891 2.794871 1.927143
v 0.092260 2.801555 1.946143
v 0.135523 2.801555 1.946143
v 0.092260 2.858186 1.946143
v 0.135523 2.858186 1.946143
v 0.113891 2.829871 1.965143
v 0.092260 2.801555 1.908143
v 0.135523 2.801555 1.908143
v 0.092260 2.858186 1.908143
v 0.135523 2.858186 1.908143
v 0.113891 2.829871 1.889143
v 0.170523 2.847371 1.915400
v 0.170523 2.812371 1.915400
v 0.148891 2.819055 1.896400
v 0.148891 2.840686 1.896400
v 0.170523 2.847371 1.938886
v 0.170523 2.812371 1.938886
v 0.148891 2.819055 1.957886
v 0.148891 2.840686 1.957886
v 0.183891 2.829871 1.927143
v 0.057260 2.847371 1.915400
v 0.057260 2.812371 1.915400
v 0.078891 2.819055 1.896400
v 0.078891 2.840686 1.896400
v 0.057260 2.847371 1.938886
v 0.057260 2.812371 1.938886
v 0.078891 2.819055 1.957886
v 0.078891 2.840686 1.957886
v 0.043891 2.829871 1.927143
f 8277 8314 8293
f 8314 8288 8317
f 8293 8317 8282
f 8314 8317 8293
f 8277 8293 8289
f 8293 8282 8294
f 8289 8294 8278
f 8293 8294 8289
f 8277 8289 8298
f 8289 8278 8299
f 8298 8299 8284
f 8289 8299 8298
f 8277 8298 8310
f 8298 8284 8313
f 8310 8313 8287
f 8298 8313 8310
f 8277 8310 8314
f 8310 8287 8318
f 8314 8318 8288
f 8310 8318 8314
f 8278 8294 8305
f 8294 8282 8308
f 8305 8308 8286
f 8294 8308 8305
f 8282 8317 8295
f 8317 8288 8316
f 8295 8316 8281
f 8317 8316 8295
f 8288 8318 8315
f 8318 8287 8311
f 8315 8311 8279
f 8318 8311 8315
f 8287 8313 8312
f 8313 8284 8300
f 8312 8300 8283
f 8313 8300 8312
f 8284 8299 8304
f 8299 8278 8301
f 8304 8301 8285
f 8299 8301 8304
f 8280 8306 8292
f 8306 8286 8307
f 8292 8307 8281
f 8306 8307 8292
f 8280 8292 8290
f 8292 8281 8291
f 8290 8291 8279
f 8292 8291 8290
f 8280 8290 8297
f 8290 8279 8296
f 8297 8296 8283
f 8290 8296 8297
f 8280 8297 8302
f 8297 8283 8303
f 8302 8303 8285
f 8297 8303 8302
f 8280 8302 8306
f 8302 8285 8309
f 8306 8309 8286
f 8302 8309 8306
f 8281 8307 8295
f 8307 8286 8308
f 8295 8308 8282
f 8307 8308 8295
f 8279 8291 8315
f 8291 8281 8316
f 8315 8316 8288
f 8291 8316 8315
f 8283 8296 8312
f 8296 8279 8311
f 8312 8311 8287
f 8296 8311 8312
f 8285 8303 8304
f 8303 8283 8300
f 8304 8300 8284
f 8303 8300 8304
f 8286 8309 8305
f 8309 8285 8301
f 8305 8301 8278
f 8309 8301 8305
o Kytka_zapad_horni_kvetinac
v 0.130000 0.820000 1.970000
v 0.205000 0.820000 1.970000
v 0.205000 0.820000 2.100000
v 0.130000 0.820000 2.100000
v 0.199291 0.848701 1.970000
v 0.199291 0.848701 2.100000
v 0.183033 0.873033 1.970000
v 0.183033 0.873033 2.100000
v 0.158701 0.889291 1.970000
v 0.158701 0.889291 2.100000
v 0.130000 0.895000 1.970000
v 0.130000 0.895000 2.100000
v 0.101299 0.889291 1.970000
v 0.101299 0.889291 2.100000
v 0.076967 0.873033 1.970000
v 0.076967 0.873033 2.100000
v 0.060709 0.848701 1.970000
v 0.060709 0.848701 2.100000
v 0.055000 0.820000 1.970000
v 0.055000 0.820000 2.100000
v 0.060709 0.791299 1.970000
v 0.060709 0.791299 2.100000
v 0.076967 0.766967 1.970000
v 0.076967 0.766967 2.100000
v 0.101299 0.750709 1.970000
v 0.101299 0.750709 2.100000
v 0.130000 0.745000 1.970000
v 0.130000 0.745000 2.100000
v 0.158701 0.750709 1.970000
v 0.158701 0.750709 2.100000
v 0.183033 0.766967 1.970000
v 0.183033 0.766967 2.100000
v 0.199291 0.791299 1.970000
v 0.199291 0.791299 2.100000
f 8320 8319 8323
f 8320 8323 8321
f 8321 8323 8324
f 8321 8324 8322
f 8323 8319 8325
f 8323 8325 8324
f 8324 8325 8326
f 8324 8326 8322
f 8325 8319 8327
f 8325 8327 8326
f 8326 8327 8328
f 8326 8328 8322
f 8327 8319 8329
f 8327 8329 8328
f 8328 8329 8330
f 8328 8330 8322
f 8329 8319 8331
f 8329 8331 8330
f 8330 8331 8332
f 8330 8332 8322
f 8331 8319 8333
f 8331 8333 8332
f 8332 8333 8334
f 8332 8334 8322
f 8333 8319 8335
f 8333 8335 8334
f 8334 8335 8336
f 8334 8336 8322
f 8335 8319 8337
f 8335 8337 8336
f 8336 8337 8338
f 8336 8338 8322
f 8337 8319 8339
f 8337 8339 8338
f 8338 8339 8340
f 8338 8340 8322
f 8339 8319 8341
f 8339 8341 8340
f 8340 8341 8342
f 8340 8342 8322
f 8341 8319 8343
f 8341 8343 8342
f 8342 8343 8344
f 8342 8344 8322
f 8343 8319 8345
f 8343 8345 8344
f 8344 8345 8346
f 8344 8346 8322
f 8345 8319 8347
f 8345 8347 8346
f 8346 8347 8348
f 8346 8348 8322
f 8347 8319 8349
f 8347 8349 8348
f 8348 8349 8350
f 8348 8350 8322
f 8349 8319 8351
f 8349 8351 8350
f 8350 8351 8352
f 8350 8352 8322
f 8351 8319 8320
f 8351 8320 8352
f 8352 8320 8321
f 8352 8321 8322
o Kytka_zapad_horni_zemina
v 0.130000 0.820000 2.098500
v 0.194000 0.820000 2.098500
v 0.194000 0.820000 2.101500
v 0.130000 0.820000 2.101500
v 0.189128 0.844492 2.098500
v 0.189128 0.844492 2.101500
v 0.175255 0.865255 2.098500
v 0.175255 0.865255 2.101500
v 0.154492 0.879128 2.098500
v 0.154492 0.879128 2.101500
v 0.130000 0.884000 2.098500
v 0.130000 0.884000 2.101500
v 0.105508 0.879128 2.098500
v 0.105508 0.879128 2.101500
v 0.084745 0.865255 2.098500
v 0.084745 0.865255 2.101500
v 0.070872 0.844492 2.098500
v 0.070872 0.844492 2.101500
v 0.066000 0.820000 2.098500
v 0.066000 0.820000 2.101500
v 0.070872 0.795508 2.098500
v 0.070872 0.795508 2.101500
v 0.084745 0.774745 2.098500
v 0.084745 0.774745 2.101500
v 0.105508 0.760872 2.098500
v 0.105508 0.760872 2.101500
v 0.130000 0.756000 2.098500
v 0.130000 0.756000 2.101500
v 0.154492 0.760872 2.098500
v 0.154492 0.760872 2.101500
v 0.175255 0.774745 2.098500
v 0.175255 0.774745 2.101500
v 0.189128 0.795508 2.098500
v 0.189128 0.795508 2.101500
f 8354 8353 8357
f 8354 8357 8355
f 8355 8357 8358
f 8355 8358 8356
f 8357 8353 8359
f 8357 8359 8358
f 8358 8359 8360
f 8358 8360 8356
f 8359 8353 8361
f 8359 8361 8360
f 8360 8361 8362
f 8360 8362 8356
f 8361 8353 8363
f 8361 8363 8362
f 8362 8363 8364
f 8362 8364 8356
f 8363 8353 8365
f 8363 8365 8364
f 8364 8365 8366
f 8364 8366 8356
f 8365 8353 8367
f 8365 8367 8366
f 8366 8367 8368
f 8366 8368 8356
f 8367 8353 8369
f 8367 8369 8368
f 8368 8369 8370
f 8368 8370 8356
f 8369 8353 8371
f 8369 8371 8370
f 8370 8371 8372
f 8370 8372 8356
f 8371 8353 8373
f 8371 8373 8372
f 8372 8373 8374
f 8372 8374 8356
f 8373 8353 8375
f 8373 8375 8374
f 8374 8375 8376
f 8374 8376 8356
f 8375 8353 8377
f 8375 8377 8376
f 8376 8377 8378
f 8376 8378 8356
f 8377 8353 8379
f 8377 8379 8378
f 8378 8379 8380
f 8378 8380 8356
f 8379 8353 8381
f 8379 8381 8380
f 8380 8381 8382
f 8380 8382 8356
f 8381 8353 8383
f 8381 8383 8382
f 8382 8383 8384
f 8382 8384 8356
f 8383 8353 8385
f 8383 8385 8384
f 8384 8385 8386
f 8384 8386 8356
f 8385 8353 8354
f 8385 8354 8386
f 8386 8354 8355
f 8386 8355 8356
o Kytka_zapad_horni_stonek
v 0.130000 0.820000 2.100000
v 0.136000 0.820000 2.100000
v 0.136000 0.820000 2.210000
v 0.130000 0.820000 2.210000
v 0.135196 0.823000 2.100000
v 0.135196 0.823000 2.210000
v 0.133000 0.825196 2.100000
v 0.133000 0.825196 2.210000
v 0.130000 0.826000 2.100000
v 0.130000 0.826000 2.210000
v 0.127000 0.825196 2.100000
v 0.127000 0.825196 2.210000
v 0.124804 0.823000 2.100000
v 0.124804 0.823000 2.210000
v 0.124000 0.820000 2.100000
v 0.124000 0.820000 2.210000
v 0.124804 0.817000 2.100000
v 0.124804 0.817000 2.210000
v 0.127000 0.814804 2.100000
v 0.127000 0.814804 2.210000
v 0.130000 0.814000 2.100000
v 0.130000 0.814000 2.210000
v 0.133000 0.814804 2.100000
v 0.133000 0.814804 2.210000
v 0.135196 0.817000 2.100000
v 0.135196 0.817000 2.210000
f 8388 8387 8391
f 8388 8391 8389
f 8389 8391 8392
f 8389 8392 8390
f 8391 8387 8393
f 8391 8393 8392
f 8392 8393 8394
f 8392 8394 8390
f 8393 8387 8395
f 8393 8395 8394
f 8394 8395 8396
f 8394 8396 8390
f 8395 8387 8397
f 8395 8397 8396
f 8396 8397 8398
f 8396 8398 8390
f 8397 8387 8399
f 8397 8399 8398
f 8398 8399 8400
f 8398 8400 8390
f 8399 8387 8401
f 8399 8401 8400
f 8400 8401 8402
f 8400 8402 8390
f 8401 8387 8403
f 8401 8403 8402
f 8402 8403 8404
f 8402 8404 8390
f 8403 8387 8405
f 8403 8405 8404
f 8404 8405 8406
f 8404 8406 8390
f 8405 8387 8407
f 8405 8407 8406
f 8406 8407 8408
f 8406 8408 8390
f 8407 8387 8409
f 8407 8409 8408
f 8408 8409 8410
f 8408 8410 8390
f 8409 8387 8411
f 8409 8411 8410
f 8410 8411 8412
f 8410 8412 8390
f 8411 8387 8388
f 8411 8388 8412
f 8412 8388 8389
f 8412 8389 8390
o Kytka_zapad_horni_vetvicka_0
v 0.130000 0.820000 2.130000
v 0.131721 0.820000 2.126952
v 0.193721 0.820000 2.161952
v 0.192000 0.820000 2.165000
v 0.131490 0.821750 2.127360
v 0.193490 0.821750 2.162360
v 0.130860 0.823031 2.128476
v 0.192860 0.823031 2.163476
v 0.130000 0.823500 2.130000
v 0.192000 0.823500 2.165000
v 0.129140 0.823031 2.131524
v 0.191140 0.823031 2.166524
v 0.128510 0.821750 2.132640
v 0.190510 0.821750 2.167640
v 0.128279 0.820000 2.133048
v 0.190279 0.820000 2.168048
v 0.128510 0.818250 2.132640
v 0.190510 0.818250 2.167640
v 0.129140 0.816969 2.131524
v 0.191140 0.816969 2.166524
v 0.130000 0.816500 2.130000
v 0.192000 0.816500 2.165000
v 0.130860 0.816969 2.128476
v 0.192860 0.816969 2.163476
v 0.131490 0.818250 2.127360
v 0.193490 0.818250 2.162360
f 8414 8413 8417
f 8414 8417 8415
f 8415 8417 8418
f 8415 8418 8416
f 8417 8413 8419
f 8417 8419 8418
f 8418 8419 8420
f 8418 8420 8416
f 8419 8413 8421
f 8419 8421 8420
f 8420 8421 8422
f 8420 8422 8416
f 8421 8413 8423
f 8421 8423 8422
f 8422 8423 8424
f 8422 8424 8416
f 8423 8413 8425
f 8423 8425 8424
f 8424 8425 8426
f 8424 8426 8416
f 8425 8413 8427
f 8425 8427 8426
f 8426 8427 8428
f 8426 8428 8416
f 8427 8413 8429
f 8427 8429 8428
f 8428 8429 8430
f 8428 8430 8416
f 8429 8413 8431
f 8429 8431 8430
f 8430 8431 8432
f 8430 8432 8416
f 8431 8413 8433
f 8431 8433 8432
f 8432 8433 8434
f 8432 8434 8416
f 8433 8413 8435
f 8433 8435 8434
f 8434 8435 8436
f 8434 8436 8416
f 8435 8413 8437
f 8435 8437 8436
f 8436 8437 8438
f 8436 8438 8416
f 8437 8413 8414
f 8437 8414 8438
f 8438 8414 8415
f 8438 8415 8416
o Kytka_zapad_horni_list_0
v 0.155199 0.849773 2.180000
v 0.228801 0.849773 2.180000
v 0.155199 0.790227 2.180000
v 0.228801 0.790227 2.180000
v 0.192000 0.801599 2.212325
v 0.192000 0.838401 2.212325
v 0.192000 0.801599 2.147675
v 0.192000 0.838401 2.147675
v 0.251546 0.820000 2.160022
v 0.251546 0.820000 2.199978
v 0.132454 0.820000 2.160022
v 0.132454 0.820000 2.199978
v 0.192000 0.855000 2.180000
v 0.192000 0.785000 2.180000
v 0.170369 0.791684 2.199000
v 0.213631 0.791684 2.199000
v 0.170369 0.848316 2.199000
v 0.213631 0.848316 2.199000
v 0.192000 0.820000 2.218000
v 0.170369 0.791684 2.161000
v 0.213631 0.791684 2.161000
v 0.170369 0.848316 2.161000
v 0.213631 0.848316 2.161000
v 0.192000 0.820000 2.142000
v 0.248631 0.837500 2.168257
v 0.248631 0.802500 2.168257
v 0.227000 0.809184 2.149257
v 0.227000 0.830816 2.149257
v 0.248631 0.837500 2.191743
v 0.248631 0.802500 2.191743
v 0.227000 0.809184 2.210743
v 0.227000 0.830816 2.210743
v 0.262000 0.820000 2.180000
v 0.135369 0.837500 2.168257
v 0.135369 0.802500 2.168257
v 0.157000 0.809184 2.149257
v 0.157000 0.830816 2.149257
v 0.135369 0.837500 2.191743
v 0.135369 0.802500 2.191743
v 0.157000 0.809184 2.210743
v 0.157000 0.830816 2.210743
v 0.122000 0.820000 2.180000
f 8439 8476 8455
f 8476 8450 8479
f 8455 8479 8444
f 8476 8479 8455
f 8439 8455 8451
f 8455 8444 8456
f 8451 8456 8440
f 8455 8456 8451
f 8439 8451 8460
f 8451 8440 8461
f 8460 8461 8446
f 8451 8461 8460
f 8439 8460 8472
f 8460 8446 8475
f 8472 8475 8449
f 8460 8475 8472
f 8439 8472 8476
f 8472 8449 8480
f 8476 8480 8450
f 8472 8480 8476
f 8440 8456 8467
f 8456 8444 8470
f 8467 8470 8448
f 8456 8470 8467
f 8444 8479 8457
f 8479 8450 8478
f 8457 8478 8443
f 8479 8478 8457
f 8450 8480 8477
f 8480 8449 8473
f 8477 8473 8441
f 8480 8473 8477
f 8449 8475 8474
f 8475 8446 8462
f 8474 8462 8445
f 8475 8462 8474
f 8446 8461 8466
f 8461 8440 8463
f 8466 8463 8447
f 8461 8463 8466
f 8442 8468 8454
f 8468 8448 8469
f 8454 8469 8443
f 8468 8469 8454
f 8442 8454 8452
f 8454 8443 8453
f 8452 8453 8441
f 8454 8453 8452
f 8442 8452 8459
f 8452 8441 8458
f 8459 8458 8445
f 8452 8458 8459
f 8442 8459 8464
f 8459 8445 8465
f 8464 8465 8447
f 8459 8465 8464
f 8442 8464 8468
f 8464 8447 8471
f 8468 8471 8448
f 8464 8471 8468
f 8443 8469 8457
f 8469 8448 8470
f 8457 8470 8444
f 8469 8470 8457
f 8441 8453 8477
f 8453 8443 8478
f 8477 8478 8450
f 8453 8478 8477
f 8445 8458 8474
f 8458 8441 8473
f 8474 8473 8449
f 8458 8473 8474
f 8447 8465 8466
f 8465 8445 8462
f 8466 8462 8446
f 8465 8462 8466
f 8448 8471 8467
f 8471 8447 8463
f 8467 8463 8440
f 8471 8463 8467
o Kytka_zapad_horni_vetvicka_1
v 0.130000 0.820000 2.142857
v 0.131721 0.819384 2.145842
v 0.086002 0.861262 2.180842
v 0.084282 0.861879 2.177857
v 0.132519 0.820848 2.145134
v 0.086801 0.862726 2.180134
v 0.132643 0.822084 2.143816
v 0.086925 0.863963 2.178816
v 0.132059 0.822763 2.142241
v 0.086340 0.864641 2.177241
v 0.130923 0.822701 2.140831
v 0.085204 0.864579 2.175831
v 0.129539 0.821915 2.139964
v 0.083821 0.863794 2.174964
v 0.128279 0.820616 2.139872
v 0.082561 0.862495 2.174872
v 0.127481 0.819152 2.140580
v 0.081762 0.861031 2.175580
v 0.127357 0.817916 2.141898
v 0.081638 0.859794 2.176898
v 0.127941 0.817237 2.143473
v 0.082223 0.859116 2.178473
v 0.129077 0.817299 2.144883
v 0.083359 0.859178 2.179883
v 0.130461 0.818085 2.145750
v 0.084742 0.859964 2.180750
f 8482 8481 8485
f 8482 8485 8483
f 8483 8485 8486
f 8483 8486 8484
f 8485 8481 8487
f 8485 8487 8486
f 8486 8487 8488
f 8486 8488 8484
f 8487 8481 8489
f 8487 8489 8488
f 8488 8489 8490
f 8488 8490 8484
f 8489 8481 8491
f 8489 8491 8490
f 8490 8491 8492
f 8490 8492 8484
f 8491 8481 8493
f 8491 8493 8492
f 8492 8493 8494
f 8492 8494 8484
f 8493 8481 8495
f 8493 8495 8494
f 8494 8495 8496
f 8494 8496 8484
f 8495 8481 8497
f 8495 8497 8496
f 8496 8497 8498
f 8496 8498 8484
f 8497 8481 8499
f 8497 8499 8498
f 8498 8499 8500
f 8498 8500 8484
f 8499 8481 8501
f 8499 8501 8500
f 8500 8501 8502
f 8500 8502 8484
f 8501 8481 8503
f 8501 8503 8502
f 8502 8503 8504
f 8502 8504 8484
f 8503 8481 8505
f 8503 8505 8504
f 8504 8505 8506
f 8504 8506 8484
f 8505 8481 8482
f 8505 8482 8506
f 8506 8482 8483
f 8506 8483 8484
o Kytka_zapad_horni_list_1
v 0.047480 0.891651 2.192857
v 0.121083 0.891651 2.192857
v 0.047480 0.832106 2.192857
v 0.121083 0.832106 2.192857
v 0.084282 0.843478 2.225182
v 0.084282 0.880279 2.225182
v 0.084282 0.843478 2.160532
v 0.084282 0.880279 2.160532
v 0.143827 0.861879 2.172879
v 0.143827 0.861879 2.212835
v 0.024736 0.861879 2.172879
v 0.024736 0.861879 2.212835
v 0.084282 0.896879 2.192857
v 0.084282 0.826879 2.192857
v 0.062650 0.833563 2.211857
v 0.105913 0.833563 2.211857
v 0.062650 0.890194 2.211857
v 0.105913 0.890194 2.211857
v 0.084282 0.861879 2.230857
v 0.062650 0.833563 2.173857
v 0.105913 0.833563 2.173857
v 0.062650 0.890194 2.173857
v 0.105913 0.890194 2.173857
v 0.084282 0.861879 2.154857
v 0.140913 0.879379 2.181114
v 0.140913 0.844379 2.181114
v 0.119282 0.851063 2.162114
v 0.119282 0.872694 2.162114
v 0.140913 0.879379 2.204600
v 0.140913 0.844379 2.204600
v 0.119282 0.851063 2.223600
v 0.119282 0.872694 2.223600
v 0.154282 0.861879 2.192857
v 0.027650 0.879379 2.181114
v 0.027650 0.844379 2.181114
v 0.049282 0.851063 2.162114
v 0.049282 0.872694 2.162114
v 0.027650 0.879379 2.204600
v 0.027650 0.844379 2.204600
v 0.049282 0.851063 2.223600
v 0.049282 0.872694 2.223600
v 0.014282 0.861879 2.192857
f 8507 8544 8523
f 8544 8518 8547
f 8523 8547 8512
f 8544 8547 8523
f 8507 8523 8519
f 8523 8512 8524
f 8519 8524 8508
f 8523 8524 8519
f 8507 8519 8528
f 8519 8508 8529
f 8528 8529 8514
f 8519 8529 8528
f 8507 8528 8540
f 8528 8514 8543
f 8540 8543 8517
f 8528 8543 8540
f 8507 8540 8544
f 8540 8517 8548
f 8544 8548 8518
f 8540 8548 8544
f 8508 8524 8535
f 8524 8512 8538
f 8535 8538 8516
f 8524 8538 8535
f 8512 8547 8525
f 8547 8518 8546
f 8525 8546 8511
f 8547 8546 8525
f 8518 8548 8545
f 8548 8517 8541
f 8545 8541 8509
f 8548 8541 8545
f 8517 8543 8542
f 8543 8514 8530
f 8542 8530 8513
f 8543 8530 8542
f 8514 8529 8534
f 8529 8508 8531
f 8534 8531 8515
f 8529 8531 8534
f 8510 8536 8522
f 8536 8516 8537
f 8522 8537 8511
f 8536 8537 8522
f 8510 8522 8520
f 8522 8511 8521
f 8520 8521 8509
f 8522 8521 8520
f 8510 8520 8527
f 8520 8509 8526
f 8527 8526 8513
f 8520 8526 8527
f 8510 8527 8532
f 8527 8513 8533
f 8532 8533 8515
f 8527 8533 8532
f 8510 8532 8536
f 8532 8515 8539
f 8536 8539 8516
f 8532 8539 8536
f 8511 8537 8525
f 8537 8516 8538
f 8525 8538 8512
f 8537 8538 8525
f 8509 8521 8545
f 8521 8511 8546
f 8545 8546 8518
f 8521 8546 8545
f 8513 8526 8542
f 8526 8509 8541
f 8542 8541 8517
f 8526 8541 8542
f 8515 8533 8534
f 8533 8513 8530
f 8534 8530 8514
f 8533 8530 8534
f 8516 8539 8535
f 8539 8515 8531
f 8535 8531 8508
f 8539 8531 8535
o Kytka_zapad_horni_vetvicka_2
v 0.130000 0.820000 2.155714
v 0.131721 0.818613 2.153000
v 0.137146 0.756851 2.188000
v 0.135425 0.758238 2.190714
v 0.133008 0.819325 2.154057
v 0.138433 0.757563 2.189057
v 0.133490 0.820218 2.155558
v 0.138915 0.758456 2.190558
v 0.133036 0.821053 2.157101
v 0.138461 0.759290 2.192101
v 0.131769 0.821605 2.158272
v 0.137194 0.759843 2.193272
v 0.130028 0.821727 2.158758
v 0.135453 0.759965 2.193758
v 0.128279 0.821387 2.158428
v 0.133704 0.759625 2.193428
v 0.126992 0.820675 2.157371
v 0.132417 0.758913 2.192371
v 0.126510 0.819782 2.155870
v 0.131935 0.758020 2.190870
v 0.126964 0.818947 2.154327
v 0.132389 0.757185 2.189327
v 0.128231 0.818395 2.153156
v 0.133656 0.756633 2.188156
v 0.129972 0.818273 2.152670
v 0.135397 0.756510 2.187670
f 8550 8549 8553
f 8550 8553 8551
f 8551 8553 8554
f 8551 8554 8552
f 8553 8549 8555
f 8553 8555 8554
f 8554 8555 8556
f 8554 8556 8552
f 8555 8549 8557
f 8555 8557 8556
f 8556 8557 8558
f 8556 8558 8552
f 8557 8549 8559
f 8557 8559 8558
f 8558 8559 8560
f 8558 8560 8552
f 8559 8549 8561
f 8559 8561 8560
f 8560 8561 8562
f 8560 8562 8552
f 8561 8549 8563
f 8561 8563 8562
f 8562 8563 8564
f 8562 8564 8552
f 8563 8549 8565
f 8563 8565 8564
f 8564 8565 8566
f 8564 8566 8552
f 8565 8549 8567
f 8565 8567 8566
f 8566 8567 8568
f 8566 8568 8552
f 8567 8549 8569
f 8567 8569 8568
f 8568 8569 8570
f 8568 8570 8552
f 8569 8549 8571
f 8569 8571 8570
f 8570 8571 8572
f 8570 8572 8552
f 8571 8549 8573
f 8571 8573 8572
f 8572 8573 8574
f 8572 8574 8552
f 8573 8549 8550
f 8573 8550 8574
f 8574 8550 8551
f 8574 8551 8552
o Kytka_zapad_horni_list_2
v 0.098624 0.788011 2.205714
v 0.172226 0.788011 2.205714
v 0.098624 0.728465 2.205714
v 0.172226 0.728465 2.205714
v 0.135425 0.739837 2.238039
v 0.135425 0.776638 2.238039
v 0.135425 0.739837 2.173390
v 0.135425 0.776638 2.173390
v 0.194970 0.758238 2.185737
v 0.194970 0.758238 2.225692
v 0.075879 0.758238 2.185737
v 0.075879 0.758238 2.225692
v 0.135425 0.793238 2.205714
v 0.135425 0.723238 2.205714
v 0.113794 0.729922 2.224714
v 0.157056 0.729922 2.224714
v 0.113794 0.786553 2.224714
v 0.157056 0.786553 2.224714
v 0.135425 0.758238 2.243714
v 0.113794 0.729922 2.186714
v 0.157056 0.729922 2.186714
v 0.113794 0.786553 2.186714
v 0.157056 0.786553 2.186714
v 0.135425 0.758238 2.167714
v 0.192056 0.775738 2.193972
v 0.192056 0.740738 2.193972
v 0.170425 0.747422 2.174972
v 0.170425 0.769053 2.174972
v 0.192056 0.775738 2.217457
v 0.192056 0.740738 2.217457
v 0.170425 0.747422 2.236457
v 0.170425 0.769053 2.236457
v 0.205425 0.758238 2.205714
v 0.078794 0.775738 2.193972
v 0.078794 0.740738 2.193972
v 0.100425 0.747422 2.174972
v 0.100425 0.769053 2.174972
v 0.078794 0.775738 2.217457
v 0.078794 0.740738 2.217457
v 0.100425 0.747422 2.236457
v 0.100425 0.769053 2.236457
v 0.065425 0.758238 2.205714
f 8575 8612 8591
f 8612 8586 8615
f 8591 8615 8580
f 8612 8615 8591
f 8575 8591 8587
f 8591 8580 8592
f 8587 8592 8576
f 8591 8592 8587
f 8575 8587 8596
f 8587 8576 8597
f 8596 8597 8582
f 8587 8597 8596
f 8575 8596 8608
f 8596 8582 8611
f 8608 8611 8585
f 8596 8611 8608
f 8575 8608 8612
f 8608 8585 8616
f 8612 8616 8586
f 8608 8616 8612
f 8576 8592 8603
f 8592 8580 8606
f 8603 8606 8584
f 8592 8606 8603
f 8580 8615 8593
f 8615 8586 8614
f 8593 8614 8579
f 8615 8614 8593
f 8586 8616 8613
f 8616 8585 8609
f 8613 8609 8577
f 8616 8609 8613
f 8585 8611 8610
f 8611 8582 8598
f 8610 8598 8581
f 8611 8598 8610
f 8582 8597 8602
f 8597 8576 8599
f 8602 8599 8583
f 8597 8599 8602
f 8578 8604 8590
f 8604 8584 8605
f 8590 8605 8579
f 8604 8605 8590
f 8578 8590 8588
f 8590 8579 8589
f 8588 8589 8577
f 8590 8589 8588
f 8578 8588 8595
f 8588 8577 8594
f 8595 8594 8581
f 8588 8594 8595
f 8578 8595 8600
f 8595 8581 8601
f 8600 8601 8583
f 8595 8601 8600
f 8578 8600 8604
f 8600 8583 8607
f 8604 8607 8584
f 8600 8607 8604
f 8579 8605 8593
f 8605 8584 8606
f 8593 8606 8580
f 8605 8606 8593
f 8577 8589 8613
f 8589 8579 8614
f 8613 8614 8586
f 8589 8614 8613
f 8581 8594 8610
f 8594 8577 8609
f 8610 8609 8585
f 8594 8609 8610
f 8583 8601 8602
f 8601 8581 8598
f 8602 8598 8582
f 8601 8598 8602
f 8584 8607 8603
f 8607 8583 8599
f 8603 8599 8576
f 8607 8599 8603
o Kytka_zapad_horni_vetvicka_3
v 0.130000 0.820000 2.168571
v 0.131721 0.820777 2.165624
v 0.169438 0.869985 2.200624
v 0.167718 0.869207 2.203571
v 0.130281 0.821877 2.165630
v 0.167998 0.871084 2.200630
v 0.128765 0.822473 2.166425
v 0.166483 0.871681 2.201425
v 0.127581 0.822407 2.167794
v 0.165299 0.871615 2.202794
v 0.127045 0.821696 2.169372
v 0.164763 0.870903 2.204372
v 0.127300 0.820530 2.170735
v 0.165018 0.869738 2.205735
v 0.128279 0.819223 2.171519
v 0.165997 0.868430 2.206519
v 0.129719 0.818123 2.171512
v 0.167437 0.867331 2.206512
v 0.131235 0.817527 2.170718
v 0.168952 0.866734 2.205718
v 0.132419 0.817593 2.169349
v 0.170137 0.866800 2.204349
v 0.132955 0.818304 2.167771
v 0.170673 0.867511 2.202771
v 0.132700 0.819470 2.166408
v 0.170417 0.868677 2.201408
f 8618 8617 8621
f 8618 8621 8619
f 8619 8621 8622
f 8619 8622 8620
f 8621 8617 8623
f 8621 8623 8622
f 8622 8623 8624
f 8622 8624 8620
f 8623 8617 8625
f 8623 8625 8624
f 8624 8625 8626
f 8624 8626 8620
f 8625 8617 8627
f 8625 8627 8626
f 8626 8627 8628
f 8626 8628 8620
f 8627 8617 8629
f 8627 8629 8628
f 8628 8629 8630
f 8628 8630 8620
f 8629 8617 8631
f 8629 8631 8630
f 8630 8631 8632
f 8630 8632 8620
f 8631 8617 8633
f 8631 8633 8632
f 8632 8633 8634
f 8632 8634 8620
f 8633 8617 8635
f 8633 8635 8634
f 8634 8635 8636
f 8634 8636 8620
f 8635 8617 8637
f 8635 8637 8636
f 8636 8637 8638
f 8636 8638 8620
f 8637 8617 8639
f 8637 8639 8638
f 8638 8639 8640
f 8638 8640 8620
f 8639 8617 8641
f 8639 8641 8640
f 8640 8641 8642
f 8640 8642 8620
f 8641 8617 8618
f 8641 8618 8642
f 8642 8618 8619
f 8642 8619 8620
o Kytka_zapad_horni_list_3
v 0.130917 0.898980 2.218571
v 0.204519 0.898980 2.218571
v 0.130917 0.839435 2.218571
v 0.204519 0.839435 2.218571
v 0.167718 0.850807 2.250896
v 0.167718 0.887608 2.250896
v 0.167718 0.850807 2.186247
v 0.167718 0.887608 2.186247
v 0.227263 0.869207 2.198594
v 0.227263 0.869207 2.238549
v 0.108172 0.869207 2.198594
v 0.108172 0.869207 2.238549
v 0.167718 0.904207 2.218571
v 0.167718 0.834207 2.218571
v 0.146087 0.840892 2.237571
v 0.189349 0.840892 2.237571
v 0.146087 0.897523 2.237571
v 0.189349 0.897523 2.237571
v 0.167718 0.869207 2.256571
v 0.146087 0.840892 2.199571
v 0.189349 0.840892 2.199571
v 0.146087 0.897523 2.199571
v 0.189349 0.897523 2.199571
v 0.167718 0.869207 2.180571
v 0.224349 0.886707 2.206829
v 0.224349 0.851707 2.206829
v 0.202718 0.858392 2.187829
v 0.202718 0.880023 2.187829
v 0.224349 0.886707 2.230314
v 0.224349 0.851707 2.230314
v 0.202718 0.858392 2.249314
v 0.202718 0.880023 2.249314
v 0.237718 0.869207 2.218571
v 0.111087 0.886707 2.206829
v 0.111087 0.851707 2.206829
v 0.132718 0.858392 2.187829
v 0.132718 0.880023 2.187829
v 0.111087 0.886707 2.230314
v 0.111087 0.851707 2.230314
v 0.132718 0.858392 2.249314
v 0.132718 0.880023 2.249314
v 0.097718 0.869207 2.218571
f 8643 8680 8659
f 8680 8654 8683
f 8659 8683 8648
f 8680 8683 8659
f 8643 8659 8655
f 8659 8648 8660
f 8655 8660 8644
f 8659 8660 8655
f 8643 8655 8664
f 8655 8644 8665
f 8664 8665 8650
f 8655 8665 8664
f 8643 8664 8676
f 8664 8650 8679
f 8676 8679 8653
f 8664 8679 8676
f 8643 8676 8680
f 8676 8653 8684
f 8680 8684 8654
f 8676 8684 8680
f 8644 8660 8671
f 8660 8648 8674
f 8671 8674 8652
f 8660 8674 8671
f 8648 8683 8661
f 8683 8654 8682
f 8661 8682 8647
f 8683 8682 8661
f 8654 8684 8681
f 8684 8653 8677
f 8681 8677 8645
f 8684 8677 8681
f 8653 8679 8678
f 8679 8650 8666
f 8678 8666 8649
f 8679 8666 8678
f 8650 8665 8670
f 8665 8644 8667
f 8670 8667 8651
f 8665 8667 8670
f 8646 8672 8658
f 8672 8652 8673
f 8658 8673 8647
f 8672 8673 8658
f 8646 8658 8656
f 8658 8647 8657
f 8656 8657 8645
f 8658 8657 8656
f 8646 8656 8663
f 8656 8645 8662
f 8663 8662 8649
f 8656 8662 8663
f 8646 8663 8668
f 8663 8649 8669
f 8668 8669 8651
f 8663 8669 8668
f 8646 8668 8672
f 8668 8651 8675
f 8672 8675 8652
f 8668 8675 8672
f 8647 8673 8661
f 8673 8652 8674
f 8661 8674 8648
f 8673 8674 8661
f 8645 8657 8681
f 8657 8647 8682
f 8681 8682 8654
f 8657 8682 8681
f 8649 8662 8678
f 8662 8645 8677
f 8678 8677 8653
f 8662 8677 8678
f 8651 8669 8670
f 8669 8649 8666
f 8670 8666 8650
f 8669 8666 8670
f 8652 8675 8671
f 8675 8651 8667
f 8671 8667 8644
f 8675 8667 8671
o Kytka_zapad_horni_vetvicka_4
v 0.130000 0.820000 2.181429
v 0.131721 0.820141 2.184473
v 0.070670 0.809332 2.219473
v 0.068949 0.809192 2.216429
v 0.131224 0.821850 2.184136
v 0.070174 0.811042 2.219136
v 0.130400 0.823064 2.183073
v 0.069349 0.812256 2.218073
v 0.129469 0.823457 2.181569
v 0.068418 0.812648 2.216569
v 0.128680 0.822923 2.180028
v 0.067629 0.812115 2.215028
v 0.128244 0.821607 2.178862
v 0.067194 0.810798 2.213862
v 0.128279 0.819859 2.178384
v 0.067229 0.809051 2.213384
v 0.128776 0.818150 2.178722
v 0.067725 0.807342 2.213722
v 0.129600 0.816936 2.179784
v 0.068549 0.806128 2.214784
v 0.130531 0.816543 2.181288
v 0.069481 0.805735 2.216288
v 0.131320 0.817077 2.182829
v 0.070270 0.806269 2.217829
v 0.131756 0.818393 2.183995
v 0.070705 0.807585 2.218995
f 8686 8685 8689
f 8686 8689 8687
f 8687 8689 8690
f 8687 8690 8688
f 8689 8685 8691
f 8689 8691 8690
f 8690 8691 8692
f 8690 8692 8688
f 8691 8685 8693
f 8691 8693 8692
f 8692 8693 8694
f 8692 8694 8688
f 8693 8685 8695
f 8693 8695 8694
f 8694 8695 8696
f 8694 8696 8688
f 8695 8685 8697
f 8695 8697 8696
f 8696 8697 8698
f 8696 8698 8688
f 8697 8685 8699
f 8697 8699 8698
f 8698 8699 8700
f 8698 8700 8688
f 8699 8685 8701
f 8699 8701 8700
f 8700 8701 8702
f 8700 8702 8688
f 8701 8685 8703
f 8701 8703 8702
f 8702 8703 8704
f 8702 8704 8688
f 8703 8685 8705
f 8703 8705 8704
f 8704 8705 8706
f 8704 8706 8688
f 8705 8685 8707
f 8705 8707 8706
f 8706 8707 8708
f 8706 8708 8688
f 8707 8685 8709
f 8707 8709 8708
f 8708 8709 8710
f 8708 8710 8688
f 8709 8685 8686
f 8709 8686 8710
f 8710 8686 8687
f 8710 8687 8688
o Kytka_zapad_horni_list_4
v 0.032148 0.838965 2.231429
v 0.105751 0.838965 2.231429
v 0.032148 0.779419 2.231429
v 0.105751 0.779419 2.231429
v 0.068949 0.790791 2.263753
v 0.068949 0.827592 2.263753
v 0.068949 0.790791 2.199104
v 0.068949 0.827592 2.199104
v 0.128495 0.809192 2.211451
v 0.128495 0.809192 2.251406
v 0.009404 0.809192 2.211451
v 0.009404 0.809192 2.251406
v 0.068949 0.844192 2.231429
v 0.068949 0.774192 2.231429
v 0.047318 0.780876 2.250429
v 0.090581 0.780876 2.250429
v 0.047318 0.837507 2.250429
v 0.090581 0.837507 2.250429
v 0.068949 0.809192 2.269429
v 0.047318 0.780876 2.212429
v 0.090581 0.780876 2.212429
v 0.047318 0.837507 2.212429
v 0.090581 0.837507 2.212429
v 0.068949 0.809192 2.193429
v 0.125581 0.826692 2.219686
v 0.125581 0.791692 2.219686
v 0.103949 0.798376 2.200686
v 0.103949 0.820007 2.200686
v 0.125581 0.826692 2.243171
v 0.125581 0.791692 2.243171
v 0.103949 0.798376 2.262171
v 0.103949 0.820007 2.262171
v 0.138949 0.809192 2.231429
v 0.012318 0.826692 2.219686
v 0.012318 0.791692 2.219686
v 0.033949 0.798376 2.200686
v 0.033949 0.820007 2.200686
v 0.012318 0.826692 2.243171
v 0.012318 0.791692 2.243171
v 0.033949 0.798376 2.262171
v 0.033949 0.820007 2.262171
v -0.001051 0.809192 2.231429
f 8711 8748 8727
f 8748 8722 8751
f 8727 8751 8716
f 8748 8751 8727
f 8711 8727 8723
f 8727 8716 8728
f 8723 8728 8712
f 8727 8728 8723
f 8711 8723 8732
f 8723 8712 8733
f 8732 8733 8718
f 8723 8733 8732
f 8711 8732 8744
f 8732 8718 8747
f 8744 8747 8721
f 8732 8747 8744
f 8711 8744 8748
f 8744 8721 8752
f 8748 8752 8722
f 8744 8752 8748
f 8712 8728 8739
f 8728 8716 8742
f 8739 8742 8720
f 8728 8742 8739
f 8716 8751 8729
f 8751 8722 8750
f 8729 8750 8715
f 8751 8750 8729
f 8722 8752 8749
f 8752 8721 8745
f 8749 8745 8713
f 8752 8745 8749
f 8721 8747 8746
f 8747 8718 8734
f 8746 8734 8717
f 8747 8734 8746
f 8718 8733 8738
f 8733 8712 8735
f 8738 8735 8719
f 8733 8735 8738
f 8714 8740 8726
f 8740 8720 8741
f 8726 8741 8715
f 8740 8741 8726
f 8714 8726 8724
f 8726 8715 8725
f 8724 8725 8713
f 8726 8725 8724
f 8714 8724 8731
f 8724 8713 8730
f 8731 8730 8717
f 8724 8730 8731
f 8714 8731 8736
f 8731 8717 8737
f 8736 8737 8719
f 8731 8737 8736
f 8714 8736 8740
f 8736 8719 8743
f 8740 8743 8720
f 8736 8743 8740
f 8715 8741 8729
f 8741 8720 8742
f 8729 8742 8716
f 8741 8742 8729
f 8713 8725 8749
f 8725 8715 8750
f 8749 8750 8722
f 8725 8750 8749
f 8717 8730 8746
f 8730 8713 8745
f 8746 8745 8721
f 8730 8745 8746
f 8719 8737 8738
f 8737 8717 8734
f 8738 8734 8718
f 8737 8734 8738
f 8720 8743 8739
f 8743 8719 8735
f 8739 8735 8712
f 8743 8735 8739
o Kytka_zapad_horni_vetvicka_5
v 0.130000 0.820000 2.194286
v 0.131721 0.819537 2.191273
v 0.184040 0.786269 2.226273
v 0.182319 0.786732 2.229286
v 0.132308 0.821128 2.191909
v 0.184627 0.787861 2.226909
v 0.132277 0.822418 2.193181
v 0.184596 0.789150 2.228181
v 0.131635 0.823060 2.194749
v 0.183954 0.789792 2.229749
v 0.130556 0.822881 2.196193
v 0.182875 0.789614 2.231193
v 0.129328 0.821931 2.197126
v 0.181647 0.788664 2.232126
v 0.128279 0.820463 2.197298
v 0.180598 0.787196 2.232298
v 0.127692 0.818872 2.196663
v 0.180011 0.785604 2.231663
v 0.127723 0.817582 2.195391
v 0.180042 0.784315 2.230391
v 0.128365 0.816940 2.193822
v 0.180684 0.783673 2.228822
v 0.129444 0.817119 2.192378
v 0.181763 0.783851 2.227378
v 0.130672 0.818069 2.191445
v 0.182991 0.784801 2.226445
f 8754 8753 8757
f 8754 8757 8755
f 8755 8757 8758
f 8755 8758 8756
f 8757 8753 8759
f 8757 8759 8758
f 8758 8759 8760
f 8758 8760 8756
f 8759 8753 8761
f 8759 8761 8760
f 8760 8761 8762
f 8760 8762 8756
f 8761 8753 8763
f 8761 8763 8762
f 8762 8763 8764
f 8762 8764 8756
f 8763 8753 8765
f 8763 8765 8764
f 8764 8765 8766
f 8764 8766 8756
f 8765 8753 8767
f 8765 8767 8766
f 8766 8767 8768
f 8766 8768 8756
f 8767 8753 8769
f 8767 8769 8768
f 8768 8769 8770
f 8768 8770 8756
f 8769 8753 8771
f 8769 8771 8770
f 8770 8771 8772
f 8770 8772 8756
f 8771 8753 8773
f 8771 8773 8772
f 8772 8773 8774
f 8772 8774 8756
f 8773 8753 8775
f 8773 8775 8774
f 8774 8775 8776
f 8774 8776 8756
f 8775 8753 8777
f 8775 8777 8776
f 8776 8777 8778
f 8776 8778 8756
f 8777 8753 8754
f 8777 8754 8778
f 8778 8754 8755
f 8778 8755 8756
o Kytka_zapad_horni_list_5
v 0.145518 0.816505 2.244286
v 0.219120 0.816505 2.244286
v 0.145518 0.756960 2.244286
v 0.219120 0.756960 2.244286
v 0.182319 0.768332 2.276610
v 0.182319 0.805133 2.276610
v 0.182319 0.768332 2.211961
v 0.182319 0.805133 2.211961
v 0.241865 0.786732 2.224308
v 0.241865 0.786732 2.264263
v 0.122773 0.786732 2.224308
v 0.122773 0.786732 2.264263
v 0.182319 0.821732 2.244286
v 0.182319 0.751732 2.244286
v 0.160688 0.758417 2.263286
v 0.203950 0.758417 2.263286
v 0.160688 0.815048 2.263286
v 0.203950 0.815048 2.263286
v 0.182319 0.786732 2.282286
v 0.160688 0.758417 2.225286
v 0.203950 0.758417 2.225286
v 0.160688 0.815048 2.225286
v 0.203950 0.815048 2.225286
v 0.182319 0.786732 2.206286
v 0.238950 0.804232 2.232543
v 0.238950 0.769232 2.232543
v 0.217319 0.775917 2.213543
v 0.217319 0.797548 2.213543
v 0.238950 0.804232 2.256028
v 0.238950 0.769232 2.256028
v 0.217319 0.775917 2.275028
v 0.217319 0.797548 2.275028
v 0.252319 0.786732 2.244286
v 0.125688 0.804232 2.232543
v 0.125688 0.769232 2.232543
v 0.147319 0.775917 2.213543
v 0.147319 0.797548 2.213543
v 0.125688 0.804232 2.256028
v 0.125688 0.769232 2.256028
v 0.147319 0.775917 2.275028
v 0.147319 0.797548 2.275028
v 0.112319 0.786732 2.244286
f 8779 8816 8795
f 8816 8790 8819
f 8795 8819 8784
f 8816 8819 8795
f 8779 8795 8791
f 8795 8784 8796
f 8791 8796 8780
f 8795 8796 8791
f 8779 8791 8800
f 8791 8780 8801
f 8800 8801 8786
f 8791 8801 8800
f 8779 8800 8812
f 8800 8786 8815
f 8812 8815 8789
f 8800 8815 8812
f 8779 8812 8816
f 8812 8789 8820
f 8816 8820 8790
f 8812 8820 8816
f 8780 8796 8807
f 8796 8784 8810
f 8807 8810 8788
f 8796 8810 8807
f 8784 8819 8797
f 8819 8790 8818
f 8797 8818 8783
f 8819 8818 8797
f 8790 8820 8817
f 8820 8789 8813
f 8817 8813 8781
f 8820 8813 8817
f 8789 8815 8814
f 8815 8786 8802
f 8814 8802 8785
f 8815 8802 8814
f 8786 8801 8806
f 8801 8780 8803
f 8806 8803 8787
f 8801 8803 8806
f 8782 8808 8794
f 8808 8788 8809
f 8794 8809 8783
f 8808 8809 8794
f 8782 8794 8792
f 8794 8783 8793
f 8792 8793 8781
f 8794 8793 8792
f 8782 8792 8799
f 8792 8781 8798
f 8799 8798 8785
f 8792 8798 8799
f 8782 8799 8804
f 8799 8785 8805
f 8804 8805 8787
f 8799 8805 8804
f 8782 8804 8808
f 8804 8787 8811
f 8808 8811 8788
f 8804 8811 8808
f 8783 8809 8797
f 8809 8788 8810
f 8797 8810 8784
f 8809 8810 8797
f 8781 8793 8817
f 8793 8783 8818
f 8817 8818 8790
f 8793 8818 8817
f 8785 8798 8814
f 8798 8781 8813
f 8814 8813 8789
f 8798 8813 8814
f 8787 8805 8806
f 8805 8785 8802
f 8806 8802 8786
f 8805 8802 8806
f 8788 8811 8807
f 8811 8787 8803
f 8807 8803 8780
f 8811 8803 8807
o Kytka_zapad_horni_vetvicka_6
v 0.130000 0.820000 2.207143
v 0.131721 0.818820 2.209953
v 0.115612 0.878691 2.244953
v 0.113891 0.879871 2.242143
v 0.132962 0.819719 2.208987
v 0.116853 0.879590 2.243987
v 0.133409 0.820693 2.207526
v 0.117301 0.880564 2.242526
v 0.132943 0.821482 2.205963
v 0.116835 0.881352 2.240963
v 0.131689 0.821873 2.204716
v 0.115580 0.881744 2.239716
v 0.129982 0.821763 2.204119
v 0.113873 0.881633 2.239119
v 0.128279 0.821180 2.204333
v 0.112171 0.881051 2.239333
v 0.127038 0.820281 2.205299
v 0.110930 0.880152 2.240299
v 0.126591 0.819307 2.206760
v 0.110482 0.879178 2.241760
v 0.127057 0.818518 2.208323
v 0.110948 0.878389 2.243323
v 0.128311 0.818127 2.209570
v 0.112203 0.877998 2.244570
v 0.130018 0.818237 2.210167
v 0.113910 0.878108 2.245167
f 8822 8821 8825
f 8822 8825 8823
f 8823 8825 8826
f 8823 8826 8824
f 8825 8821 8827
f 8825 8827 8826
f 8826 8827 8828
f 8826 8828 8824
f 8827 8821 8829
f 8827 8829 8828
f 8828 8829 8830
f 8828 8830 8824
f 8829 8821 8831
f 8829 8831 8830
f 8830 8831 8832
f 8830 8832 8824
f 8831 8821 8833
f 8831 8833 8832
f 8832 8833 8834
f 8832 8834 8824
f 8833 8821 8835
f 8833 8835 8834
f 8834 8835 8836
f 8834 8836 8824
f 8835 8821 8837
f 8835 8837 8836
f 8836 8837 8838
f 8836 8838 8824
f 8837 8821 8839
f 8837 8839 8838
f 8838 8839 8840
f 8838 8840 8824
f 8839 8821 8841
f 8839 8841 8840
f 8840 8841 8842
f 8840 8842 8824
f 8841 8821 8843
f 8841 8843 8842
f 8842 8843 8844
f 8842 8844 8824
f 8843 8821 8845
f 8843 8845 8844
f 8844 8845 8846
f 8844 8846 8824
f 8845 8821 8822
f 8845 8822 8846
f 8846 8822 8823
f 8846 8823 8824
o Kytka_zapad_horni_list_6
v 0.077090 0.909644 2.257143
v 0.150693 0.909644 2.257143
v 0.077090 0.850098 2.257143
v 0.150693 0.850098 2.257143
v 0.113891 0.861470 2.289468
v 0.113891 0.898271 2.289468
v 0.113891 0.861470 2.224818
v 0.113891 0.898271 2.224818
v 0.173437 0.879871 2.237165
v 0.173437 0.879871 2.277121
v 0.054346 0.879871 2.237165
v 0.054346 0.879871 2.277121
v 0.113891 0.914871 2.257143
v 0.113891 0.844871 2.257143
v 0.092260 0.851555 2.276143
v 0.135523 0.851555 2.276143
v 0.092260 0.908186 2.276143
v 0.135523 0.908186 2.276143
v 0.113891 0.879871 2.295143
v 0.092260 0.851555 2.238143
v 0.135523 0.851555 2.238143
v 0.092260 0.908186 2.238143
v 0.135523 0.908186 2.238143
v 0.113891 0.879871 2.219143
v 0.170523 0.897371 2.245400
v 0.170523 0.862371 2.245400
v 0.148891 0.869055 2.226400
v 0.148891 0.890686 2.226400
v 0.170523 0.897371 2.268886
v 0.170523 0.862371 2.268886
v 0.148891 0.869055 2.287886
v 0.148891 0.890686 2.287886
v 0.183891 0.879871 2.257143
v 0.057260 0.897371 2.245400
v 0.057260 0.862371 2.245400
v 0.078891 0.869055 2.226400
v 0.078891 0.890686 2.226400
v 0.057260 0.897371 2.268886
v 0.057260 0.862371 2.268886
v 0.078891 0.869055 2.287886
v 0.078891 0.890686 2.287886
v 0.043891 0.879871 2.257143
f 8847 8884 8863
f 8884 8858 8887
f 8863 8887 8852
f 8884 8887 8863
f 8847 8863 8859
f 8863 8852 8864
f 8859 8864 8848
f 8863 8864 8859
f 8847 8859 8868
f 8859 8848 8869
f 8868 8869 8854
f 8859 8869 8868
f 8847 8868 8880
f 8868 8854 8883
f 8880 8883 8857
f 8868 8883 8880
f 8847 8880 8884
f 8880 8857 8888
f 8884 8888 8858
f 8880 8888 8884
f 8848 8864 8875
f 8864 8852 8878
f 8875 8878 8856
f 8864 8878 8875
f 8852 8887 8865
f 8887 8858 8886
f 8865 8886 8851
f 8887 8886 8865
f 8858 8888 8885
f 8888 8857 8881
f 8885 8881 8849
f 8888 8881 8885
f 8857 8883 8882
f 8883 8854 8870
f 8882 8870 8853
f 8883 8870 8882
f 8854 8869 8874
f 8869 8848 8871
f 8874 8871 8855
f 8869 8871 8874
f 8850 8876 8862
f 8876 8856 8877
f 8862 8877 8851
f 8876 8877 8862
f 8850 8862 8860
f 8862 8851 8861
f 8860 8861 8849
f 8862 8861 8860
f 8850 8860 8867
f 8860 8849 8866
f 8867 8866 8853
f 8860 8866 8867
f 8850 8867 8872
f 8867 8853 8873
f 8872 8873 8855
f 8867 8873 8872
f 8850 8872 8876
f 8872 8855 8879
f 8876 8879 8856
f 8872 8879 8876
f 8851 8877 8865
f 8877 8856 8878
f 8865 8878 8852
f 8877 8878 8865
f 8849 8861 8885
f 8861 8851 8886
f 8885 8886 8858
f 8861 8886 8885
f 8853 8866 8882
f 8866 8849 8881
f 8882 8881 8857
f 8866 8881 8882
f 8855 8873 8874
f 8873 8853 8870
f 8874 8870 8854
f 8873 8870 8874
f 8856 8879 8875
f 8879 8855 8871
f 8875 8871 8848
f 8879 8871 8875
o Knihy_zapad_0
v 0.045000 1.850000 1.520000
v 0.045000 1.850000 1.730000
v 0.045000 1.880000 1.520000
v 0.045000 1.880000 1.730000
v 0.200000 1.850000 1.520000
v 0.200000 1.850000 1.730000
v 0.200000 1.880000 1.520000
v 0.200000 1.880000 1.730000
f 8890 8892 8889
f 8893 8890 8889
f 8889 8892 8891
f 8891 8893 8889
f 8890 8896 8892
f 8894 8890 8893
f 8894 8896 8890
f 8892 8896 8891
f 8895 8893 8891
f 8891 8896 8895
f 8895 8894 8893
f 8896 8894 8895
o Knihy_zapad_1
v 0.045000 1.888000 1.520000
v 0.045000 1.888000 1.770000
v 0.045000 1.918000 1.520000
v 0.045000 1.918000 1.770000
v 0.200000 1.888000 1.520000
v 0.200000 1.888000 1.770000
v 0.200000 1.918000 1.520000
v 0.200000 1.918000 1.770000
f 8898 8900 8897
f 8901 8898 8897
f 8897 8900 8899
f 8899 8901 8897
f 8898 8904 8900
f 8902 8898 8901
f 8902 8904 8898
f 8900 8904 8899
f 8903 8901 8899
f 8899 8904 8903
f 8903 8902 8901
f 8904 8902 8903
o Knihy_zapad_2
v 0.045000 1.926000 1.520000
v 0.045000 1.926000 1.730000
v 0.045000 1.956000 1.520000
v 0.045000 1.956000 1.730000
v 0.200000 1.926000 1.520000
v 0.200000 1.926000 1.730000
v 0.200000 1.956000 1.520000
v 0.200000 1.956000 1.730000
f 8906 8908 8905
f 8909 8906 8905
f 8905 8908 8907
f 8907 8909 8905
f 8906 8912 8908
f 8910 8906 8909
f 8910 8912 8906
f 8908 8912 8907
f 8911 8909 8907
f 8907 8912 8911
f 8911 8910 8909
f 8912 8910 8911
o Knihy_zapad_3
v 0.045000 1.964000 1.520000
v 0.045000 1.964000 1.770000
v 0.045000 1.994000 1.520000
v 0.045000 1.994000 1.770000
v 0.200000 1.964000 1.520000
v 0.200000 1.964000 1.770000
v 0.200000 1.994000 1.520000
v 0.200000 1.994000 1.770000
f 8914 8916 8913
f 8917 8914 8913
f 8913 8916 8915
f 8915 8917 8913
f 8914 8920 8916
f 8918 8914 8917
f 8918 8920 8914
f 8916 8920 8915
f 8919 8917 8915
f 8915 8920 8919
f 8919 8918 8917
f 8920 8918 8919
o Obraz_zapad_vetsi_dubovy_ram
v 0.005000 1.820000 1.840000
v 0.005000 1.820000 2.270000
v 0.005000 2.410000 1.840000
v 0.005000 2.410000 2.270000
v 0.045000 1.820000 1.840000
v 0.045000 1.820000 2.270000
v 0.045000 2.410000 1.840000
v 0.045000 2.410000 2.270000
f 8922 8924 8921
f 8925 8922 8921
f 8921 8924 8923
f 8923 8925 8921
f 8922 8928 8924
f 8926 8922 8925
f 8926 8928 8922
f 8924 8928 8923
f 8927 8925 8923
f 8923 8928 8927
f 8927 8926 8925
f 8928 8926 8927
o Obraz_zapad_vetsi_pasparta
v 0.045000 1.838000 1.858000
v 0.045000 1.838000 2.252000
v 0.045000 2.392000 1.858000
v 0.045000 2.392000 2.252000
v 0.047000 1.838000 1.858000
v 0.047000 1.838000 2.252000
v 0.047000 2.392000 1.858000
v 0.047000 2.392000 2.252000
f 8930 8932 8929
f 8933 8930 8929
f 8929 8932 8931
f 8931 8933 8929
f 8930 8936 8932
f 8934 8930 8933
f 8934 8936 8930
f 8932 8936 8931
f 8935 8933 8931
f 8931 8936 8935
f 8935 8934 8933
f 8936 8934 8935
o Obraz_zapad_vetsi_barevna_plocha
v 0.047000 1.920300 1.904500
v 0.047000 1.920300 2.067900
v 0.047000 2.203500 1.904500
v 0.047000 2.203500 2.067900
v 0.048000 1.920300 1.904500
v 0.048000 1.920300 2.067900
v 0.048000 2.203500 1.904500
v 0.048000 2.203500 2.067900
f 8938 8940 8937
f 8941 8938 8937
f 8937 8940 8939
f 8939 8941 8937
f 8938 8944 8940
f 8942 8938 8941
f 8942 8944 8938
f 8940 8944 8939
f 8943 8941 8939
f 8939 8944 8943
f 8943 8942 8941
f 8944 8942 8943
o Obraz_zapad_vetsi_kruh
v 0.048000 2.179900 2.136700
v 0.048000 2.179900 2.030500
v 0.050000 2.179900 2.030500
v 0.050000 2.179900 2.136700
v 0.048000 2.203532 2.033163
v 0.050000 2.203532 2.033163
v 0.048000 2.225978 2.041017
v 0.050000 2.225978 2.041017
v 0.048000 2.246115 2.053669
v 0.050000 2.246115 2.053669
v 0.048000 2.262931 2.070485
v 0.050000 2.262931 2.070485
v 0.048000 2.275583 2.090622
v 0.050000 2.275583 2.090622
v 0.048000 2.283437 2.113068
v 0.050000 2.283437 2.113068
v 0.048000 2.286100 2.136700
v 0.050000 2.286100 2.136700
v 0.048000 2.283437 2.160332
v 0.050000 2.283437 2.160332
v 0.048000 2.275583 2.182778
v 0.050000 2.275583 2.182778
v 0.048000 2.262931 2.202915
v 0.050000 2.262931 2.202915
v 0.048000 2.246115 2.219731
v 0.050000 2.246115 2.219731
v 0.048000 2.225978 2.232383
v 0.050000 2.225978 2.232383
v 0.048000 2.203532 2.240237
v 0.050000 2.203532 2.240237
v 0.048000 2.179900 2.242900
v 0.050000 2.179900 2.242900
v 0.048000 2.156268 2.240237
v 0.050000 2.156268 2.240237
v 0.048000 2.133822 2.232383
v 0.050000 2.133822 2.232383
v 0.048000 2.113685 2.219731
v 0.050000 2.113685 2.219731
v 0.048000 2.096869 2.202915
v 0.050000 2.096869 2.202915
v 0.048000 2.084217 2.182778
v 0.050000 2.084217 2.182778
v 0.048000 2.076363 2.160332
v 0.050000 2.076363 2.160332
v 0.048000 2.073700 2.136700
v 0.050000 2.073700 2.136700
v 0.048000 2.076363 2.113068
v 0.050000 2.076363 2.113068
v 0.048000 2.084217 2.090622
v 0.050000 2.084217 2.090622
v 0.048000 2.096869 2.070485
v 0.050000 2.096869 2.070485
v 0.048000 2.113685 2.053669
v 0.050000 2.113685 2.053669
v 0.048000 2.133822 2.041017
v 0.050000 2.133822 2.041017
v 0.048000 2.156268 2.033163
v 0.050000 2.156268 2.033163
f 8946 8945 8949
f 8946 8949 8947
f 8947 8949 8950
f 8947 8950 8948
f 8949 8945 8951
f 8949 8951 8950
f 8950 8951 8952
f 8950 8952 8948
f 8951 8945 8953
f 8951 8953 8952
f 8952 8953 8954
f 8952 8954 8948
f 8953 8945 8955
f 8953 8955 8954
f 8954 8955 8956
f 8954 8956 8948
f 8955 8945 8957
f 8955 8957 8956
f 8956 8957 8958
f 8956 8958 8948
f 8957 8945 8959
f 8957 8959 8958
f 8958 8959 8960
f 8958 8960 8948
f 8959 8945 8961
f 8959 8961 8960
f 8960 8961 8962
f 8960 8962 8948
f 8961 8945 8963
f 8961 8963 8962
f 8962 8963 8964
f 8962 8964 8948
f 8963 8945 8965
f 8963 8965 8964
f 8964 8965 8966
f 8964 8966 8948
f 8965 8945 8967
f 8965 8967 8966
f 8966 8967 8968
f 8966 8968 8948
f 8967 8945 8969
f 8967 8969 8968
f 8968 8969 8970
f 8968 8970 8948
f 8969 8945 8971
f 8969 8971 8970
f 8970 8971 8972
f 8970 8972 8948
f 8971 8945 8973
f 8971 8973 8972
f 8972 8973 8974
f 8972 8974 8948
f 8973 8945 8975
f 8973 8975 8974
f 8974 8975 8976
f 8974 8976 8948
f 8975 8945 8977
f 8975 8977 8976
f 8976 8977 8978
f 8976 8978 8948
f 8977 8945 8979
f 8977 8979 8978
f 8978 8979 8980
f 8978 8980 8948
f 8979 8945 8981
f 8979 8981 8980
f 8980 8981 8982
f 8980 8982 8948
f 8981 8945 8983
f 8981 8983 8982
f 8982 8983 8984
f 8982 8984 8948
f 8983 8945 8985
f 8983 8985 8984
f 8984 8985 8986
f 8984 8986 8948
f 8985 8945 8987
f 8985 8987 8986
f 8986 8987 8988
f 8986 8988 8948
f 8987 8945 8989
f 8987 8989 8988
f 8988 8989 8990
f 8988 8990 8948
f 8989 8945 8991
f 8989 8991 8990
f 8990 8991 8992
f 8990 8992 8948
f 8991 8945 8993
f 8991 8993 8992
f 8992 8993 8994
f 8992 8994 8948
f 8993 8945 8995
f 8993 8995 8994
f 8994 8995 8996
f 8994 8996 8948
f 8995 8945 8997
f 8995 8997 8996
f 8996 8997 8998
f 8996 8998 8948
f 8997 8945 8999
f 8997 8999 8998
f 8998 8999 9000
f 8998 9000 8948
f 8999 8945 9001
f 8999 9001 9000
f 9000 9001 9002
f 9000 9002 8948
f 9001 8945 8946
f 9001 8946 9002
f 9002 8946 8947
f 9002 8947 8948
o Obraz_zapad_mensi_dubovy_ram
v 0.005000 0.990000 1.320000
v 0.005000 0.990000 1.780000
v 0.005000 1.380000 1.320000
v 0.005000 1.380000 1.780000
v 0.045000 0.990000 1.320000
v 0.045000 0.990000 1.780000
v 0.045000 1.380000 1.320000
v 0.045000 1.380000 1.780000
f 9004 9006 9003
f 9007 9004 9003
f 9003 9006 9005
f 9005 9007 9003
f 9004 9010 9006
f 9008 9004 9007
f 9008 9010 9004
f 9006 9010 9005
f 9009 9007 9005
f 9005 9010 9009
f 9009 9008 9007
f 9010 9008 9009
o Obraz_zapad_mensi_pasparta
v 0.045000 1.008000 1.338000
v 0.045000 1.008000 1.762000
v 0.045000 1.362000 1.338000
v 0.045000 1.362000 1.762000
v 0.047000 1.008000 1.338000
v 0.047000 1.008000 1.762000
v 0.047000 1.362000 1.338000
v 0.047000 1.362000 1.762000
f 9012 9014 9011
f 9015 9012 9011
f 9011 9014 9013
f 9013 9015 9011
f 9012 9018 9014
f 9016 9012 9015
f 9016 9018 9012
f 9014 9018 9013
f 9017 9015 9013
f 9013 9018 9017
f 9017 9016 9015
f 9018 9016 9017
o Obraz_zapad_mensi_barevna_plocha
v 0.047000 1.056300 1.389000
v 0.047000 1.056300 1.563800
v 0.047000 1.243500 1.389000
v 0.047000 1.243500 1.563800
v 0.048000 1.056300 1.389000
v 0.048000 1.056300 1.563800
v 0.048000 1.243500 1.389000
v 0.048000 1.243500 1.563800
f 9020 9022 9019
f 9023 9020 9019
f 9019 9022 9021
f 9021 9023 9019
f 9020 9026 9022
f 9024 9020 9023
f 9024 9026 9020
f 9022 9026 9021
f 9025 9023 9021
f 9021 9026 9025
f 9025 9024 9023
f 9026 9024 9025
o Obraz_zapad_mensi_kruh
v 0.048000 1.227900 1.637400
v 0.048000 1.227900 1.567200
v 0.050000 1.227900 1.567200
v 0.050000 1.227900 1.637400
v 0.048000 1.243521 1.568960
v 0.050000 1.243521 1.568960
v 0.048000 1.258359 1.574152
v 0.050000 1.258359 1.574152
v 0.048000 1.271669 1.582515
v 0.050000 1.271669 1.582515
v 0.048000 1.282785 1.593631
v 0.050000 1.282785 1.593631
v 0.048000 1.291148 1.606941
v 0.050000 1.291148 1.606941
v 0.048000 1.296340 1.621779
v 0.050000 1.296340 1.621779
v 0.048000 1.298100 1.637400
v 0.050000 1.298100 1.637400
v 0.048000 1.296340 1.653021
v 0.050000 1.296340 1.653021
v 0.048000 1.291148 1.667859
v 0.050000 1.291148 1.667859
v 0.048000 1.282785 1.681169
v 0.050000 1.282785 1.681169
v 0.048000 1.271669 1.692285
v 0.050000 1.271669 1.692285
v 0.048000 1.258359 1.700648
v 0.050000 1.258359 1.700648
v 0.048000 1.243521 1.705840
v 0.050000 1.243521 1.705840
v 0.048000 1.227900 1.707600
v 0.050000 1.227900 1.707600
v 0.048000 1.212279 1.705840
v 0.050000 1.212279 1.705840
v 0.048000 1.197441 1.700648
v 0.050000 1.197441 1.700648
v 0.048000 1.184131 1.692285
v 0.050000 1.184131 1.692285
v 0.048000 1.173015 1.681169
v 0.050000 1.173015 1.681169
v 0.048000 1.164652 1.667859
v 0.050000 1.164652 1.667859
v 0.048000 1.159460 1.653021
v 0.050000 1.159460 1.653021
v 0.048000 1.157700 1.637400
v 0.050000 1.157700 1.637400
v 0.048000 1.159460 1.621779
v 0.050000 1.159460 1.621779
v 0.048000 1.164652 1.606941
v 0.050000 1.164652 1.606941
v 0.048000 1.173015 1.593631
v 0.050000 1.173015 1.593631
v 0.048000 1.184131 1.582515
v 0.050000 1.184131 1.582515
v 0.048000 1.197441 1.574152
v 0.050000 1.197441 1.574152
v 0.048000 1.212279 1.568960
v 0.050000 1.212279 1.568960
f 9028 9027 9031
f 9028 9031 9029
f 9029 9031 9032
f 9029 9032 9030
f 9031 9027 9033
f 9031 9033 9032
f 9032 9033 9034
f 9032 9034 9030
f 9033 9027 9035
f 9033 9035 9034
f 9034 9035 9036
f 9034 9036 9030
f 9035 9027 9037
f 9035 9037 9036
f 9036 9037 9038
f 9036 9038 9030
f 9037 9027 9039
f 9037 9039 9038
f 9038 9039 9040
f 9038 9040 9030
f 9039 9027 9041
f 9039 9041 9040
f 9040 9041 9042
f 9040 9042 9030
f 9041 9027 9043
f 9041 9043 9042
f 9042 9043 9044
f 9042 9044 9030
f 9043 9027 9045
f 9043 9045 9044
f 9044 9045 9046
f 9044 9046 9030
f 9045 9027 9047
f 9045 9047 9046
f 9046 9047 9048
f 9046 9048 9030
f 9047 9027 9049
f 9047 9049 9048
f 9048 9049 9050
f 9048 9050 9030
f 9049 9027 9051
f 9049 9051 9050
f 9050 9051 9052
f 9050 9052 9030
f 9051 9027 9053
f 9051 9053 9052
f 9052 9053 9054
f 9052 9054 9030
f 9053 9027 9055
f 9053 9055 9054
f 9054 9055 9056
f 9054 9056 9030
f 9055 9027 9057
f 9055 9057 9056
f 9056 9057 9058
f 9056 9058 9030
f 9057 9027 9059
f 9057 9059 9058
f 9058 9059 9060
f 9058 9060 9030
f 9059 9027 9061
f 9059 9061 9060
f 9060 9061 9062
f 9060 9062 9030
f 9061 9027 9063
f 9061 9063 9062
f 9062 9063 9064
f 9062 9064 9030
f 9063 9027 9065
f 9063 9065 9064
f 9064 9065 9066
f 9064 9066 9030
f 9065 9027 9067
f 9065 9067 9066
f 9066 9067 9068
f 9066 9068 9030
f 9067 9027 9069
f 9067 9069 9068
f 9068 9069 9070
f 9068 9070 9030
f 9069 9027 9071
f 9069 9071 9070
f 9070 9071 9072
f 9070 9072 9030
f 9071 9027 9073
f 9071 9073 9072
f 9072 9073 9074
f 9072 9074 9030
f 9073 9027 9075
f 9073 9075 9074
f 9074 9075 9076
f 9074 9076 9030
f 9075 9027 9077
f 9075 9077 9076
f 9076 9077 9078
f 9076 9078 9030
f 9077 9027 9079
f 9077 9079 9078
f 9078 9079 9080
f 9078 9080 9030
f 9079 9027 9081
f 9079 9081 9080
f 9080 9081 9082
f 9080 9082 9030
f 9081 9027 9083
f 9081 9083 9082
f 9082 9083 9084
f 9082 9084 9030
f 9083 9027 9028
f 9083 9028 9084
f 9084 9028 9029
f 9084 9029 9030
